Date,Time,"Virtuální paměť obsazena [MB]","Dostupná virtuální paměť [MB]","Zatížení virtuální paměti [%]","Použitá fyzická paměť [MB]","Dostupná fyzická paměť [MB]","Zatížení fyzické paměti [%]","Zatížení stránkovacího souboru [%]","Core VIDs (avg) [V]","Core 0 VID [V]","Core 1 VID [V]","Core 2 VID [V]","Core 3 VID [V]","Core 4 VID [V]","Core 5 VID [V]","Core 6 VID [V]","Core 7 VID [V]","Takt jader (avg) [MHz]","Core 0 Takt (perf #1) [MHz]","Core 1 Takt (perf #4) [MHz]","Core 2 Takt (perf #2) [MHz]","Core 3 Takt (perf #5) [MHz]","Core 4 Takt (perf #1) [MHz]","Core 5 Takt (perf #3) [MHz]","Core 6 Takt (perf #6) [MHz]","Core 7 Takt (perf #7) [MHz]","Takt Sběrnice [MHz]","Efektivní Takty Jader (avg) [MHz]","Core 0 T0 Efektivní takt [MHz]","Core 0 T1 Efektivní takt [MHz]","Core 1 T0 Efektivní takt [MHz]","Core 1 T1 Efektivní takt [MHz]","Core 2 T0 Efektivní takt [MHz]","Core 2 T1 Efektivní takt [MHz]","Core 3 T0 Efektivní takt [MHz]","Core 3 T1 Efektivní takt [MHz]","Core 4 T0 Efektivní takt [MHz]","Core 4 T1 Efektivní takt [MHz]","Core 5 T0 Efektivní takt [MHz]","Core 5 T1 Efektivní takt [MHz]","Core 6 T0 Efektivní takt [MHz]","Core 6 T1 Efektivní takt [MHz]","Core 7 T0 Efektivní takt [MHz]","Core 7 T1 Efektivní takt [MHz]","Průměrný Efektivní Takt [MHz]","Vytížení Jádra (avg) [%]","Core 0 T0 Vytížení [%]","Core 0 T1 Vytížení [%]","Core 1 T0 Vytížení [%]","Core 1 T1 Vytížení [%]","Core 2 T0 Vytížení [%]","Core 2 T1 Vytížení [%]","Core 3 T0 Vytížení [%]","Core 3 T1 Vytížení [%]","Core 4 T0 Vytížení [%]","Core 4 T1 Vytížení [%]","Core 5 T0 Vytížení [%]","Core 5 T1 Vytížení [%]","Core 6 T0 Vytížení [%]","Core 6 T1 Vytížení [%]","Core 7 T0 Vytížení [%]","Core 7 T1 Vytížení [%]","Maximální vytížení CPU/vlákna [%]","Celkové vytížení CPU [%]","Využití jádra (avg) [%]","Core 0 T0 Využití [%]","Core 0 T1 Využití [%]","Core 1 T0 Využití [%]","Core 1 T1 Využití [%]","Core 2 T0 Využití [%]","Core 2 T1 Využití [%]","Core 3 T0 Využití [%]","Core 3 T1 Využití [%]","Core 4 T0 Využití [%]","Core 4 T1 Využití [%]","Core 5 T0 Využití [%]","Core 5 T1 Využití [%]","Core 6 T0 Využití [%]","Core 6 T1 Využití [%]","Core 7 T0 Využití [%]","Core 7 T1 Využití [%]","Celkové využití CPU [%]","Násobiče taktu jader (avg) [x]","Core 0 Násobitel [x]","Core 1 Násobitel [x]","Core 2 Násobitel [x]","Core 3 Násobitel [x]","Core 4 Násobitel [x]","Core 5 Násobitel [x]","Core 6 Násobitel [x]","Core 7 Násobitel [x]","Package C6 Obsazenost [%]","Core C0 Obsazenost (avg) [%]","Core 0 C0 Obsazenost [%]","Core 1 C0 Obsazenost [%]","Core 2 C0 Obsazenost [%]","Core 3 C0 Obsazenost [%]","Core 4 C0 Obsazenost [%]","Core 5 C0 Obsazenost [%]","Core 6 C0 Obsazenost [%]","Core 7 C0 Obsazenost [%]","Core C1 Obsazenost (avg) [%]","Core 0 C1 Obsazenost [%]","Core 1 C1 Obsazenost [%]","Core 2 C1 Obsazenost [%]","Core 3 C1 Obsazenost [%]","Core 4 C1 Obsazenost [%]","Core 5 C1 Obsazenost [%]","Core 6 C1 Obsazenost [%]","Core 7 C1 Obsazenost [%]","Core C6 Obsazenost (avg) [%]","Core 0 C6 Obsazenost [%]","Core 1 C6 Obsazenost [%]","Core 2 C6 Obsazenost [%]","Core 3 C6 Obsazenost [%]","Core 4 C6 Obsazenost [%]","Core 5 C6 Obsazenost [%]","Core 6 C6 Obsazenost [%]","Core 7 C6 Obsazenost [%]","Takt Paměti [MHz]","Násobič taktu paměti [x]","Tcas [T]","Trcd [T]","Trp [T]","Tras [T]","Trc [T]","Trfc [T]","Command Rate [T]","CPU (Tctl/Tdie) [°C]","Pouzdro CPU (průměr) [°C]","CPU CCD1 (Tdie) [°C]","Teploty jader (avg) [°C]","Core0 (CCD1) [°C]","Core1 (CCD1) [°C]","Core2 (CCD1) [°C]","Core3 (CCD1) [°C]","Core4 (CCD1) [°C]","Core5 (CCD1) [°C]","Core6 (CCD1) [°C]","Core7 (CCD1) [°C]","Teploty L3 (avg) [°C]","L3 Cache (CCD1) [°C]","CPU IOD Hotspot [°C]","CPU IOD Průměr [°C]","CPU VDDCR_VDD VRM (SVI3 TFN) [°C]","CPU VDDCR_SOC VRM (SVI3 TFN) [°C]","CPU VDD_MISC VRM (SVI3 TFN) [°C]","CPU VDDCR_VDD Napětí (SVI3 TFN) [V]","CPU VDDCR_SOC Napětí (SVI3 TFN) [V]","CPU VDD_MISC Napětí (SVI3 TFN) [V]","Proud jádra CPU (SVI3 TFN) [A]","Proud SoC (SVI3 TFN) [A]","CPU TDC [A]","CPU EDC [A]","Proud MISC (SVI3 TFN) [A]","Celková spotřeba CPU [W]","Spotřeba energie jader (avg) [W]","Core 0 Spotřeba energie [W]","Core 1 Spotřeba energie [W]","Core 2 Spotřeba energie [W]","Core 3 Spotřeba energie [W]","Core 4 Spotřeba energie [W]","Core 5 Spotřeba energie [W]","Core 6 Spotřeba energie [W]","Core 7 Spotřeba energie [W]","CPU Spotřeba energie jádra (SVI3 TFN) [W]","CPU SoC Spotřeba energie (SVI3 TFN) [W]","Core+SoC+MISC Spotřeba energie (SVI3 TFN) [W]","CPU PPT [W]","Infinity Fabric Takt (FCLK) [MHz]","Takt řadiče paměti (UCLK) [MHz]","L3 Takty (avg) [MHz]","L3 Cache (CCD1) [MHz]","Limit frekvence - Globální [MHz]","CPU PPT Limit [%]","Limit TDC CPU [%]","Limit EDC CPU [%]","CPU PPT FAST Limit [%]","Thermal Limit [%]","Tepelné škrcení (HTC) [Yes/No]","Tepelné škrcení (PROCHOT CPU) [Yes/No]","Tepelné škrcení (PROCHOT EXT) [Yes/No]","Šířka pásma čtení DRAM [GB/s]","Šířka pásma zápisu DRAM [GB/s]","Průměrný počet aktivních jader []","Základní deska [°C]","CPU Celok [°C]","CPU [°C]","Temp9 [°C]","Vcore [V]","+5V [V]","AVSB [V]","3VCC [V]","+12V [V]","VMISC [V]","CPU SOC [V]","3VSB [V]","VBAT [V]","VTT [V]","Čipová sada0 VDD [V]","Čipová sada1 VDD [V]","CHIPSET Standby [V]","CPU VDDIO / MC [V]","1,8V PLL [V]","VIN9 [V]","VHIF [V]","VIN11 [V]","VIN12 [V]","VIN13 [V]","VIN14 [V]","AUXTIN6 [V]","AUXTIN9 [V]","CPU [RPM]","Šasi 5 [RPM]","AIO Čerpadlo [RPM]","Čipová sada 1 (xHCI) [°C]","Čipová sada 2 (xHCI) [°C]","VRM [°C]","VRM SOC Teplota [°C]","Akumulovaná CPU Teplota [°C]","VRM Vcore Napětí (VOUT) [V]","VRM SOC Napětí (VOUT) [V]","Akumulovaná CPU Napětí [V]","VRM Vcore Proud (IOUT) [A]","VRM SOC Proud (IOUT) [A]","Akumulovaná CPU Proud [A]","VRM Vcore Spotřeba energie (POUT) [W]","VRM SOC Spotřeba energie (POUT) [W]","Akumulovaná CPU Spotřeba energie [W]","CPU Uptime [h]","Akumulovaná Energie CPU [kWh]","SPD Hub Teplota [°C]","VDD (SWA) Napětí [V]","VDDQ (SWB) Napětí [V]","VPP (SWC) Napětí [V]","1,8V VOUT Napětí [V]","1,0V VOUT Napětí [V]","VIN Napětí [V]","Celkový výkon [W]","PMIC Vysoká teplota [Yes/No]","PMIC Over Voltage [Yes/No]","PMIC Under Voltage [Yes/No]","SPD Hub Teplota [°C]","VDD (SWA) Napětí [V]","VDDQ (SWB) Napětí [V]","VPP (SWC) Napětí [V]","1,8V VOUT Napětí [V]","1,0V VOUT Napětí [V]","VIN Napětí [V]","Celkový výkon [W]","PMIC Vysoká teplota [Yes/No]","PMIC Over Voltage [Yes/No]","PMIC Under Voltage [Yes/No]","Teplota disku [°C]","Teplota disku 3 [°C]","Zbývající životnost disku [%]","Zbývající náhradní prostor disku [%]","Selhání disku [Yes/No]","Upozornění na disk [Yes/No]","Celkový počet zápisů hostitele [GB]","Celkový počet čtení hostitele [GB]","Aktivita Čtení [%]","Aktivita Psaní [%]","Celková aktivita [%]","Rychlost čtení [MB/s]","Rychlost zápisů [MB/s]","Přečteno celkem [MB]","Zápisy Celkem [MB]","Teplota GPU [°C]","Teplota paměti GPU [°C]","Teplota horkého bodu GPU [°C]","Napětí jádra GPU (VDDCR_GFX) [V]","GPU Ventilátor [RPM]","Takt GPU [MHz]","Takt Paměti GPU [MHz]","Využití GPU [%]","Využití GPU D3D [%]","Využití řadiče paměti GPU [%]","Využití GPU D3D (avg) [%]","GPU Computing (Compute 0) Vytížení [%]","GPU Ventilátor PWM [%]","Vyhrazená paměť GPU D3D [MB]","Dynamická paměť GPU D3D [MB]","Rychlost připojení PCIe [GT/s]","Využití paměti GPU [MB]","Snímková frekvence [FPS]","Teplota GPU [°C]","Napětí jádra GPU (VDDCR_GFX) [V]","GPU Spotřeba energie jádra (VDDCR_GFX) [W]","GPU SoC Spotřeba energie (VDDCR_SOC) [W]","GPU ASIC Spotřeba energie [W]","Takt GPU [MHz]","Takt Paměti GPU [MHz]","GPU SoC Takt [MHz]","GPU VCN Takt [MHz]","Využití GPU [%]","Využití GPU D3D [%]","Využití GPU D3D (avg) [%]","GPU Video Decode 0 Vytížení [%]","GPU Video Decode 1 Vytížení [%]","GPU Computing (Compute 0) Vytížení [%]","GPU Computing (Compute 1) Vytížení [%]","GPU Computing (High Priority Compute) Vytížení [%]","Vyhrazená paměť GPU D3D [MB]","Dynamická paměť GPU D3D [MB]","Rychlost připojení PCIe [GT/s]","Využití paměti GPU [MB]","Důvod omezení - Spotřeba energie [Yes/No]","Důvod škrcení - Tepelný [Yes/No]","Důvod omezení - Proud [Yes/No]","Snímková frekvence (Presented) [FPS]","Snímková frekvence (Displayed) [FPS]","Čas snímku [ms]","GPU Busy [ms]","GPU Wait [ms]","CPU Busy [ms]","CPU Wait [ms]","Celkem staženo [MB]","Celkem odoslaných [MB]","Aktuální rychlost stahování [KB/s]","Aktuální rychlost odosílaní [KB/s]","Celkem staženo [MB]","Celkem odoslaných [MB]","Aktuální rychlost stahování [KB/s]","Aktuální rychlost odosílaní [KB/s]","Celkem staženo [MB]","Celkem odoslaných [MB]","Aktuální rychlost stahování [KB/s]","Aktuální rychlost odosílaní [KB/s]","Celkem staženo [MB]","Celkem odoslaných [MB]","Aktuální rychlost stahování [KB/s]","Aktuální rychlost odosílaní [KB/s]","Celkový počet chyb []","Takt GPU (Efektivní) [MHz]",
20.5.2026,12:36:5.869,33886,9272,78.5,19226,12669,60.2,0.7,1.145,1.145,1.145,1.145,1.145,1.145,1.145,1.145,1.145,4571.9,5225.0,2612.5,5225.0,2612.5,5225.0,5225.0,5225.0,5225.0,100.0,978.6,4403.6,937.5,581.7,438.4,1171.5,1157.6,322.7,322.5,2176.8,1800.4,849.6,808.0,159.2,254.3,116.1,157.8,978.6,17.2,72.2,16.6,10.5,7.9,20.3,20.1,5.9,6.1,40.0,32.8,14.8,14.1,3.7,4.9,2.1,3.0,72.2,17.2,19.5,80.9,19.1,11.7,8.8,23.9,23.7,6.5,6.4,45.7,37.7,17.1,16.4,3.1,5.1,2.3,3.0,19.5,45.7,52.2,26.1,52.2,26.1,52.2,52.2,52.2,52.2,0.0,32.9,84.1,18.6,37.7,12.8,66.9,27.8,8.8,6.2,58.1,15.9,78.1,62.3,72.4,33.1,72.2,67.0,63.8,9.0,0.0,3.2,0.0,14.8,0.0,0.0,24.2,30.1,3000.0,30.00,30,40,40,76,116,884,1,50.1,48.2,46.6,36.9,41.5,34.7,40.3,34.3,40.6,35.5,35.7,32.8,35.3,35.3,47.8,40.3,42.4,43.0,58.0,1.151,1.250,1.100,18.161,13.678,18.159,73.000,7.280,52.429,2.176,4.189,1.587,2.806,1.180,3.865,2.168,0.908,0.707,20.970,17.097,46.076,52.444,2000.0,3000.0,5242.0,5242.0,5250.0,32.4,15.1,40.6,32.4,50.8,Ne,Ne,Ne,3.349,1.240,2.6,29,50,39,26,1.146,5.040,3.408,3.328,12.288,1.101,1.243,3.408,3.280,3.328,1.056,1.056,1.048,1.359,1.814,0.944,3.344,0.064,0.048,0.048,0.048,1.016,1.016,1102,919,2727,51.0,57.4,42,43,22489878,1.148,1.238,605008,23,13,7360450,28,17,6779108,182.5,1.9,41.0,1.365,1.365,1.800,1.800,1.005,5.110,1.000,Ne,Ne,Ne,38.8,1.365,1.365,1.800,1.815,1.005,5.110,0.750,Ne,Ne,Ne,62,78,99.0,100.0,Ne,Ne,30663,54281,1.2,2.3,3.5,4.276,0.335,73283,221171,52.0,58.0,54.0,0.625,1145,36.0,2238.0,2.0,20.7,0.0,0.5,0.5,21.0,11027,947,32.0,327500,0.0,41.8,0.725,22.000,17.000,54.000,600.0,3000.0,1200.0,100.0,0.0,0.0,0.0,0.0,0.0,0.0,0.0,0.0,0,0,16.0,246,Ne,Ne,Ne,157.8,144.2,6.34,0.62,0.02,6.07,0.27,0,0,0.0,0.0,0,0,0.0,0.0,0,0,0.0,0.0,156871,4515,0.1,0.1,0,0.0,
20.5.2026,12:36:7.872,33872,9287,78.4,19247,12648,60.3,0.7,1.166,1.175,1.165,1.165,1.165,1.165,1.165,1.165,1.165,5225.0,5225.0,5225.0,5225.0,5225.0,5225.0,5225.0,5225.0,5225.0,100.0,973.7,4170.4,1044.5,804.2,692.5,850.6,949.0,414.9,486.3,1087.6,2464.1,930.8,923.9,195.8,243.4,141.5,179.9,973.7,17.8,65.8,19.2,15.6,13.7,15.4,17.4,8.4,10.2,20.1,46.6,16.9,17.2,4.5,5.6,3.5,4.3,65.8,17.8,19.2,73.5,21.4,16.4,14.0,17.2,19.5,8.4,9.8,22.5,52.0,18.8,18.9,3.9,4.8,2.8,3.5,19.2,52.2,52.2,52.2,52.2,52.2,52.2,52.2,52.2,52.2,0.0,32.9,79.6,25.2,31.9,16.5,63.7,29.8,9.3,6.9,60.8,20.4,74.7,68.1,79.9,36.3,70.2,70.6,66.0,6.4,0.0,0.1,0.0,3.6,0.0,0.0,20.1,27.1,3000.0,30.00,30,40,40,76,116,884,1,49.9,48.4,46.2,37.3,41.6,35.7,39.8,35.2,40.7,36.2,36.1,33.2,35.6,35.6,47.8,40.2,42.4,43.0,58.0,1.153,1.250,1.100,18.531,13.687,18.508,58.500,7.281,52.907,2.223,4.136,1.985,2.453,1.489,3.689,2.337,0.940,0.753,21.415,17.109,46.534,52.907,2000.0,3000.0,5241.8,5241.8,5250.0,32.7,15.4,32.5,32.7,50.9,Ne,Ne,Ne,3.696,1.555,2.6,29,49,39,26,1.154,5.040,3.408,3.328,12.288,1.101,1.243,3.408,3.280,3.328,1.056,1.056,1.048,1.359,1.814,0.944,3.344,0.064,0.048,0.048,0.048,1.016,1.016,1097,909,2743,51.0,57.4,43,43,22489956,1.148,1.238,605010,14,13,7360478,16,16,6779139,182.5,1.9,41.0,1.365,1.365,1.800,1.815,1.005,5.110,1.000,Ne,Ne,Ne,38.8,1.365,1.365,1.800,1.815,1.005,5.110,0.625,Ne,Ne,Ne,62,78,99.0,100.0,Ne,Ne,30663,54281,1.1,2.1,3.3,8.386,0.555,73299,221172,51.0,57.0,54.0,0.859,1150,2380.0,2238.0,35.0,21.0,4.0,0.3,0.3,20.0,11007,947,32.0,327500,0.0,41.9,0.725,11.000,16.000,42.000,600.0,3000.0,1200.0,100.0,0.0,0.0,0.0,0.0,0.0,0.0,0.0,0.0,0,0,16.0,246,Ne,Ne,Ne,141.4,141.4,7.07,0.28,6.79,7.07,0.00,0,0,0.0,0.0,0,0,0.0,0.0,0,0,0.0,0.0,156871,4515,0.2,1.6,0,0.0,
20.5.2026,12:36:9.871,33853,9306,78.4,19228,12667,60.2,0.7,1.163,1.165,1.160,1.160,1.160,1.160,1.165,1.165,1.165,4898.4,5225.0,5225.0,5225.0,5225.0,5225.0,5225.0,2612.5,5225.0,100.0,986.0,4416.1,600.1,927.4,675.3,872.9,922.7,566.1,749.3,3042.1,691.9,804.2,548.4,292.6,337.7,134.8,195.0,986.0,17.9,79.0,9.9,16.9,12.5,15.2,16.4,10.5,15.0,57.2,11.8,14.4,9.5,5.6,6.5,2.3,3.8,79.0,17.9,20.1,88.4,11.9,18.9,13.6,17.8,19.0,11.5,15.3,64.3,14.1,16.5,11.1,5.9,6.8,2.5,3.8,20.1,49.0,52.2,52.2,52.2,52.2,52.2,52.2,26.1,52.2,0.0,34.7,84.3,27.6,31.5,23.6,66.5,24.3,12.6,7.2,60.6,15.7,72.4,68.5,76.4,33.5,75.7,74.5,68.3,4.7,0.0,0.0,0.0,0.0,0.0,0.0,12.9,24.5,3000.0,30.00,30,40,40,76,116,884,1,51.5,49.3,43.1,37.8,42.1,36.2,40.1,35.9,42.2,35.6,36.8,33.3,35.9,35.9,48.0,40.3,42.4,43.0,58.0,1.155,1.250,1.100,19.546,13.730,19.548,68.000,7.282,54.213,2.343,4.254,2.156,2.390,1.890,4.027,1.981,1.226,0.819,22.618,17.163,47.790,54.227,2000.0,3000.0,5241.3,5241.3,5250.0,33.5,16.3,37.8,33.5,51.9,Ne,Ne,Ne,4.052,2.053,2.8,29,51,40,26,1.154,5.040,3.408,3.328,12.288,1.101,1.243,3.408,3.280,3.328,1.056,1.056,1.048,1.359,1.814,0.944,3.344,0.064,0.048,0.048,0.048,1.016,1.016,1090,915,2749,51.0,57.4,42,43,22490034,1.164,1.238,605012,11,13,7360500,47,17,6779164,182.5,1.9,41.0,1.365,1.365,1.800,1.815,1.005,5.110,1.375,Ne,Ne,Ne,38.8,1.365,1.365,1.800,1.815,1.005,5.110,1.000,Ne,Ne,Ne,62,78,99.0,100.0,Ne,Ne,30663,54281,24.5,1.9,26.4,59.830,1.119,73413,221174,51.0,56.0,54.0,0.867,1134,2443.0,2238.0,39.0,21.3,4.0,0.4,0.4,20.0,11007,947,32.0,327500,0.0,42.0,0.725,30.000,17.000,63.000,600.0,3000.0,1200.0,100.0,0.0,0.0,0.0,0.0,0.0,0.0,0.0,0.0,0,0,16.0,246,Ne,Ne,Ne,143.9,143.9,6.95,0.26,6.69,6.95,0.00,0,0,0.0,0.0,0,0,0.0,0.0,0,0,0.0,0.0,156871,4515,0.1,0.1,0,0.0,
20.5.2026,12:36:11.868,33796,9362,78.3,19222,12673,60.2,0.7,1.151,1.155,1.140,1.140,1.155,1.155,1.155,1.155,1.155,4898.4,5225.0,5225.0,5225.0,5225.0,5225.0,5225.0,5225.0,2612.5,100.0,875.7,4670.5,1159.1,810.6,658.7,666.8,870.3,469.3,643.6,1391.5,1154.6,495.0,415.1,161.4,226.5,85.5,132.9,875.7,15.7,73.8,21.3,15.3,13.1,11.8,15.8,9.1,13.5,25.5,21.3,8.9,7.6,3.5,5.0,2.1,3.2,73.8,15.7,17.0,82.5,23.9,16.5,13.3,13.4,17.7,9.4,13.1,28.8,24.1,9.7,8.3,3.2,4.4,1.7,2.5,17.0,49.0,52.2,52.2,52.2,52.2,52.2,52.2,52.2,26.1,0.0,29.8,89.1,25.7,27.3,20.1,45.3,16.8,8.3,5.5,63.6,10.9,74.3,72.7,79.9,54.7,83.2,69.2,63.5,6.7,0.0,0.0,0.0,0.0,0.0,0.0,22.5,31.0,3000.0,30.00,30,40,40,76,116,884,1,50.6,48.3,48.9,36.6,41.8,35.7,39.0,35.1,38.7,34.5,35.7,32.7,35.5,35.5,48.2,40.4,42.0,43.0,58.0,1.152,1.250,1.100,17.038,13.629,17.038,48.250,7.288,51.061,1.998,4.311,1.981,2.157,1.679,2.794,1.559,0.872,0.630,19.656,17.037,44.709,51.072,2000.0,3000.0,5242.6,5242.6,5250.0,31.5,14.2,26.8,31.5,50.9,Ne,Ne,Ne,3.205,1.250,2.4,29,50,39,26,1.163,5.040,3.408,3.328,12.288,1.101,1.243,3.408,3.280,3.328,1.056,1.056,1.048,1.359,1.814,0.944,3.344,0.064,0.048,0.048,0.048,1.016,1.016,1103,925,2721,51.0,57.4,42,43,22490114,1.167,1.238,605015,15,14,7360530,6,16,6779197,182.5,1.9,41.0,1.365,1.365,1.800,1.815,1.005,5.110,0.750,Ne,Ne,Ne,38.5,1.365,1.365,1.800,1.815,1.005,5.110,0.625,Ne,Ne,Ne,62,78,99.0,100.0,Ne,Ne,30663,54281,1.0,0.3,1.3,4.651,0.083,73422,221174,50.0,56.0,53.0,0.863,1128,2417.0,2238.0,39.0,20.9,4.0,0.4,0.4,20.0,10998,905,32.0,327500,0.0,41.9,0.725,31.000,17.000,63.000,600.0,3000.0,1200.0,100.0,0.0,0.0,0.0,0.0,0.0,0.0,0.0,0.0,0,0,16.0,246,Ne,Ne,Ne,144.0,144.0,6.94,0.25,6.70,6.94,0.00,0,0,0.0,0.0,0,0,0.0,0.0,0,0,0.0,0.0,156871,4515,0.0,0.0,0,0.0,
20.5.2026,12:36:13.872,33795,9364,78.3,19226,12669,60.2,0.7,1.138,1.140,1.135,1.135,1.135,1.135,1.135,1.145,1.145,4898.4,5225.0,5225.0,5225.0,5225.0,5225.0,5225.0,5225.0,2612.5,100.0,896.3,4699.5,1326.1,747.9,701.4,437.5,1079.2,423.0,670.7,749.6,1980.1,312.0,605.4,144.7,236.0,85.9,142.0,896.3,15.4,69.5,24.1,13.9,13.6,7.2,19.5,7.7,13.8,13.2,36.8,5.4,11.0,2.8,4.7,0.8,2.9,69.5,15.4,17.2,77.8,27.5,15.2,14.2,8.7,22.4,8.5,13.7,15.5,41.5,6.3,12.3,2.8,4.6,1.7,2.8,17.2,49.0,52.2,52.2,52.2,52.2,52.2,52.2,52.2,26.1,0.0,30.3,89.6,25.5,27.4,20.0,48.7,17.6,8.2,5.5,63.4,10.4,74.5,72.6,80.0,51.3,82.4,71.6,64.7,6.2,0.0,0.0,0.0,0.0,0.0,0.0,20.2,29.8,3000.0,30.00,30,40,40,76,116,884,1,50.2,48.6,41.0,36.8,42.6,35.6,39.2,35.0,39.1,34.5,35.7,32.7,35.6,35.6,48.2,40.3,42.0,43.0,58.0,1.152,1.250,1.100,17.609,13.670,17.631,50.250,7.291,51.818,2.057,4.636,1.974,2.151,1.628,2.975,1.581,0.864,0.644,20.316,17.087,45.423,51.802,2000.0,3000.0,5242.6,5242.6,5250.0,32.0,14.7,27.9,32.0,51.1,Ne,Ne,Ne,3.077,1.172,2.4,29,50,39,26,1.146,5.040,3.408,3.328,12.288,1.101,1.243,3.408,3.280,3.328,1.056,1.056,1.048,1.368,1.814,0.944,3.344,0.064,0.048,0.048,0.048,1.016,1.016,1102,885,2749,51.0,57.4,42,43,22490192,1.160,1.238,605017,14,13,7360558,14,16,6779228,182.5,1.9,41.0,1.365,1.365,1.800,1.815,1.005,5.110,0.625,Ne,Ne,Ne,38.5,1.365,1.380,1.800,1.815,1.005,5.110,0.625,Ne,Ne,Ne,61,78,99.0,100.0,Ne,Ne,30663,54281,9.6,0.3,9.9,13.767,0.410,73449,221175,49.0,56.0,52.0,0.863,1124,2413.0,2238.0,37.0,21.3,5.0,0.4,0.4,20.0,10998,937,32.0,327500,0.0,41.9,0.725,28.000,16.000,59.000,600.0,3000.0,1200.0,100.0,0.0,0.0,0.0,0.0,0.0,0.0,0.0,0.0,0,0,16.0,246,Ne,Ne,Ne,144.1,144.0,6.94,0.62,0.01,6.69,0.25,0,0,0.0,0.0,0,0,0.0,0.0,0,0,0.0,0.0,156871,4515,0.1,0.1,0,0.0,
20.5.2026,12:36:15.871,33834,9324,78.3,19282,12613,60.4,0.7,1.146,1.145,1.145,1.145,1.145,1.145,1.145,1.145,1.150,4571.9,5225.0,5225.0,5225.0,5225.0,5225.0,5225.0,2612.5,2612.5,100.0,960.2,3990.8,1735.3,696.6,737.2,482.3,1299.8,390.5,619.4,1021.8,2752.4,396.1,600.4,125.8,283.4,65.3,166.3,960.2,16.4,48.2,32.3,13.2,14.3,8.3,23.7,7.5,12.7,18.8,52.1,7.0,11.1,1.9,6.0,1.5,3.1,52.1,16.4,18.0,54.1,36.2,14.2,15.0,9.6,26.8,7.8,12.6,21.2,58.3,7.9,12.1,2.5,5.6,1.2,3.2,18.0,45.7,52.2,52.2,52.2,52.2,52.2,52.2,26.1,26.1,0.0,31.6,76.2,24.9,31.3,18.5,68.7,18.5,8.8,5.7,62.1,23.8,75.1,68.7,80.3,31.3,81.5,71.7,64.6,6.3,0.0,0.0,0.0,1.2,0.0,0.0,19.6,29.8,3000.0,30.00,30,40,40,76,116,884,1,50.4,48.6,45.4,36.9,41.9,35.5,39.6,34.9,40.1,34.6,35.8,32.7,35.4,35.4,48.0,40.2,42.0,43.0,58.0,1.152,1.250,1.100,18.212,13.700,18.204,52.500,7.319,52.541,2.122,4.331,1.952,2.425,1.545,3.528,1.619,0.925,0.651,21.019,17.125,46.195,52.546,2000.0,3000.0,5242.3,5242.3,5250.0,32.4,15.2,29.2,32.4,51.1,Ne,Ne,Ne,3.196,1.216,2.5,29,50,38,26,1.154,5.040,3.408,3.328,12.288,1.101,1.243,3.392,3.280,3.328,1.072,1.056,1.048,1.368,1.814,0.944,3.344,0.064,0.048,0.048,0.048,1.016,1.016,1093,868,2721,51.0,57.4,42,43,22490270,1.160,1.238,605019,37,14,7360630,28,17,6779300,182.5,1.9,41.0,1.365,1.380,1.800,1.815,1.005,5.110,0.625,Ne,Ne,Ne,38.5,1.365,1.380,1.815,1.815,1.005,5.110,0.625,Ne,Ne,Ne,61,78,99.0,100.0,Ne,Ne,30663,54281,0.8,0.3,1.1,4.170,0.024,73457,221175,49.0,56.0,52.0,0.856,1122,2362.0,2238.0,42.0,21.6,4.0,0.5,0.5,20.0,10998,937,32.0,327500,0.0,41.9,0.725,29.000,17.000,61.000,600.0,3000.0,1200.0,100.0,0.0,0.0,0.0,0.0,0.0,0.0,0.0,0.0,0,0,16.0,246,Ne,Ne,Ne,144.0,144.0,6.94,0.29,6.65,6.94,0.00,0,0,0.0,0.0,0,0,0.0,0.0,0,0,0.0,0.0,156871,4515,0.6,0.5,0,0.0,
20.5.2026,12:36:17.868,33803,9355,78.3,19406,12489,60.8,0.7,1.174,1.170,1.175,1.175,1.175,1.175,1.175,1.175,1.175,5153.6,5225.0,5225.0,5225.0,5225.0,5225.0,5225.0,5225.0,4653.5,100.0,1687.2,4642.3,1572.1,1425.3,1395.7,1861.4,2075.2,1093.5,1261.4,2797.5,1861.4,1436.8,1543.4,939.4,1051.1,971.6,1066.5,1687.2,30.4,78.1,28.6,25.7,25.2,33.3,37.3,19.7,23.1,52.0,34.2,25.7,27.9,17.6,19.5,18.2,19.9,78.1,30.4,34.5,87.7,32.6,29.5,28.8,38.6,43.1,22.6,26.1,59.0,39.0,29.7,32.0,19.5,21.8,20.1,21.9,34.5,51.5,52.2,52.2,52.2,52.2,52.2,52.2,52.2,46.5,0.0,48.2,88.6,40.3,56.7,32.7,71.1,42.6,27.2,26.0,45.6,11.4,58.0,43.3,57.3,28.9,57.4,54.9,53.3,6.3,0.0,1.7,0.0,10.0,0.0,0.0,17.9,20.7,3000.0,30.00,30,40,40,76,116,884,1,52.4,49.8,51.5,40.7,44.7,38.9,44.2,38.7,43.4,39.2,39.5,37.0,37.1,37.1,48.8,40.8,42.3,43.0,58.0,1.163,1.250,1.100,28.359,14.019,28.337,80.500,7.328,65.338,3.349,5.087,3.093,4.028,2.605,4.355,3.148,2.247,2.227,33.174,17.524,58.759,65.325,2000.0,3000.0,5238.3,5238.3,5250.0,40.3,23.6,44.7,40.3,52.4,Ne,Ne,Ne,6.273,3.049,3.9,29,52,39,26,1.172,5.040,3.408,3.328,12.288,1.101,1.243,3.408,3.280,3.328,1.056,1.056,1.048,1.359,1.814,0.944,3.344,0.064,0.048,0.048,0.048,1.016,1.016,1095,880,2727,51.0,57.4,42,43,22490348,1.148,1.238,605021,40,14,7360704,14,16,6779373,182.5,1.9,41.0,1.365,1.380,1.815,1.800,1.005,5.110,1.500,Ne,Ne,Ne,38.5,1.365,1.380,1.815,1.800,1.005,5.110,0.750,Ne,Ne,Ne,60,78,99.0,100.0,Ne,Ne,30663,54281,100.0,47.7,100.0,28.796,0.130,73512,221176,48.0,55.0,50.0,0.722,1120,1682.0,2197.0,69.0,32.8,6.0,0.6,0.6,20.0,10911,898,32.0,328634,0.0,42.0,0.725,49.000,17.000,81.000,600.0,3000.0,1200.0,100.0,0.0,0.0,0.0,0.0,0.0,0.0,0.0,0.0,0,0,16.0,246,Ne,Ne,Ne,141.7,144.0,7.06,0.56,0.01,6.80,0.25,0,0,0.0,0.0,0,0,0.0,0.0,0,0,0.0,0.0,156871,4515,0.4,0.1,0,0.0,
20.5.2026,12:36:19.872,33950,9209,78.6,19317,12578,60.5,0.7,1.170,1.175,1.165,1.170,1.170,1.170,1.170,1.170,1.170,5225.0,5225.0,5225.0,5225.0,5225.0,5225.0,5225.0,5225.0,5225.0,100.0,1476.3,4763.0,2104.0,822.5,1263.5,1233.9,2367.5,523.9,986.1,2050.6,2546.5,1017.6,1825.3,410.7,778.7,343.9,583.6,1476.3,24.7,65.8,38.3,13.6,21.9,20.9,42.8,8.2,16.7,37.2,46.8,16.9,32.5,6.4,12.9,5.2,9.2,65.8,24.7,28.6,74.2,43.6,16.4,25.5,24.9,49.2,10.2,19.6,42.7,53.3,20.4,37.4,8.0,15.2,6.6,11.1,28.6,52.2,52.2,52.2,52.2,52.2,52.2,52.2,52.2,52.2,0.0,46.6,90.9,35.7,58.8,26.5,75.5,47.4,21.4,16.5,53.4,9.1,64.3,41.2,73.5,24.5,52.6,78.6,83.5,0.0,0.0,0.0,0.0,0.0,0.0,0.0,0.0,0.0,3000.0,30.00,30,40,40,76,116,884,1,51.6,48.8,49.4,40.8,45.3,38.4,44.8,38.1,44.4,39.6,39.5,36.3,37.8,37.8,48.0,40.7,43.0,43.0,58.0,1.172,1.250,1.100,26.419,14.082,26.424,67.500,7.323,63.180,3.161,5.039,2.689,3.964,2.207,4.496,3.282,1.943,1.667,30.921,17.602,56.578,63.169,2000.0,3000.0,5238.7,5238.7,5250.0,39.0,22.0,37.5,39.0,51.4,Ne,Ne,Ne,6.304,3.043,3.7,29,51,40,26,1.172,5.040,3.408,3.328,12.288,1.101,1.243,3.408,3.280,3.328,1.056,1.056,1.048,1.359,1.814,0.944,3.344,0.064,0.048,0.048,0.048,1.016,1.016,1110,931,2721,51.0,57.4,43,43,22490430,1.175,1.238,605024,16,13,7360784,15,17,6779452,182.5,1.9,41.0,1.365,1.380,1.815,1.800,1.005,5.110,0.625,Ne,Ne,Ne,38.5,1.365,1.380,1.815,1.800,1.005,5.110,1.500,Ne,Ne,Ne,60,78,99.0,100.0,Ne,Ne,30663,54281,100.0,72.8,100.0,66.766,0.629,73640,221177,48.0,54.0,50.0,0.725,939,1694.0,1744.0,65.0,58.8,8.0,1.3,1.3,0.0,10921,898,32.0,328696,0.0,42.3,0.725,17.000,16.000,49.000,600.0,3000.0,1200.0,100.0,0.0,0.0,0.0,0.0,0.0,0.0,0.0,0.0,0,0,16.0,246,Ne,Ne,Ne,141.7,144.0,7.06,0.56,0.01,6.80,0.25,0,0,0.0,0.0,0,0,0.0,0.0,0,0,0.0,0.0,156871,4515,0.8,1.8,0,0.0,
20.5.2026,12:36:21.868,33914,9245,78.5,19362,12533,60.7,0.7,1.169,1.170,1.155,1.155,1.170,1.175,1.175,1.175,1.175,5225.0,5225.0,5225.0,5225.0,5225.0,5225.0,5225.0,5225.0,5225.0,100.0,1480.3,4372.2,2063.0,833.1,1248.6,1262.7,2558.1,543.2,992.9,1400.6,3680.3,1025.6,1768.3,410.6,702.3,288.2,535.5,1480.3,24.8,56.7,37.5,13.6,21.6,21.4,46.7,8.6,17.1,24.5,69.6,17.0,31.2,6.6,11.6,4.5,8.7,69.6,24.8,28.5,64.3,42.6,16.3,25.0,25.3,53.3,10.3,19.7,28.3,78.1,20.3,36.0,7.8,13.5,5.4,10.2,28.5,52.2,52.2,52.2,52.2,52.2,52.2,52.2,52.2,52.2,0.0,46.9,83.5,35.5,62.8,26.9,86.0,46.1,19.9,14.9,53.1,16.5,64.5,37.2,73.1,14.0,53.9,80.1,85.1,0.0,0.0,0.0,0.0,0.0,0.0,0.0,0.0,0.0,3000.0,30.00,30,40,40,76,116,884,1,51.5,48.9,49.8,40.3,44.4,37.8,44.0,37.7,44.7,39.0,38.9,35.7,37.3,37.3,48.5,40.5,43.0,43.0,58.0,1.171,1.250,1.100,25.882,13.906,25.878,69.750,7.321,62.175,3.105,4.796,2.572,3.812,2.184,4.883,3.151,1.860,1.580,30.267,17.383,55.703,62.189,2000.0,3000.0,5239.1,5239.1,5250.0,38.4,21.6,38.8,38.4,51.5,Ne,Ne,Ne,4.636,2.248,3.8,29,51,40,26,1.172,5.040,3.408,3.328,12.288,1.101,1.243,3.408,3.280,3.328,1.056,1.056,1.048,1.359,1.814,0.944,3.344,0.064,0.048,0.048,0.048,1.016,1.016,1120,908,2727,51.0,57.4,43,43,22490510,1.167,1.238,605026,25,13,7360816,14,18,6779487,182.5,1.9,41.0,1.365,1.380,1.815,1.800,1.005,5.040,0.625,Ne,Ne,Ne,38.5,1.365,1.380,1.815,1.800,1.005,5.110,0.750,Ne,Ne,Ne,60,78,99.0,100.0,Ne,Ne,30663,54281,24.8,0.1,24.8,4.583,0.247,73648,221177,47.0,53.0,49.0,0.728,435,1692.0,1874.0,59.0,54.5,7.0,1.4,1.4,0.0,10875,898,32.0,328718,0.0,42.2,0.725,32.000,17.000,63.000,600.0,3000.0,1200.0,100.0,0.0,0.0,0.0,0.0,0.0,0.0,0.0,0.0,0,0,16.0,246,Ne,Ne,Ne,125.0,124.4,8.00,4.77,3.24,7.88,0.12,0,0,0.0,0.0,0,0,0.0,0.0,0,0,0.0,0.0,156871,4515,7.4,2.3,0,0.0,
20.5.2026,12:36:23.868,33346,9813,77.2,18851,13043,59.1,0.7,1.171,1.180,1.180,1.170,1.170,1.170,1.170,1.165,1.165,5225.0,5225.0,5225.0,5225.0,5225.0,5225.0,5225.0,5225.0,5225.0,100.0,1626.5,4949.8,1687.5,1064.2,1475.4,1394.4,2699.5,705.7,1183.1,2162.4,2952.5,1185.1,2025.9,544.7,865.6,424.6,703.4,1626.5,28.6,81.3,30.6,18.3,26.0,23.6,49.9,11.9,20.8,39.3,55.3,20.2,36.5,9.2,14.9,7.3,11.9,81.3,28.6,32.6,91.0,34.7,21.4,29.9,27.7,56.8,13.9,23.9,44.8,62.4,23.8,41.7,10.7,17.1,8.4,13.7,32.6,52.2,52.2,52.2,52.2,52.2,52.2,52.2,52.2,52.2,0.0,52.6,94.5,43.6,67.2,33.1,83.9,53.2,25.4,20.1,46.8,5.5,56.4,32.8,66.9,16.1,46.8,73.1,76.4,0.6,0.0,0.0,0.0,0.0,0.0,0.0,1.5,3.5,3000.0,30.00,30,40,40,76,116,884,1,52.1,49.8,51.5,42.1,46.7,39.6,46.5,39.4,46.2,40.8,40.2,37.0,38.2,38.2,48.5,40.7,43.0,43.0,58.0,1.172,1.250,1.100,29.558,14.092,29.553,72.250,7.334,66.927,3.572,5.483,3.125,4.487,2.626,5.113,3.705,2.168,1.865,34.614,17.614,60.296,66.915,2000.0,3000.0,5238.0,5238.0,5250.0,41.3,24.6,40.1,41.3,52.4,Ne,Ne,Ne,6.419,3.787,4.2,29,52,41,26,1.163,5.040,3.408,3.328,12.288,1.101,1.243,3.408,3.280,3.328,1.056,1.056,1.048,1.359,1.814,0.944,3.344,0.064,0.048,0.048,0.048,1.016,1.016,1120,915,2777,51.0,57.4,43,43,22490590,1.183,1.238,605028,21,14,7360866,14,18,6779539,182.5,1.9,41.0,1.350,1.380,1.815,1.800,1.005,5.110,0.750,Ne,Ne,Ne,38.5,1.365,1.380,1.815,1.800,1.005,5.110,1.000,Ne,Ne,Ne,60,78,99.0,100.0,Ne,Ne,30663,54282,100.0,45.4,100.0,84.420,0.759,73811,221179,48.0,54.0,50.0,0.728,44,1692.0,2238.0,68.0,51.5,7.0,1.3,1.3,0.0,10919,1154,32.0,328786,0.0,42.3,0.725,36.000,17.000,68.000,600.0,3000.0,1200.0,100.0,0.0,0.0,0.0,0.0,0.0,0.0,0.0,0.0,0,0,16.0,246,Ne,Ne,Ne,121.4,121.6,8.23,5.11,3.79,8.12,0.12,0,0,0.0,0.0,0,0,0.0,0.0,0,0,0.0,0.0,156872,4515,257.1,13.0,0,0.0,
20.5.2026,12:36:25.868,33792,9367,78.2,19246,12648,60.3,0.7,1.175,1.175,1.175,1.175,1.175,1.175,1.175,1.175,1.175,4939.3,5225.0,4653.5,5225.0,4653.5,5225.0,4653.5,4653.5,5225.0,100.0,1815.7,4781.7,2213.4,1609.8,1419.8,1969.3,2372.5,1070.2,1222.8,3194.7,2188.9,1988.6,1695.2,892.4,948.5,685.5,797.2,1815.7,31.0,72.2,39.6,28.0,24.3,34.4,42.1,18.0,20.8,59.6,38.8,34.7,29.4,14.9,15.8,11.1,13.1,72.2,31.0,36.0,81.5,45.5,32.7,28.5,40.4,48.7,21.4,24.4,67.7,44.8,40.4,34.4,17.7,18.6,13.4,15.5,36.0,49.4,52.2,46.5,52.2,46.5,52.2,46.5,46.5,52.2,0.0,56.3,91.3,49.9,68.3,38.9,84.6,58.8,32.2,26.0,43.7,8.7,50.1,31.7,61.1,15.4,41.2,67.8,74.0,0.0,0.0,0.0,0.0,0.0,0.0,0.0,0.0,0.0,3000.0,30.00,30,40,40,76,116,884,1,51.6,49.4,50.6,43.1,46.7,41.2,47.1,40.9,46.8,42.3,41.5,38.4,38.7,38.7,48.2,40.7,43.0,43.0,58.0,1.174,1.250,1.100,32.020,14.174,32.038,74.500,7.336,70.003,3.849,5.306,3.635,4.641,3.051,5.198,4.048,2.619,2.292,37.541,17.717,63.328,70.015,2000.0,3000.0,5237.0,5237.0,5250.0,43.2,26.7,41.4,43.2,52.0,Ne,Ne,Ne,7.348,3.746,4.5,29,51,40,26,1.172,5.040,3.408,3.328,12.288,1.101,1.243,3.408,3.280,3.328,1.056,1.056,1.048,1.359,1.814,0.944,3.344,0.064,0.048,0.048,0.048,1.016,1.016,1115,935,2772,51.0,57.4,43,43,22490672,1.175,1.234,605031,60,14,7360908,39,16,6779583,182.5,1.9,41.0,1.365,1.365,1.815,1.800,1.005,5.110,0.625,Ne,Ne,Ne,38.8,1.365,1.365,1.815,1.800,1.005,5.110,0.625,Ne,Ne,Ne,60,78,99.0,100.0,Ne,Ne,30663,54282,100.0,1.3,100.0,180.502,11.528,74154,221201,48.0,54.0,51.0,0.727,0,1690.0,2238.0,76.0,65.8,9.0,1.6,1.6,0.0,10921,1154,32.0,328786,0.0,42.4,0.725,37.000,17.000,69.000,600.0,3000.0,1200.0,100.0,0.0,0.0,0.0,0.0,0.0,0.0,0.0,0.0,0,0,16.0,246,Ne,Ne,Ne,125.1,124.1,8.00,5.85,2.17,7.87,0.12,0,0,0.0,0.0,0,0,0.0,0.0,0,0,0.0,0.0,156877,4515,2717.2,63.8,0,0.0,
20.5.2026,12:36:27.870,33752,9407,78.2,19323,12572,60.5,0.7,1.171,1.175,1.170,1.170,1.170,1.170,1.170,1.170,1.170,5225.0,5225.0,5225.0,5225.0,5225.0,5225.0,5225.0,5225.0,5225.0,100.0,1708.3,4682.3,2074.0,1477.3,1040.3,2051.6,1973.6,958.5,965.4,2694.3,2735.9,1854.3,1468.6,778.4,805.7,1243.3,530.1,1708.3,29.8,72.9,37.1,25.9,17.9,36.5,35.3,16.6,16.9,50.1,50.7,32.7,25.7,13.4,14.1,22.7,9.1,72.9,29.8,34.1,82.1,42.8,30.0,20.8,42.1,40.6,19.2,19.4,56.7,57.4,37.8,29.8,15.5,16.1,25.6,10.5,34.1,52.2,52.2,52.2,52.2,52.2,52.2,52.2,52.2,52.2,0.0,53.7,89.4,42.5,63.5,33.4,86.7,54.1,28.2,31.8,46.2,10.6,57.5,36.5,66.6,13.3,45.9,71.5,68.0,0.1,0.0,0.0,0.0,0.0,0.0,0.0,0.4,0.2,3000.0,30.00,30,40,40,76,116,884,1,52.0,49.6,49.8,42.6,47.1,40.0,46.3,40.0,46.1,41.7,41.1,38.7,38.5,38.5,48.5,40.6,43.0,43.0,58.0,1.174,1.250,1.100,30.747,14.224,30.739,77.500,7.320,68.569,3.725,5.593,3.182,4.400,2.753,4.998,3.864,2.478,2.533,36.073,17.780,61.904,68.582,2000.0,3000.0,5236.9,5236.9,5250.0,42.3,25.6,43.1,42.3,52.2,Ne,Ne,Ne,7.774,4.386,4.3,29,52,41,26,1.172,5.040,3.408,3.328,12.288,1.101,1.243,3.408,3.280,3.328,1.056,1.056,1.048,1.359,1.814,0.944,3.344,0.064,0.048,0.048,0.048,1.016,1.016,1122,922,2721,51.0,57.4,43,43,22490752,1.167,1.234,605033,22,14,7361028,30,18,6779699,182.5,1.9,41.0,1.365,1.365,1.800,1.800,1.005,5.110,1.125,Ne,Ne,Ne,38.8,1.365,1.365,1.800,1.800,1.005,5.110,0.625,Ne,Ne,Ne,60,78,99.0,100.0,Ne,Ne,30663,54282,100.0,90.8,100.0,166.347,12.422,74473,221224,48.0,54.0,51.0,0.727,0,1689.0,2238.0,72.0,66.9,8.0,1.6,1.6,0.0,10921,1154,32.0,328786,0.0,42.4,0.725,41.000,18.000,74.000,600.0,3000.0,1200.0,100.0,0.0,0.0,0.0,0.0,0.0,0.0,0.0,0.0,0,0,16.0,246,Ne,Ne,Ne,121.4,122.0,8.24,6.17,0.55,8.12,0.11,0,0,0.0,0.0,0,0,0.0,0.0,0,0,0.0,0.0,156893,4515,7993.2,227.3,0,0.0,
20.5.2026,12:36:29.868,33703,9456,78.0,19317,12577,60.5,0.7,1.176,1.180,1.175,1.175,1.175,1.175,1.175,1.175,1.175,5225.0,5225.0,5225.0,5225.0,5225.0,5225.0,5225.0,5225.0,5225.0,100.0,1622.8,4592.8,2401.0,1465.1,972.4,2015.8,2035.1,917.8,801.4,1713.6,3595.4,1905.5,1313.5,700.9,560.4,551.6,423.2,1622.8,27.8,70.7,42.2,25.2,16.4,35.1,36.5,15.1,13.5,30.3,67.7,33.2,22.6,11.3,9.1,8.7,6.8,70.7,27.8,32.3,79.8,49.8,29.6,19.5,41.1,42.2,18.1,16.0,35.2,76.2,38.8,26.6,13.6,11.0,10.7,8.2,32.3,52.2,52.2,52.2,52.2,52.2,52.2,52.2,52.2,52.2,0.0,51.4,87.7,42.0,67.0,30.6,88.5,54.2,23.1,18.1,48.6,12.3,58.0,33.0,69.4,11.5,45.8,76.9,81.9,0.0,0.0,0.0,0.0,0.0,0.0,0.0,0.0,0.0,3000.0,30.00,30,40,40,76,116,884,1,51.8,49.3,52.9,42.0,46.7,39.7,45.8,39.2,46.0,40.8,40.4,37.0,38.3,38.3,48.8,40.9,43.0,43.0,58.0,1.171,1.250,1.100,29.108,14.073,29.091,65.750,7.312,66.277,3.542,5.472,3.161,4.273,2.550,5.089,3.716,2.202,1.874,34.067,17.591,59.702,66.251,2000.0,3000.0,5237.3,5237.3,5250.0,40.9,24.2,36.5,40.9,51.9,Ne,Ne,Ne,6.329,2.753,4.1,29,51,40,26,1.181,5.040,3.408,3.344,12.288,1.101,1.243,3.408,3.280,3.328,1.056,1.056,1.048,1.359,1.814,0.944,3.344,0.064,0.048,0.048,0.048,1.016,1.016,1112,937,2749,51.0,57.4,43,43,22490834,1.171,1.238,605035,26,15,7361072,45,16,6779745,182.5,1.9,41.0,1.365,1.365,1.800,1.800,1.005,5.110,1.375,Ne,Ne,Ne,38.8,1.365,1.365,1.800,1.800,1.005,5.110,2.250,Ne,Ne,Ne,60,78,99.0,100.0,Ne,Ne,30663,54282,13.9,2.1,16.0,55.945,36.635,74580,221294,49.0,54.0,51.0,0.727,0,1690.0,2238.0,75.0,71.8,9.0,1.6,1.6,0.0,10921,1154,32.0,328786,0.0,42.3,0.725,39.000,17.000,71.000,600.0,3000.0,1200.0,100.0,0.0,0.0,0.0,0.0,0.0,0.0,0.0,0.0,0,0,16.0,246,Ne,Ne,Ne,125.1,125.2,7.99,6.14,1.84,7.88,0.12,0,0,0.0,0.0,0,0,0.0,0.0,0,0,0.0,0.0,156945,4517,26545.1,756.5,0,0.0,
20.5.2026,12:36:31.871,33670,9489,78.0,19290,12605,60.4,0.7,1.175,1.175,1.175,1.175,1.175,1.175,1.175,1.175,1.175,5225.0,5225.0,5225.0,5225.0,5225.0,5225.0,5225.0,5225.0,5225.0,100.0,1567.0,4385.3,2454.1,1217.8,1058.0,1832.3,1994.4,849.3,739.5,3846.6,1628.1,1567.6,1342.8,705.6,521.7,535.0,394.2,1567.0,27.1,63.7,43.8,21.1,18.6,32.5,35.8,14.5,12.8,72.6,29.7,27.4,23.6,11.9,9.1,8.8,6.8,72.6,27.1,31.0,72.2,51.4,24.6,21.3,37.7,41.1,16.8,14.7,81.5,33.8,31.9,27.3,13.7,10.3,10.2,7.6,31.0,52.2,52.2,52.2,52.2,52.2,52.2,52.2,52.2,52.2,0.0,49.1,83.7,39.6,62.4,28.2,90.8,48.8,22.4,17.0,50.9,16.3,60.4,37.6,71.8,9.2,51.2,77.6,83.0,0.0,0.0,0.0,0.0,0.0,0.0,0.0,0.0,0.0,3000.0,30.00,30,40,40,76,116,884,1,52.1,49.5,46.2,41.9,46.4,39.3,46.0,39.0,46.4,40.4,40.4,37.0,38.2,38.2,48.2,40.6,43.0,43.0,58.0,1.172,1.250,1.100,28.717,14.036,28.736,67.500,7.344,65.803,3.475,5.319,2.985,4.289,2.437,5.236,3.497,2.176,1.859,33.632,17.545,59.257,65.839,2000.0,3000.0,5237.7,5237.7,5250.0,40.6,23.9,37.5,40.6,52.1,Ne,Ne,Ne,6.152,2.615,3.9,29,52,41,26,1.172,5.040,3.408,3.328,12.288,1.101,1.243,3.408,3.280,3.328,1.072,1.056,1.048,1.359,1.814,0.944,3.344,0.064,0.048,0.048,0.048,1.016,1.016,1111,906,2721,51.0,57.4,43,43,22490914,1.164,1.234,605038,26,14,7361124,39,16,6779799,182.5,1.9,41.0,1.365,1.365,1.800,1.800,0.990,5.110,1.250,Ne,Ne,Ne,38.8,1.365,1.365,1.800,1.800,1.005,5.110,0.875,Ne,Ne,Ne,61,78,99.0,100.0,Ne,Ne,30663,54283,22.1,2.0,24.1,57.947,40.377,74691,221372,49.0,54.0,52.0,0.727,0,1689.0,2238.0,77.0,73.1,10.0,1.6,1.6,0.0,10921,1154,32.0,328786,0.0,42.3,0.725,50.000,18.000,84.000,600.0,3000.0,1200.0,100.0,0.0,0.0,0.0,0.0,0.0,0.0,0.0,0.0,0,0,16.0,246,Ne,Ne,Ne,125.1,125.7,7.99,6.28,1.72,7.88,0.11,0,0,0.0,0.0,0,0,0.0,0.0,0,0,0.0,0.0,157000,4519,28486.8,923.4,0,0.0,
20.5.2026,12:36:33.870,33655,9504,77.9,19292,12603,60.4,0.7,1.167,1.175,1.165,1.165,1.165,1.165,1.165,1.170,1.170,5225.0,5225.0,5225.0,5225.0,5225.0,5225.0,5225.0,5225.0,5225.0,100.0,1437.6,4735.8,2107.1,998.8,1043.5,1517.0,1891.3,673.5,684.3,3016.7,1819.8,1177.2,1502.7,647.7,384.9,541.3,259.5,1437.6,24.6,77.8,37.0,16.5,17.8,25.8,33.5,10.7,11.2,56.0,32.4,19.6,26.1,10.4,6.0,8.4,3.8,77.8,24.6,28.8,87.7,43.8,20.1,21.1,30.7,38.9,13.2,13.6,63.6,37.6,23.6,30.6,12.6,7.6,10.4,5.0,28.8,52.2,52.2,52.2,52.2,52.2,52.2,52.2,52.2,52.2,0.0,45.8,90.4,35.7,55.9,24.7,80.5,45.2,19.3,15.0,54.0,9.6,64.3,44.1,74.9,19.5,54.8,80.2,84.3,0.2,0.0,0.0,0.0,0.4,0.0,0.0,0.5,0.6,3000.0,30.00,30,40,40,76,116,884,1,51.8,49.0,45.4,41.0,46.0,38.5,44.7,38.2,45.2,39.7,39.6,36.4,37.8,37.8,49.2,40.7,43.0,43.0,58.0,1.172,1.250,1.100,26.566,13.966,26.574,64.000,7.320,63.163,3.239,5.369,2.742,3.792,2.223,4.830,3.274,1.965,1.719,31.111,17.458,56.622,63.157,2000.0,3000.0,5238.8,5238.8,5250.0,39.0,22.1,35.6,39.0,51.6,Ne,Ne,Ne,5.529,2.463,3.7,29,51,40,26,1.172,5.040,3.408,3.328,12.288,1.101,1.243,3.408,3.280,3.328,1.056,1.056,1.048,1.359,1.814,0.944,3.344,0.064,0.048,0.048,0.048,1.016,1.016,1124,946,2749,51.0,57.4,43,43,22490996,1.171,1.238,605040,43,14,7361176,14,16,6779852,182.5,1.9,41.0,1.365,1.365,1.800,1.800,1.005,5.110,0.750,Ne,Ne,Ne,38.8,1.365,1.365,1.800,1.800,1.005,5.110,0.750,Ne,Ne,Ne,61,78,99.0,100.0,Ne,Ne,30663,54283,23.3,1.3,24.6,48.965,32.211,74785,221434,49.0,54.0,52.0,0.728,0,1691.0,1916.0,73.0,69.3,9.0,1.7,1.7,0.0,10899,1094,32.0,328786,0.0,42.3,0.725,25.000,17.000,56.000,600.0,3000.0,1200.0,100.0,0.0,0.0,0.0,0.0,0.0,0.0,0.0,0.0,0,0,16.0,246,Ne,Ne,Ne,124.8,124.1,8.01,5.87,2.10,7.90,0.11,0,0,0.0,0.0,0,0,0.0,0.0,0,0,0.0,0.0,157058,4520,29226.1,997.8,0,0.0,
20.5.2026,12:36:35.867,33629,9530,77.9,19272,12622,60.4,0.7,1.170,1.170,1.170,1.170,1.170,1.170,1.170,1.170,1.170,5082.1,5225.0,5225.0,5225.0,5225.0,5225.0,5225.0,4653.5,4653.5,100.0,1578.9,4804.9,2366.4,1200.7,1134.1,1778.4,2067.9,869.9,802.5,2406.6,2596.1,1431.1,1571.1,780.6,466.4,691.5,294.2,1578.9,27.4,77.8,42.4,20.5,19.9,30.8,37.2,14.7,13.9,43.6,48.1,24.4,27.7,13.2,8.2,11.6,5.0,77.8,27.4,31.5,87.4,49.5,24.1,22.9,36.0,42.6,17.1,16.0,49.9,54.5,28.6,32.0,15.2,9.3,13.3,5.7,31.5,50.8,52.2,52.2,52.2,52.2,52.2,52.2,46.5,46.5,0.0,49.4,91.7,39.8,62.6,29.5,81.9,49.0,22.5,18.3,50.6,8.3,60.2,37.4,70.5,18.1,51.0,77.5,81.7,0.0,0.0,0.0,0.0,0.0,0.0,0.0,0.0,0.0,3000.0,30.00,30,40,40,76,116,884,1,51.5,49.1,50.2,41.7,46.4,39.3,45.6,39.0,45.5,40.4,40.0,37.0,38.0,38.0,48.5,40.8,43.0,43.0,58.0,1.172,1.250,1.100,28.313,13.953,28.291,68.000,7.312,65.143,3.464,5.523,3.036,4.158,2.509,4.902,3.491,2.170,1.920,33.163,17.442,58.648,65.137,2000.0,3000.0,5238.0,5238.0,5250.0,40.2,23.6,37.8,40.2,51.6,Ne,Ne,Ne,5.008,2.625,4.0,29,51,40,26,1.181,5.040,3.408,3.328,12.288,1.101,1.243,3.408,3.280,3.328,1.056,1.056,1.048,1.359,1.814,0.944,3.344,0.064,0.048,0.048,0.048,1.016,1.016,1108,934,2772,51.0,57.4,43,43,22491076,1.167,1.238,605042,32,14,7361262,42,17,6779937,182.5,1.9,41.0,1.350,1.365,1.800,1.800,1.005,5.110,0.375,Ne,Ne,Ne,38.8,1.350,1.365,1.800,1.800,1.005,5.110,0.750,Ne,Ne,Ne,62,78,99.0,100.0,Ne,Ne,30663,54283,100.0,4.0,100.0,61.671,35.799,74903,221502,49.0,54.0,53.0,0.727,0,1688.0,2238.0,77.0,73.4,9.0,1.7,1.7,0.0,10899,1094,32.0,328786,0.0,42.3,0.725,30.000,17.000,62.000,600.0,3000.0,1200.0,100.0,0.0,0.0,0.0,0.0,0.0,0.0,0.0,0.0,0,0,16.0,246,Ne,Ne,Ne,125.2,124.9,7.99,6.29,1.71,7.87,0.11,0,0,0.0,0.0,0,0,0.0,0.0,0,0,0.0,0.0,157110,4522,26232.6,661.3,0,0.0,
20.5.2026,12:36:37.872,33621,9538,77.8,19265,12630,60.4,0.7,1.170,1.170,1.170,1.170,1.170,1.170,1.170,1.170,1.170,5225.0,5225.0,5225.0,5225.0,5225.0,5225.0,5225.0,5225.0,5225.0,100.0,1352.9,4400.0,2097.1,947.4,780.9,1675.2,1628.0,655.8,474.9,1677.7,3399.3,1170.9,1237.1,599.3,243.5,532.1,127.6,1352.9,23.4,69.8,37.1,15.8,13.5,29.2,29.1,10.9,8.1,30.2,64.2,20.1,21.7,10.0,4.3,8.9,2.2,69.8,23.4,26.9,78.8,43.7,18.8,15.6,34.0,33.5,12.7,9.3,34.6,72.0,23.6,25.0,11.5,4.8,10.2,2.4,26.9,52.2,52.2,52.2,52.2,52.2,52.2,52.2,52.2,52.2,0.0,43.1,84.0,30.2,55.0,20.4,86.7,40.4,15.9,12.6,56.6,16.0,69.8,45.0,79.2,13.3,59.6,83.5,86.6,0.2,0.0,0.0,0.0,0.4,0.0,0.0,0.7,0.7,3000.0,30.00,30,40,40,76,116,884,1,50.8,48.6,50.6,40.2,44.9,37.7,44.0,37.3,44.3,38.8,39.0,35.9,37.5,37.5,48.2,40.7,43.0,43.0,58.0,1.170,1.250,1.100,24.521,13.771,24.535,53.500,7.309,60.326,2.984,4.941,2.425,3.622,1.966,4.640,2.947,1.756,1.574,28.661,17.214,53.915,60.342,2000.0,3000.0,5239.7,5239.7,5250.0,37.2,20.4,29.7,37.2,51.1,Ne,Ne,Ne,3.711,1.591,3.5,29,50,40,26,1.172,5.040,3.408,3.328,12.288,1.101,1.243,3.408,3.280,3.328,1.056,1.056,1.048,1.359,1.814,0.944,3.344,0.064,0.048,0.048,0.048,1.016,1.016,1116,927,2721,51.0,57.4,43,43,22491156,1.175,1.238,605045,19,13,7361326,20,17,6780001,182.5,1.9,41.0,1.350,1.365,1.800,1.800,1.005,5.110,0.625,Ne,Ne,Ne,38.8,1.350,1.365,1.800,1.800,1.005,5.110,0.750,Ne,Ne,Ne,62,78,99.0,100.0,Ne,Ne,30663,54283,3.5,1.4,4.9,30.632,30.726,74962,221561,50.0,55.0,53.0,0.727,0,1689.0,2238.0,79.0,72.9,9.0,1.8,1.8,0.0,10899,1094,32.0,328786,0.0,42.3,0.725,53.000,18.000,86.000,600.0,3000.0,1200.0,100.0,0.0,0.0,0.0,0.0,0.0,0.0,0.0,0.0,0,0,16.0,246,Ne,Ne,Ne,122.2,122.4,8.19,6.61,0.38,8.08,0.11,0,0,0.0,0.0,0,0,0.0,0.0,0,0,0.0,0.0,157167,4524,29131.3,954.3,0,0.0,
20.5.2026,12:36:39.871,33594,9565,77.8,19259,12636,60.3,0.7,1.171,1.175,1.175,1.175,1.175,1.175,1.160,1.160,1.175,5082.1,5225.0,4653.5,5225.0,4653.5,5225.0,5225.0,5225.0,5225.0,100.0,1447.1,4546.9,2194.7,1241.4,608.7,2050.6,1494.7,926.8,449.9,3931.2,1255.2,1757.3,909.5,781.1,233.6,619.4,152.2,1447.1,24.2,69.2,38.5,20.5,9.4,35.3,26.0,15.0,6.7,74.1,21.6,29.9,14.6,12.4,3.2,9.5,1.7,74.1,24.2,28.4,78.4,45.3,24.6,11.8,41.6,30.6,18.1,8.6,83.3,25.5,35.4,17.9,15.0,4.5,11.7,2.8,28.4,50.8,52.2,46.5,52.2,46.5,52.2,52.2,52.2,52.2,0.0,45.8,86.8,31.8,58.3,24.4,87.1,44.4,18.8,14.5,54.2,13.2,68.2,41.7,75.6,12.9,55.6,81.2,85.5,0.0,0.0,0.0,0.0,0.0,0.0,0.0,0.0,0.0,3000.0,30.00,30,40,40,76,116,884,1,50.5,48.7,46.6,40.4,45.2,37.8,44.0,37.7,44.5,39.0,39.2,35.9,37.5,37.5,47.8,40.5,43.0,43.0,58.0,1.171,1.250,1.100,25.586,13.906,25.581,63.250,7.327,61.784,3.115,5.137,2.524,3.684,2.170,4.720,3.108,1.922,1.656,29.934,17.383,55.376,61.799,2000.0,3000.0,5239.6,5239.6,5250.0,38.1,21.3,35.1,38.1,51.2,Ne,Ne,Ne,4.014,1.834,3.7,29,50,39,26,1.181,5.040,3.408,3.328,12.288,1.101,1.243,3.392,3.280,3.328,1.056,1.056,1.048,1.359,1.814,0.944,3.344,0.064,0.048,0.048,0.048,1.016,1.016,1099,904,2749,51.0,57.4,43,43,22491236,1.164,1.238,605047,58,14,7361364,40,16,6780041,182.5,1.9,41.0,1.350,1.365,1.800,1.800,1.005,5.110,0.875,Ne,Ne,Ne,38.8,1.350,1.365,1.815,1.800,1.005,5.110,0.750,Ne,Ne,Ne,62,78,99.0,100.0,Ne,Ne,30663,54283,68.1,1.1,69.2,48.778,24.072,75056,221607,50.0,56.0,53.0,0.727,0,1689.0,2238.0,77.0,73.4,9.0,1.8,1.8,0.0,10899,1094,32.0,328808,0.0,42.2,0.725,39.000,17.000,71.000,600.0,3000.0,1200.0,100.0,0.0,0.0,0.0,0.0,0.0,0.0,0.0,0.0,0,0,16.0,246,Ne,Ne,Ne,125.1,125.5,7.99,6.37,1.61,7.88,0.11,0,0,0.0,0.0,0,0,0.0,0.0,0,0,0.0,0.0,157206,4525,20088.5,563.5,0,0.0,
20.5.2026,12:36:41.868,32591,10568,75.5,18551,13343,58.1,0.7,1.173,1.170,1.175,1.175,1.175,1.175,1.175,1.170,1.170,5225.0,5225.0,5225.0,5225.0,5225.0,5225.0,5225.0,5225.0,5225.0,100.0,1342.8,5000.5,1500.0,1129.1,706.3,1766.2,1220.4,817.4,491.6,3309.4,1567.7,1335.1,990.5,577.5,362.3,516.3,194.8,1342.8,23.3,79.7,27.1,19.5,12.3,31.4,21.6,13.9,8.4,62.1,28.5,23.3,16.8,9.5,6.4,8.5,3.4,79.7,23.3,26.5,89.1,30.8,22.5,14.1,36.1,24.9,16.1,9.7,70.0,32.4,27.0,19.7,11.1,7.2,9.9,3.8,26.5,52.2,52.2,52.2,52.2,52.2,52.2,52.2,52.2,52.2,0.0,44.7,95.5,32.6,50.9,23.7,84.0,40.8,17.2,13.2,45.9,4.5,52.3,49.1,57.7,16.0,59.2,62.2,66.1,9.4,0.0,15.1,0.0,18.6,0.0,0.0,20.6,20.7,3000.0,30.00,30,40,40,76,116,884,1,51.9,49.8,51.1,40.3,46.2,37.6,44.0,37.2,44.9,38.4,38.7,35.4,37.3,37.3,48.5,40.5,42.8,43.0,58.0,1.170,1.250,1.100,25.347,13.970,25.326,70.000,7.309,61.622,3.066,5.587,2.431,3.543,1.973,4.982,2.913,1.662,1.438,29.638,17.463,55.140,61.604,2000.0,3000.0,5239.2,5239.2,5250.0,38.0,21.1,38.9,38.0,52.4,Ne,Ne,Ne,4.640,2.814,3.6,29,52,40,26,1.172,5.040,3.408,3.328,12.288,1.101,1.243,3.408,3.280,3.328,1.056,1.056,1.048,1.350,1.814,0.944,3.344,0.064,0.048,0.048,0.048,1.016,1.016,1102,912,2721,51.0,57.4,43,43,22491314,1.167,1.238,605049,30,14,7361480,12,16,6780154,182.5,1.9,41.0,1.350,1.365,1.815,1.800,1.005,5.110,0.875,Ne,Ne,Ne,38.8,1.350,1.365,1.815,1.800,1.005,5.110,1.625,Ne,Ne,Ne,62,78,99.0,100.0,Ne,Ne,30663,54283,100.0,9.9,100.0,63.277,0.194,75178,221608,50.0,52.0,51.0,0.725,0,1643.0,1538.0,48.0,25.1,3.0,0.5,0.5,0.0,10669,1165,32.0,329461,0.0,42.2,0.725,22.000,17.000,54.000,600.0,3000.0,1200.0,100.0,0.0,0.0,0.0,0.0,0.0,0.0,0.0,0.0,0,0,16.0,246,Ne,Ne,Ne,335.4,335.7,2.98,0.65,2.37,2.86,0.12,0,0,0.0,0.0,0,0,0.0,0.0,0,0,0.0,0.0,157206,4525,2.0,4.8,0,0.0,
20.5.2026,12:36:43.868,32498,10660,75.2,18740,13154,58.7,0.7,1.183,1.180,1.185,1.185,1.185,1.185,1.185,1.185,1.175,5225.0,5225.0,5225.0,5225.0,5225.0,5225.0,5225.0,5225.0,5225.0,100.0,1762.3,4750.6,2355.6,1577.8,1184.1,1878.6,2024.5,1253.2,1050.2,1996.7,3046.6,1652.9,1547.6,1094.7,709.5,1295.7,779.2,1762.3,30.3,73.1,42.8,26.9,20.1,32.2,35.8,21.2,18.1,35.3,56.5,28.4,26.0,18.3,12.3,22.7,14.1,73.1,30.3,34.8,82.4,48.6,31.4,23.5,37.6,41.5,24.8,21.0,40.7,64.3,33.1,30.7,21.5,14.2,26.1,16.0,34.8,52.2,52.2,52.2,52.2,52.2,52.2,52.2,52.2,52.2,0.0,55.2,90.7,45.8,63.1,39.2,80.8,52.7,31.8,37.2,44.6,9.3,54.2,36.9,60.6,19.2,47.3,67.5,61.9,0.2,0.0,0.0,0.0,0.1,0.0,0.0,0.7,0.9,3000.0,30.00,30,40,40,76,116,884,1,52.1,50.0,51.5,43.5,47.9,41.0,47.3,41.1,47.2,42.3,41.9,39.6,38.8,38.8,48.2,40.8,43.0,43.0,58.0,1.175,1.250,1.100,33.556,14.306,33.550,76.750,7.339,71.964,4.068,5.939,3.586,4.660,3.256,5.333,3.977,2.818,2.977,39.399,17.883,65.354,71.940,2000.0,3000.0,5236.3,5236.3,5250.0,44.4,28.0,42.6,44.4,52.6,Ne,Ne,Ne,6.376,3.969,4.4,29,52,41,26,1.181,5.040,3.408,3.328,12.288,1.101,1.243,3.408,3.280,3.328,1.072,1.056,1.048,1.359,1.814,0.944,3.344,0.064,0.048,0.048,0.048,1.016,1.016,1112,910,2749,51.0,57.4,43,43,22491396,1.164,1.238,605052,14,14,7361540,41,18,6780214,182.5,1.9,41.0,1.350,1.365,1.815,1.800,1.005,5.110,1.375,Ne,Ne,Ne,38.8,1.350,1.365,1.815,1.800,0.990,5.110,1.000,Ne,Ne,Ne,63,78,99.0,100.0,Ne,Ne,30663,54284,100.0,0.1,100.0,333.962,0.566,75813,221609,50.0,52.0,51.0,0.721,0,1678.0,1645.0,29.0,4.7,2.0,0.0,0.0,0.0,10541,1165,32.0,330869,0.0,42.4,0.725,53.000,17.000,86.000,600.0,3000.0,1200.0,100.0,0.0,0.0,0.0,0.0,0.0,0.0,0.0,0.0,0,0,16.0,246,Ne,Ne,Ne,239.7,238.2,4.17,0.77,3.40,4.04,0.13,0,0,0.0,0.0,0,0,0.0,0.0,0,0,0.0,0.0,157206,4525,96.3,17.7,0,0.0,
20.5.2026,12:36:45.869,33292,9866,77.1,18907,12988,59.2,0.7,1.166,1.180,1.170,1.170,1.170,1.170,1.155,1.155,1.155,5153.6,5225.0,5225.0,5225.0,4653.5,5225.0,5225.0,5225.0,5225.0,100.0,1692.9,5117.6,2037.9,1457.4,974.7,2393.0,1830.2,996.0,775.0,3084.6,2433.3,1622.8,1334.3,788.5,545.8,744.2,950.4,1692.9,29.9,88.9,33.7,26.0,17.6,38.3,34.9,17.3,13.3,60.9,42.0,29.3,23.4,13.6,9.7,12.5,16.7,88.9,29.9,34.5,99.3,38.3,30.6,20.6,44.9,40.1,20.6,16.4,68.7,47.7,34.3,27.7,16.2,11.4,15.3,19.2,34.5,51.5,52.2,52.2,52.2,46.5,52.2,52.2,52.2,52.2,0.0,54.8,97.7,42.9,69.6,31.2,92.2,52.1,23.7,29.4,38.8,2.3,57.1,30.4,64.2,7.8,47.9,52.3,48.2,6.4,0.0,0.0,0.0,4.6,0.0,0.0,24.0,22.4,3000.0,30.00,30,40,40,76,116,884,1,55.6,52.3,48.9,43.8,49.9,40.9,48.0,40.4,49.0,42.1,41.0,38.8,38.9,38.9,48.2,40.5,43.0,43.0,58.0,1.174,1.250,1.100,32.453,14.131,32.473,80.250,7.342,70.359,3.864,6.479,3.251,4.662,2.612,5.890,3.710,1.978,2.326,38.100,17.664,63.840,70.410,2000.0,3000.0,5237.1,5237.1,5250.0,43.5,27.1,44.6,43.5,55.1,Ne,Ne,Ne,5.413,3.672,4.4,29,55,44,26,1.172,5.040,3.408,3.328,12.288,1.101,1.243,3.408,3.280,3.328,1.056,1.056,1.048,1.350,1.814,0.944,3.344,0.064,0.048,0.048,0.048,1.016,1.016,1140,962,2749,51.0,57.4,43,43,22491478,1.171,1.238,605054,31,14,7361568,41,17,6780246,182.5,1.9,41.0,1.350,1.365,1.815,1.800,0.990,5.110,1.250,Ne,Ne,Ne,38.8,1.350,1.365,1.815,1.800,0.990,5.110,0.875,Ne,Ne,Ne,63,78,99.0,100.0,Ne,Ne,30663,54284,100.0,0.3,100.0,217.074,0.166,76255,221609,50.0,52.0,51.0,0.583,0,1264.0,1748.0,54.0,10.9,5.0,0.2,0.2,0.0,11083,1178,32.0,333937,0.0,42.5,0.725,53.000,20.000,89.000,600.0,3000.0,1200.0,100.0,0.0,0.0,0.0,0.0,0.0,0.0,0.0,0.0,0,0,16.0,246,Ne,Ne,Ne,241.1,242.2,4.15,0.78,3.24,4.02,0.12,0,0,0.0,0.0,0,0,0.0,0.0,0,0,0.0,0.0,157206,4525,20.5,9.1,0,0.0,
20.5.2026,12:36:47.869,33139,10019,76.7,19114,12780,59.9,0.7,1.176,1.175,1.185,1.185,1.180,1.180,1.165,1.165,1.175,5225.0,5225.0,5225.0,5225.0,5225.0,5225.0,5225.0,5225.0,5225.0,100.0,2148.0,4760.5,2274.7,2000.0,1734.0,2716.3,2439.7,1727.7,1461.9,3302.9,2603.8,2333.8,2108.1,1681.3,990.3,1592.2,640.3,2148.0,36.5,75.0,43.9,32.6,28.3,51.9,40.2,27.9,24.3,57.7,50.0,38.6,34.7,27.0,15.8,25.5,11.2,75.0,36.5,42.4,84.6,50.5,38.4,33.3,60.0,47.1,33.0,28.0,65.9,57.7,45.2,40.8,31.9,18.9,30.1,13.7,42.4,52.2,52.2,52.2,52.2,52.2,52.2,52.2,52.2,52.2,0.0,61.0,91.0,52.2,73.5,47.3,84.2,60.0,42.1,37.8,37.7,9.0,47.7,26.5,51.4,15.8,40.0,52.0,59.2,1.3,0.0,0.1,0.0,1.3,0.0,0.0,6.0,3.0,3000.0,30.00,30,40,40,76,116,884,1,54.8,51.5,56.8,45.5,49.6,42.8,50.0,43.0,49.5,44.5,43.8,40.7,39.8,39.8,49.0,40.9,43.0,43.0,58.0,1.176,1.250,1.100,39.056,14.365,39.035,76.000,7.355,78.518,4.755,6.259,4.335,5.692,3.967,5.988,4.986,3.565,3.244,45.870,17.956,71.917,78.508,2000.0,3000.0,5234.1,5234.1,5250.0,48.5,32.5,42.2,48.5,54.3,Ne,Ne,Ne,7.616,3.451,4.9,29,54,44,26,1.172,5.040,3.408,3.328,12.288,1.101,1.243,3.408,3.280,3.328,1.056,1.056,1.048,1.359,1.814,0.936,3.344,0.064,0.048,0.048,0.048,1.016,1.016,1205,1020,2749,51.0,57.4,43,43,22491566,1.175,1.238,605056,43,13,7361630,37,18,6780308,182.5,1.9,41.0,1.350,1.365,1.815,1.800,0.990,5.110,1.250,Ne,Ne,Ne,38.8,1.365,1.365,1.815,1.800,0.990,5.110,1.250,Ne,Ne,Ne,63,78,99.0,100.0,Ne,Ne,30663,54284,100.0,0.1,100.0,149.884,0.630,76526,221610,53.0,58.0,67.0,1.051,389,3110.0,2238.0,98.0,95.1,23.0,1.9,1.9,20.0,11088,922,32.0,334225,0.0,42.6,0.725,0.000,18.000,99.000,600.0,3000.0,1200.0,100.0,0.0,0.0,0.0,0.0,0.0,0.0,0.0,0.0,0,0,16.0,246,Ne,Ne,Ne,203.6,204.9,4.91,4.84,0.00,4.79,0.12,0,0,0.0,0.0,0,0,0.0,0.0,0,0,0.0,0.0,157206,4525,14.0,11.0,0,0.0,
20.5.2026,12:36:49.869,33077,10081,76.6,19111,12784,59.9,0.7,1.179,1.180,1.170,1.180,1.180,1.180,1.180,1.180,1.180,5225.0,5225.0,5225.0,5225.0,5225.0,5225.0,5225.0,5225.0,5225.0,100.0,2102.1,4775.9,2259.0,1966.1,1711.6,2640.4,2427.9,1649.2,1384.1,2940.1,2777.2,2263.3,2096.1,1605.9,920.0,1573.6,643.1,2102.1,37.3,83.0,40.6,34.3,30.2,46.6,43.0,28.9,24.4,54.2,50.8,40.0,37.1,28.2,16.4,27.6,11.1,83.0,37.3,42.7,93.3,46.2,39.8,34.8,54.0,49.7,33.2,28.0,62.0,58.0,46.2,42.7,32.3,18.6,31.6,12.7,42.7,52.2,52.2,52.2,52.2,52.2,52.2,52.2,52.2,52.2,0.0,61.0,91.2,55.5,68.8,49.1,78.6,61.5,43.5,39.5,39.0,8.8,44.5,31.2,50.9,21.4,38.5,56.5,60.5,0.0,0.0,0.0,0.0,0.0,0.0,0.0,0.0,0.0,3000.0,30.00,30,40,40,76,116,884,1,54.4,51.3,53.8,46.1,49.4,43.7,50.2,43.9,49.8,45.4,44.6,41.5,40.4,40.4,49.0,41.0,43.0,43.2,58.0,1.177,1.250,1.100,39.838,14.261,39.839,72.250,7.355,79.278,4.681,6.010,4.348,5.507,3.949,5.897,4.951,3.500,3.287,46.797,17.827,72.715,79.261,2000.0,3000.0,5234.0,5234.0,5250.0,48.9,33.2,40.1,48.9,54.0,Ne,Ne,Ne,6.011,2.969,4.9,29,54,43,26,1.172,5.040,3.408,3.328,12.192,1.101,1.243,3.408,3.280,3.328,1.056,1.056,1.048,1.359,1.814,0.936,3.344,0.064,0.048,0.048,0.048,1.016,1.016,1179,975,2749,51.0,57.4,43,43,22491652,1.175,1.238,605059,53,14,7361716,56,17,6780393,182.5,1.9,41.0,1.365,1.365,1.815,1.800,0.990,5.110,0.875,Ne,Ne,Ne,38.8,1.365,1.365,1.815,1.800,0.990,5.110,0.875,Ne,Ne,Ne,63,78,99.0,100.0,Ne,Ne,30663,54284,100.0,0.1,100.0,70.324,0.407,76660,221611,55.0,58.0,71.0,1.084,821,3177.0,2238.0,100.0,98.7,25.0,1.9,1.9,20.0,11025,922,32.0,334225,0.0,42.7,0.725,38.000,17.000,70.000,600.0,3000.0,1200.0,100.0,0.0,0.0,0.0,0.0,0.0,0.0,0.0,0.0,0,0,16.0,246,Ne,Ne,Ne,219.9,220.4,4.55,4.54,0.00,4.43,0.12,0,0,0.0,0.0,0,0,0.0,0.0,0,0,0.0,0.0,157206,4525,11.2,11.5,0,0.0,
20.5.2026,12:36:51.869,33112,10047,76.7,19129,12766,59.9,0.7,1.172,1.180,1.170,1.170,1.170,1.170,1.170,1.170,1.175,5225.0,5225.0,5225.0,5225.0,5225.0,5225.0,5225.0,5225.0,5225.0,100.0,1979.9,4487.5,2195.4,1693.0,1589.8,2392.8,2448.7,1369.8,1346.1,2259.0,3598.1,1902.7,2101.0,1309.9,988.2,1223.4,773.3,1979.9,34.4,75.7,38.8,29.1,27.3,41.6,43.0,23.4,23.1,39.6,67.5,32.7,36.4,22.3,16.8,20.9,12.8,75.7,34.4,40.0,85.4,44.9,34.1,32.1,48.6,50.1,27.5,27.1,46.2,76.4,38.5,42.6,26.2,19.8,24.4,15.3,40.0,52.2,52.2,52.2,52.2,52.2,52.2,52.2,52.2,52.2,0.0,58.0,85.7,51.1,65.8,45.6,81.8,57.0,40.4,36.2,42.0,14.3,48.9,34.2,54.4,18.2,43.0,59.6,63.8,0.0,0.0,0.0,0.0,0.0,0.0,0.0,0.0,0.0,3000.0,30.00,30,40,40,76,116,884,1,53.6,50.7,52.0,45.3,48.9,42.7,49.7,42.9,49.0,44.4,44.0,40.8,40.0,40.0,48.8,40.9,43.0,43.3,58.0,1.176,1.250,1.100,38.154,14.183,38.158,74.250,7.356,77.098,4.464,5.914,4.052,5.397,3.671,5.643,4.632,3.341,3.065,44.796,17.729,70.616,77.112,2000.0,3000.0,5234.6,5234.6,5250.0,47.6,31.8,41.2,47.6,53.3,Ne,Ne,Ne,5.251,2.568,4.6,29,53,42,26,1.181,5.040,3.392,3.328,12.288,1.101,1.243,3.408,3.280,3.328,1.056,1.056,1.048,1.359,1.814,0.936,3.344,0.064,0.048,0.048,0.048,1.016,1.016,1181,1001,2749,51.0,57.4,43,43,22491738,1.171,1.238,605061,61,14,7361822,54,17,6780496,182.5,1.9,41.0,1.365,1.365,1.800,1.800,0.990,5.110,1.250,Ne,Ne,Ne,38.8,1.365,1.365,1.815,1.800,0.990,5.110,1.000,Ne,Ne,Ne,64,78,99.0,100.0,Ne,Ne,30663,54285,53.0,0.1,53.1,42.125,0.761,76741,221613,55.0,60.0,71.0,1.087,1022,3186.0,2238.0,100.0,98.6,25.0,1.9,1.9,22.0,10961,922,32.0,334225,0.0,42.6,0.725,41.000,17.000,73.000,600.0,3000.0,1200.0,100.0,0.0,0.0,0.0,0.0,0.0,0.0,0.0,0.0,0,0,16.0,246,Ne,Ne,Ne,223.2,222.9,4.48,4.48,0.00,4.36,0.12,0,0,0.0,0.0,0,0,0.0,0.0,0,0,0.0,0.0,157206,4525,30.3,12.4,0,0.0,
20.5.2026,12:36:53.869,32910,10249,76.2,19135,12760,59.9,0.7,1.168,1.155,1.170,1.170,1.170,1.170,1.170,1.170,1.170,5225.0,5225.0,5225.0,5225.0,5225.0,5225.0,5225.0,5225.0,5225.0,100.0,1992.6,4738.1,2211.8,1494.4,1851.2,2359.8,2496.9,1171.2,1585.4,2475.9,3058.7,1866.5,2186.1,1002.7,1352.4,872.2,1157.5,1992.6,35.3,81.8,39.9,26.2,32.5,41.7,44.6,20.5,27.9,44.5,57.1,32.8,38.6,17.7,23.8,15.5,20.5,81.8,35.3,40.4,91.8,45.4,30.2,37.4,48.1,51.4,23.5,31.9,51.1,64.9,37.9,44.5,20.2,27.2,17.5,23.3,40.4,52.2,52.2,52.2,52.2,52.2,52.2,52.2,52.2,52.2,0.0,58.2,90.5,51.9,65.7,46.2,75.5,58.2,41.1,36.7,41.8,9.5,48.1,34.3,53.8,24.5,41.8,58.9,63.3,0.0,0.0,0.0,0.0,0.0,0.0,0.0,0.0,0.0,3000.0,30.00,30,40,40,76,116,884,1,53.2,50.6,55.5,45.4,48.8,42.9,49.6,43.0,49.0,44.6,44.0,41.0,40.0,40.0,48.5,40.8,43.0,43.6,58.0,1.177,1.250,1.100,38.270,14.208,38.273,74.500,7.355,77.319,4.491,5.889,4.099,5.402,3.664,5.651,4.704,3.397,3.119,44.954,17.760,70.804,77.316,2000.0,3000.0,5234.4,5234.4,5250.0,47.7,31.9,41.4,47.7,53.3,Ne,Ne,Ne,5.495,2.715,4.7,29,53,42,26,1.172,5.040,3.408,3.328,12.192,1.101,1.243,3.408,3.280,3.328,1.056,1.056,1.048,1.359,1.814,0.936,3.344,0.064,0.048,0.048,0.048,1.016,1.016,1154,954,2749,51.0,57.4,43,43,22491822,1.167,1.238,605063,11,14,7361944,53,18,6780614,182.5,1.9,41.0,1.365,1.365,1.815,1.800,0.990,5.110,1.250,Ne,Ne,Ne,38.8,1.365,1.365,1.815,1.800,0.990,5.110,0.625,Ne,Ne,Ne,64,78,99.0,100.0,Ne,Ne,30663,54285,62.4,0.1,62.4,52.564,0.410,76841,221613,55.0,60.0,72.0,1.091,1137,3197.0,2238.0,100.0,98.7,25.0,1.9,1.9,23.0,10961,922,32.0,334225,0.0,42.6,0.725,30.000,17.000,62.000,600.0,3000.0,1200.0,100.0,0.0,0.0,0.0,0.0,0.0,0.0,0.0,0.0,0,0,16.0,246,Ne,Ne,Ne,222.6,222.7,4.49,4.49,0.00,4.38,0.11,0,0,0.0,0.0,0,0,0.0,0.0,0,0,0.0,0.0,157206,4525,13.7,78.1,0,0.0,
20.5.2026,12:36:55.871,33264,9895,77.0,19442,12453,60.9,0.7,1.180,1.185,1.185,1.175,1.175,1.175,1.175,1.185,1.185,5225.0,5225.0,5225.0,5225.0,5225.0,5225.0,5225.0,5225.0,5225.0,100.0,2140.2,4737.9,2321.9,1786.5,1975.2,2664.1,2442.7,1245.1,1813.8,3205.3,2856.7,2204.3,2169.1,971.5,1628.7,740.6,1480.2,2140.2,37.7,82.6,41.4,31.2,34.3,47.7,42.8,21.3,31.5,59.6,52.1,38.8,37.8,16.5,28.3,12.3,25.6,82.6,37.7,43.7,92.8,47.8,36.5,40.1,55.1,50.0,25.2,36.8,67.8,59.9,45.2,44.3,19.6,32.9,14.8,29.8,43.7,52.2,52.2,52.2,52.2,52.2,52.2,52.2,52.2,52.2,0.0,61.4,90.5,55.9,68.2,49.3,83.0,60.7,44.4,39.2,38.1,9.5,43.6,31.8,49.7,17.0,39.3,54.4,59.5,0.5,0.0,0.5,0.0,1.1,0.0,0.0,1.2,1.3,3000.0,30.00,30,40,40,76,116,884,1,54.0,51.6,54.6,46.0,49.6,43.6,50.0,43.6,49.9,45.1,44.6,41.3,40.2,40.2,48.5,41.2,43.1,43.9,58.0,1.177,1.250,1.100,39.984,14.305,39.946,73.750,7.374,79.484,4.712,6.179,4.403,5.484,3.878,6.005,4.901,3.583,3.263,46.972,17.881,72.965,79.477,2000.0,3000.0,5234.0,5234.0,5250.0,49.1,33.3,41.0,49.1,54.3,Ne,Ne,Ne,5.992,3.518,4.9,29,54,43,26,1.181,5.040,3.408,3.328,12.288,1.101,1.243,3.408,3.280,3.328,1.056,1.056,1.048,1.359,1.814,0.936,3.344,0.064,0.048,0.048,0.048,1.016,1.016,1152,933,2721,51.0,57.4,43,44,22491906,1.179,1.238,605066,60,14,7361966,43,17,6780640,182.5,1.9,41.0,1.365,1.365,1.815,1.800,1.005,5.110,0.750,Ne,Ne,Ne,38.8,1.365,1.365,1.815,1.800,1.005,5.110,0.375,Ne,Ne,Ne,64,78,99.0,100.0,Ne,Ne,30663,54285,74.7,0.1,74.8,90.664,0.599,77015,221615,55.0,61.0,71.0,1.088,1231,3188.0,2238.0,100.0,95.8,24.0,1.9,1.9,26.0,10952,1160,32.0,334230,0.0,42.6,0.725,61.000,17.000,93.000,600.0,3000.0,1200.0,100.0,0.0,0.0,0.0,0.0,0.0,0.0,0.0,0.0,0,0,16.0,246,Ne,Ne,Ne,207.0,206.7,4.83,4.66,0.00,4.70,0.13,0,0,0.0,0.0,0,0,0.0,0.0,0,0,0.0,0.0,157207,4525,282.5,18.6,0,0.0,
20.5.2026,12:36:57.867,33213,9946,76.9,19412,12483,60.8,0.7,1.177,1.175,1.175,1.175,1.175,1.180,1.180,1.180,1.180,5153.6,5225.0,5225.0,5225.0,5225.0,5225.0,5225.0,4653.5,5225.0,100.0,1924.4,4601.7,2273.2,1306.3,1826.1,2298.6,2314.8,960.8,1612.6,2836.1,2774.6,1834.1,2005.3,679.6,1499.3,574.6,1392.7,1924.4,34.1,78.8,40.9,22.6,32.0,41.1,40.5,16.8,28.4,52.4,50.9,32.0,35.3,11.9,26.5,10.0,24.6,78.8,34.1,39.0,88.5,46.7,26.3,36.9,47.5,47.1,19.3,32.5,59.7,58.1,37.1,40.9,13.5,30.2,11.4,28.0,39.0,51.5,52.2,52.2,52.2,52.2,52.2,52.2,46.5,52.2,0.0,56.1,87.9,49.7,60.7,44.2,76.2,54.7,39.5,36.2,43.9,12.1,50.3,39.3,55.8,23.8,45.3,60.5,63.8,0.0,0.0,0.0,0.0,0.0,0.0,0.0,0.0,0.0,3000.0,30.00,30,40,40,76,116,884,1,53.1,50.1,53.8,45.0,48.4,42.5,48.9,42.7,48.7,44.2,43.8,40.8,40.0,40.0,49.2,40.8,43.1,44.0,58.0,1.177,1.250,1.100,36.668,13.991,36.699,69.500,7.359,75.079,4.279,5.675,3.892,4.974,3.546,5.482,4.438,3.197,3.025,43.058,17.489,68.642,75.113,2000.0,3000.0,5234.4,5234.4,5250.0,46.4,30.6,38.6,46.4,52.8,Ne,Ne,Ne,3.832,2.366,4.5,29,53,42,26,1.163,5.040,3.408,3.328,12.192,1.101,1.243,3.392,3.280,3.328,1.056,1.056,1.048,1.350,1.814,0.936,3.344,0.064,0.048,0.048,0.048,1.016,1.016,1162,932,2727,51.0,57.4,43,44,22491992,1.183,1.238,605068,30,13,7362086,55,17,6780756,182.5,1.9,41.0,1.365,1.365,1.815,1.800,1.005,5.040,0.375,Ne,Ne,Ne,38.8,1.365,1.365,1.815,1.800,1.005,5.040,1.000,Ne,Ne,Ne,64,78,99.0,100.0,Ne,Ne,30663,54285,11.9,0.7,12.6,18.859,0.575,77051,221616,56.0,62.0,73.0,1.091,1321,3193.0,2238.0,100.0,98.8,25.0,2.0,2.0,28.0,10944,1160,32.0,334230,0.0,42.6,0.725,40.000,17.000,71.000,600.0,3000.0,1200.0,100.0,0.0,0.0,0.0,0.0,0.0,0.0,0.0,0.0,0,0,16.0,246,Ne,Ne,Ne,225.4,225.5,4.44,4.43,0.00,4.32,0.12,0,0,0.0,0.0,0,0,0.0,0.0,0,0,0.0,0.0,157207,4525,157.2,18.6,0,0.0,
20.5.2026,12:36:59.869,33232,9927,76.9,19448,12447,60.9,0.7,1.179,1.175,1.180,1.180,1.180,1.180,1.180,1.180,1.180,5225.0,5225.0,5225.0,5225.0,5225.0,5225.0,5225.0,5225.0,5225.0,100.0,2243.8,4725.1,2642.3,1655.0,2230.7,2571.3,2784.6,1249.2,1974.1,2731.5,3466.3,2231.8,2423.3,935.7,1884.7,725.5,1669.5,2243.8,39.6,78.7,48.1,28.6,39.2,45.5,50.2,21.6,34.7,49.5,64.6,39.2,42.6,16.1,33.4,12.3,29.4,78.7,39.6,45.6,88.8,55.0,33.5,45.4,52.8,58.1,25.3,40.1,56.9,73.5,45.6,49.4,18.9,38.4,14.5,33.9,45.6,52.2,52.2,52.2,52.2,52.2,52.2,52.2,52.2,52.2,0.0,63.7,90.3,58.2,70.2,52.8,81.9,64.2,49.0,43.2,36.3,9.7,41.8,29.8,47.2,18.1,35.8,51.0,56.8,0.0,0.0,0.0,0.0,0.0,0.0,0.0,0.0,0.0,3000.0,30.00,30,40,40,76,116,884,1,53.4,51.4,52.0,46.5,49.5,44.1,50.6,44.4,50.1,45.9,45.3,42.0,40.5,40.5,49.2,41.2,43.5,44.0,58.0,1.177,1.250,1.100,41.541,14.286,41.543,74.250,7.382,81.463,4.862,6.081,4.558,5.641,4.156,5.990,5.137,3.831,3.499,48.814,17.858,74.792,81.427,2000.0,3000.0,5233.1,5233.1,5250.0,50.3,34.6,41.2,50.3,54.1,Ne,Ne,Ne,6.658,4.588,5.1,29,53,42,26,1.172,5.040,3.408,3.328,12.192,1.101,1.243,3.392,3.280,3.328,1.056,1.056,1.048,1.350,1.814,0.936,3.328,0.064,0.048,0.048,0.048,1.016,1.016,1169,928,2743,51.0,57.4,44,44,22492076,1.164,1.238,605070,21,14,7362146,12,17,6780817,182.5,1.9,41.0,1.350,1.365,1.815,1.800,1.005,5.040,0.625,Ne,Ne,Ne,38.8,1.365,1.365,1.815,1.800,1.005,5.040,0.875,Ne,Ne,Ne,64,78,99.0,100.0,Ne,Ne,30663,54285,5.4,0.1,5.5,26.368,1.115,77101,221618,55.0,62.0,72.0,1.095,1411,3200.0,2238.0,100.0,98.7,25.0,2.2,2.2,31.0,10944,1160,32.0,334230,0.0,42.7,0.725,22.000,16.000,53.000,600.0,3000.0,1200.0,100.0,0.0,0.0,0.0,0.0,0.0,0.0,0.0,0.0,0,0,16.0,246,Ne,Ne,Ne,219.5,219.1,4.55,4.56,0.00,4.43,0.12,0,0,0.0,0.0,0,0,0.0,0.0,0,0,0.0,0.0,157208,4525,179.5,16.4,0,0.0,
20.5.2026,12:37:1.871,33202,9957,76.9,19445,12449,60.9,0.7,1.181,1.185,1.165,1.165,1.175,1.175,1.195,1.195,1.195,5225.0,5225.0,5225.0,5225.0,5225.0,5225.0,5225.0,5225.0,5225.0,100.0,2216.4,4793.7,2477.6,1768.4,2114.6,2676.9,2652.7,1303.4,1870.6,3173.7,2919.6,2363.3,2259.0,1092.6,1618.2,957.8,1420.6,2216.4,38.9,82.9,45.0,30.4,36.8,46.8,47.1,22.0,32.6,58.5,53.2,41.1,39.3,18.4,28.3,16.1,24.5,82.9,38.9,45.1,93.3,51.7,35.9,43.0,54.7,54.8,26.2,38.0,67.1,61.2,48.1,46.0,21.9,32.9,19.2,28.6,45.1,52.2,52.2,52.2,52.2,52.2,52.2,52.2,52.2,52.2,0.0,63.2,91.6,58.1,69.8,51.6,81.0,63.8,47.1,42.8,36.6,8.4,41.9,30.2,48.0,19.0,36.2,52.4,56.4,0.2,0.0,0.0,0.0,0.3,0.0,0.0,0.5,0.7,3000.0,30.00,30,40,40,76,116,884,1,53.9,51.9,53.8,46.9,50.1,44.4,51.0,44.5,50.7,46.3,45.5,42.3,40.9,40.9,48.8,41.1,43.9,44.0,58.0,1.177,1.250,1.100,41.183,14.229,41.172,72.500,7.373,80.864,4.860,6.166,4.556,5.637,4.069,6.080,5.141,3.742,3.487,48.403,17.787,74.300,80.875,2000.0,3000.0,5233.2,5233.2,5250.0,49.9,34.3,40.3,49.9,54.6,Ne,Ne,Ne,6.014,4.050,5.1,29,53,42,26,1.172,5.040,3.408,3.328,12.192,1.101,1.243,3.408,3.280,3.328,1.056,1.056,1.048,1.359,1.814,0.936,3.328,0.064,0.048,0.048,0.048,1.016,1.016,1166,918,2749,51.0,57.4,44,44,22492160,1.160,1.238,605073,37,14,7362188,70,22,6780861,182.5,1.9,41.0,1.365,1.365,1.815,1.800,1.005,5.040,0.625,Ne,Ne,Ne,38.8,1.365,1.365,1.815,1.800,1.005,5.040,1.750,Ne,Ne,Ne,64,78,99.0,100.0,Ne,Ne,30663,54285,5.0,0.1,5.1,13.871,0.380,77128,221619,55.0,62.0,72.0,1.086,1503,3189.0,2238.0,100.0,97.6,24.0,2.0,2.0,33.0,10960,1160,32.0,334246,0.0,42.9,0.725,4.000,17.000,102.000,600.0,3000.0,1200.0,100.0,0.0,0.0,0.0,0.0,0.0,0.0,0.0,0.0,0,0,16.0,246,Ne,Ne,Ne,218.5,218.3,4.58,4.58,0.00,4.45,0.12,0,0,0.0,0.0,0,0,0.0,0.0,0,0,0.0,0.0,157208,4525,174.2,15.5,0,0.0,
20.5.2026,12:37:3.870,33155,10003,76.8,19436,12459,60.9,0.7,1.176,1.165,1.165,1.165,1.180,1.180,1.185,1.185,1.185,5225.0,5225.0,5225.0,5225.0,5225.0,5225.0,5225.0,5225.0,5225.0,100.0,2201.1,4711.8,2592.4,1819.1,1963.6,2553.9,2747.4,1474.7,1649.3,3207.5,2895.9,2274.4,2244.5,1470.0,1221.5,1342.8,1049.1,2201.1,39.2,80.2,47.5,31.9,34.7,45.3,49.8,26.1,29.3,59.7,53.5,40.0,39.9,26.0,21.7,23.7,18.7,80.2,39.2,44.8,90.2,53.9,36.8,39.9,52.5,57.1,29.9,33.5,68.0,60.9,46.3,45.9,29.7,24.7,27.0,21.2,44.8,52.2,52.2,52.2,52.2,52.2,52.2,52.2,52.2,52.2,0.0,62.7,90.0,57.4,68.4,51.9,80.2,63.3,47.1,43.0,37.3,10.0,42.6,31.6,48.1,19.8,36.7,52.9,57.0,0.0,0.0,0.0,0.0,0.0,0.0,0.0,0.0,0.0,3000.0,30.00,30,40,40,76,116,884,1,53.9,51.8,52.4,46.8,50.2,44.3,51.0,44.6,50.4,46.0,45.6,42.3,40.9,40.9,48.8,41.2,44.0,44.0,58.0,1.178,1.250,1.100,40.747,14.221,40.746,72.750,7.380,80.339,4.803,6.140,4.510,5.613,4.078,5.888,5.005,3.720,3.471,47.899,17.776,73.793,80.357,2000.0,3000.0,5233.1,5233.1,5250.0,49.6,34.0,40.4,49.6,54.5,Ne,Ne,Ne,5.741,3.695,5.0,30,53,43,26,1.172,5.040,3.408,3.328,12.192,1.101,1.243,3.408,3.280,3.328,1.056,1.056,1.048,1.359,1.814,0.936,3.344,0.064,0.048,0.048,0.048,1.016,1.016,1170,932,2749,51.0,57.4,44,44,22492244,1.191,1.238,605075,26,13,7362262,34,18,6780935,182.5,1.9,41.0,1.365,1.365,1.800,1.800,1.005,5.040,1.625,Ne,Ne,Ne,38.8,1.365,1.365,1.815,1.800,1.005,5.040,1.000,Ne,Ne,Ne,64,78,99.0,100.0,Ne,Ne,30663,54285,49.4,1.5,50.8,23.280,0.588,77172,221620,55.0,62.0,72.0,1.088,1600,3192.0,2238.0,100.0,98.7,24.0,1.9,1.9,36.0,10960,1160,32.0,334246,0.0,42.9,0.725,38.000,17.000,69.000,600.0,3000.0,1200.0,100.0,0.0,0.0,0.0,0.0,0.0,0.0,0.0,0.0,0,0,16.0,246,Ne,Ne,Ne,214.1,214.3,4.67,4.67,0.00,4.55,0.12,0,0,0.0,0.0,0,0,0.0,0.0,0,0,0.0,0.0,157208,4525,172.1,24.8,0,0.0,
20.5.2026,12:37:5.867,33179,9980,76.8,19464,12430,61.0,0.7,1.176,1.175,1.170,1.170,1.170,1.170,1.185,1.185,1.185,5225.0,5225.0,5225.0,5225.0,5225.0,5225.0,5225.0,5225.0,5225.0,100.0,2395.2,4781.0,2801.4,2250.0,1975.7,2694.7,3049.6,1925.8,1623.3,2962.9,3586.4,2506.4,2443.3,2068.3,958.4,1984.7,712.1,2395.2,42.4,80.6,51.4,39.3,34.6,47.0,56.3,33.6,28.3,54.2,67.0,44.1,43.2,36.2,16.4,34.8,12.0,80.6,42.4,49.0,91.1,58.7,45.8,40.3,54.9,64.7,39.1,33.1,62.5,76.1,51.3,50.1,42.0,19.5,40.3,14.4,49.0,52.2,52.2,52.2,52.2,52.2,52.2,52.2,52.2,52.2,0.0,67.1,91.4,62.4,73.1,57.3,84.6,67.1,52.4,48.2,32.8,8.6,37.6,26.9,42.7,15.4,32.9,46.8,51.1,0.2,0.0,0.0,0.0,0.0,0.0,0.0,0.8,0.6,3000.0,30.00,30,40,40,76,116,884,1,54.8,52.9,54.6,47.9,51.0,45.5,52.2,45.8,51.8,47.3,46.7,43.3,41.4,41.4,49.2,41.2,44.0,44.0,58.0,1.178,1.250,1.100,43.690,14.411,43.669,75.750,7.395,84.214,5.154,6.366,4.880,5.984,4.455,6.308,5.407,4.054,3.780,51.402,18.014,77.549,84.190,2000.0,3000.0,5232.1,5232.1,5250.0,52.0,36.4,42.1,52.0,55.7,Ne,Ne,Ne,7.186,4.777,5.4,30,55,43,26,1.181,5.040,3.392,3.328,12.192,1.101,1.243,3.408,3.280,3.328,1.056,1.056,1.048,1.359,1.814,0.936,3.344,0.064,0.048,0.048,0.048,1.016,1.016,1188,954,2749,51.0,57.4,44,44,22492330,1.167,1.238,605077,69,14,7362314,46,17,6780988,182.5,1.9,41.0,1.365,1.365,1.815,1.800,1.005,5.040,0.875,Ne,Ne,Ne,38.8,1.365,1.365,1.815,1.800,1.005,5.040,0.625,Ne,Ne,Ne,64,78,99.0,100.0,Ne,Ne,30663,54285,13.1,0.3,13.4,5.331,0.210,77183,221620,55.0,62.0,71.0,1.088,1686,3192.0,2238.0,100.0,97.3,24.0,1.9,1.9,37.0,10960,1160,32.0,334246,0.0,43.1,0.725,1.000,17.000,99.000,600.0,3000.0,1200.0,100.0,0.0,0.0,0.0,0.0,0.0,0.0,0.0,0.0,0,0,16.0,246,Ne,Ne,Ne,206.9,206.9,4.83,4.83,0.00,4.71,0.12,0,0,0.0,0.0,0,0,0.0,0.0,0,0,0.0,0.0,157208,4525,41.5,11.5,0,0.0,
20.5.2026,12:37:7.870,33185,9974,76.8,19490,12405,61.1,0.7,1.174,1.170,1.175,1.175,1.175,1.175,1.175,1.175,1.175,5225.0,5225.0,5225.0,5225.0,5225.0,5225.0,5225.0,5225.0,5225.0,100.0,2447.1,4658.7,2848.5,2369.2,2010.1,2786.6,3125.4,2051.1,1572.5,2728.8,3959.4,2512.3,2610.5,2229.9,908.0,2174.0,609.2,2447.1,43.9,78.8,52.9,42.0,35.6,49.2,58.0,36.4,28.0,49.9,74.6,44.5,47.5,39.8,16.3,38.8,10.9,78.8,43.9,50.2,88.9,60.0,48.4,41.0,57.0,66.3,41.7,32.0,57.4,84.1,51.3,54.4,45.4,18.5,44.2,12.3,50.2,52.2,52.2,52.2,52.2,52.2,52.2,52.2,52.2,52.2,0.0,68.3,89.1,64.6,75.0,58.4,86.0,69.2,54.1,50.0,31.7,10.9,35.4,25.0,41.6,14.0,30.8,45.9,50.0,0.0,0.0,0.0,0.0,0.0,0.0,0.0,0.0,0.0,3000.0,30.00,30,40,40,76,116,884,1,55.8,54.0,55.9,48.8,51.6,46.2,53.3,46.6,52.8,48.2,47.5,44.1,42.0,42.0,49.0,41.4,44.0,44.0,58.0,1.179,1.250,1.100,45.136,14.450,45.154,74.500,7.391,85.997,5.313,6.403,5.030,6.240,4.594,6.512,5.594,4.210,3.923,53.136,18.062,79.328,86.020,2000.0,3000.0,5231.6,5231.6,5250.0,53.1,37.6,41.4,53.1,56.8,Ne,Ne,Ne,7.302,4.656,5.5,30,55,44,26,1.181,5.040,3.408,3.328,12.192,1.101,1.243,3.408,3.280,3.328,1.056,1.056,1.048,1.359,1.814,0.928,3.344,0.064,0.048,0.048,0.048,1.016,1.016,1203,954,2749,51.0,57.4,44,44,22492416,1.187,1.234,605080,30,14,7362452,56,17,6781121,182.5,1.9,41.0,1.365,1.365,1.815,1.800,1.005,5.040,0.750,Ne,Ne,Ne,38.8,1.365,1.365,1.815,1.800,1.005,5.040,0.875,Ne,Ne,Ne,64,78,99.0,100.0,Ne,Ne,30663,54285,39.4,0.0,39.5,29.021,0.153,77238,221620,55.0,63.0,71.0,1.092,1727,3200.0,2238.0,100.0,99.1,25.0,2.0,2.0,37.0,10960,1160,32.0,334246,0.0,43.2,0.725,2.000,18.000,101.000,600.0,3000.0,1200.0,100.0,0.0,0.0,0.0,0.0,0.0,0.0,0.0,0.0,0,0,16.0,246,Ne,Ne,Ne,214.0,213.5,4.67,4.68,0.00,4.55,0.12,0,0,0.0,0.0,0,0,0.0,0.0,0,0,0.0,0.0,157208,4525,35.7,11.4,0,0.0,
20.5.2026,12:37:9.871,33157,10002,76.8,19453,12442,60.9,0.7,1.183,1.185,1.175,1.175,1.185,1.185,1.185,1.185,1.185,5225.0,5225.0,5225.0,5225.0,5225.0,5225.0,5225.0,5225.0,5225.0,100.0,2633.5,4824.8,3070.3,2637.0,2280.8,3057.5,3075.9,2379.9,1823.9,3295.7,3425.8,2888.2,2631.0,2406.8,1162.7,2279.5,895.7,2633.5,46.5,80.8,56.8,46.1,40.1,55.6,56.2,41.5,31.4,59.8,63.3,51.4,45.7,42.1,19.6,39.7,14.7,80.8,46.5,54.0,91.6,65.0,53.8,47.0,64.8,65.1,48.4,36.9,69.1,72.7,59.8,53.6,48.9,23.4,46.2,17.9,54.0,52.2,52.2,52.2,52.2,52.2,52.2,52.2,52.2,52.2,0.0,71.8,92.2,69.8,77.3,64.1,84.6,73.2,58.9,54.1,28.2,7.8,30.2,22.7,35.9,15.4,26.8,41.1,45.9,0.0,0.0,0.0,0.0,0.0,0.0,0.0,0.0,0.0,3000.0,30.00,30,40,40,76,116,884,1,56.4,54.5,55.9,49.8,52.4,47.5,54.1,47.9,53.4,49.3,48.5,45.1,42.5,42.5,48.8,41.3,44.0,44.0,58.0,1.179,1.250,1.100,47.231,14.494,47.236,75.500,7.428,88.633,5.575,6.631,5.422,6.404,4.967,6.571,5.872,4.510,4.226,55.633,18.117,81.921,88.654,2000.0,3000.0,5230.2,5230.2,5250.0,54.7,39.4,41.9,54.7,57.4,Ne,Ne,Ne,8.104,5.146,5.7,30,56,45,26,1.181,5.040,3.408,3.328,12.192,1.101,1.243,3.408,3.280,3.328,1.056,1.056,1.048,1.350,1.814,0.928,3.344,0.064,0.048,0.048,0.048,1.016,1.016,1221,994,2749,51.0,57.4,44,44,22492504,1.167,1.238,605082,52,13,7362512,81,18,6781182,182.5,1.9,41.0,1.365,1.365,1.815,1.800,1.005,5.040,1.000,Ne,Ne,Ne,38.8,1.365,1.365,1.815,1.800,1.005,5.040,1.625,Ne,Ne,Ne,64,78,99.0,100.0,Ne,Ne,30663,54285,7.9,0.0,8.0,11.733,0.418,77261,221621,54.0,63.0,70.0,1.091,1728,3198.0,2238.0,100.0,98.6,24.0,2.3,2.3,36.0,10960,1160,32.0,334246,0.0,43.3,0.725,19.000,17.000,52.000,600.0,3000.0,1200.0,100.0,0.0,0.0,0.0,0.0,0.0,0.0,0.0,0.0,0,0,16.0,246,Ne,Ne,Ne,206.6,206.9,4.84,4.84,0.00,4.72,0.12,0,0,0.0,0.0,0,0,0.0,0.0,0,0,0.0,0.0,157210,4525,551.1,21.9,0,0.0,
20.5.2026,12:37:11.869,33232,9927,76.9,19468,12427,61.0,0.7,1.181,1.175,1.175,1.185,1.185,1.185,1.180,1.180,1.180,5225.0,5225.0,5225.0,5225.0,5225.0,5225.0,5225.0,5225.0,5225.0,100.0,2636.4,4808.0,3026.3,2540.8,2361.6,2955.2,3248.8,2188.8,1990.2,3505.2,3252.0,2828.3,2777.4,2128.7,1410.2,1893.8,1266.5,2636.4,46.6,81.3,56.0,44.3,41.0,54.0,59.5,38.0,34.1,65.0,59.6,50.6,48.3,36.7,24.0,32.3,21.4,81.3,46.6,53.9,91.9,64.1,51.5,47.8,62.6,68.6,44.2,40.0,74.4,68.9,58.5,56.3,42.7,28.2,37.7,25.2,53.9,52.2,52.2,52.2,52.2,52.2,52.2,52.2,52.2,52.2,0.0,71.9,91.9,69.1,78.2,64.1,84.7,73.2,59.2,55.0,27.9,8.1,30.9,21.8,35.9,15.3,26.8,40.4,44.3,0.1,0.0,0.0,0.0,0.0,0.0,0.0,0.4,0.7,3000.0,30.00,30,40,40,76,116,884,1,56.5,54.8,57.6,49.8,52.4,47.4,54.1,47.8,53.7,49.3,48.5,45.1,42.6,42.6,49.8,41.7,44.0,44.0,58.0,1.180,1.250,1.100,46.986,14.511,46.968,78.750,7.429,88.381,5.544,6.560,5.368,6.333,4.910,6.670,5.868,4.452,4.195,55.373,18.139,81.684,88.393,2000.0,3000.0,5230.4,5230.4,5250.0,54.6,39.1,43.8,54.6,57.7,Ne,Ne,Ne,8.180,5.215,5.8,30,56,45,26,1.181,5.040,3.408,3.328,12.192,1.101,1.234,3.408,3.280,3.328,1.056,1.056,1.048,1.350,1.814,0.928,3.344,0.064,0.048,0.048,0.048,1.016,1.016,1222,1008,2749,51.0,57.4,44,44,22492594,1.179,1.238,605084,49,13,7362616,12,16,6781283,182.5,1.9,41.2,1.350,1.365,1.815,1.800,1.005,5.040,0.875,Ne,Ne,Ne,38.8,1.365,1.365,1.815,1.800,1.005,5.040,0.875,Ne,Ne,Ne,64,78,99.0,100.0,Ne,Ne,30663,54285,39.4,0.1,39.6,29.194,1.864,77316,221625,54.0,62.0,71.0,1.085,1709,3180.0,2238.0,100.0,96.9,24.0,1.9,1.9,36.0,10960,1160,32.0,334246,0.0,43.4,0.725,47.000,17.000,80.000,600.0,3000.0,1200.0,100.0,0.0,0.0,0.0,0.0,0.0,0.0,0.0,0.0,0,0,16.0,246,Ne,Ne,Ne,224.0,224.3,4.46,4.46,0.00,4.34,0.12,0,0,0.0,0.0,0,0,0.0,0.0,0,0,0.0,0.0,157211,4525,815.0,32.9,0,0.0,
20.5.2026,12:37:13.872,33253,9906,77.0,19453,12442,60.9,0.7,1.174,1.185,1.185,1.170,1.170,1.170,1.170,1.170,1.170,5225.0,5225.0,5225.0,5225.0,5225.0,5225.0,5225.0,5225.0,5225.0,100.0,2511.6,4764.2,2884.6,2156.4,2407.0,2727.6,3197.1,1747.6,2162.4,3138.8,3462.3,2585.1,2750.4,1388.3,1928.3,1120.3,1765.0,2511.6,44.9,81.6,52.7,38.3,42.0,50.2,58.9,31.0,37.9,58.4,63.8,45.8,49.2,24.5,33.8,19.7,30.9,81.6,44.9,51.6,91.9,60.3,44.1,48.7,57.8,67.9,35.7,43.8,66.8,73.0,52.9,57.1,28.2,38.9,22.6,35.5,51.6,52.2,52.2,52.2,52.2,52.2,52.2,52.2,52.2,52.2,0.0,69.7,91.1,66.5,75.8,61.6,83.6,71.0,56.6,51.3,30.3,8.9,33.5,24.2,38.4,16.4,29.0,43.4,48.7,0.0,0.0,0.0,0.0,0.0,0.0,0.0,0.0,0.0,3000.0,30.00,30,40,40,76,116,884,1,56.2,54.3,53.2,49.3,52.0,46.8,53.8,47.3,53.2,48.8,48.1,44.6,42.5,42.5,49.8,41.6,44.0,44.0,58.0,1.179,1.250,1.100,45.533,14.504,45.548,74.000,7.409,86.679,5.359,6.389,5.119,6.241,4.727,6.463,5.687,4.259,3.990,53.625,18.129,79.904,86.652,2000.0,3000.0,5230.7,5230.7,5250.0,53.5,38.0,41.1,53.5,57.1,Ne,Ne,Ne,8.111,5.287,5.6,30,56,45,26,1.172,5.040,3.408,3.328,12.288,1.101,1.243,3.408,3.280,3.328,1.056,1.056,1.048,1.359,1.814,0.928,3.344,0.064,0.048,0.048,0.048,1.016,1.016,1225,971,2727,51.0,57.4,44,44,22492684,1.179,1.238,605087,20,14,7362714,84,17,6781379,182.5,1.9,41.2,1.365,1.365,1.815,1.800,1.005,5.040,2.250,Ne,Ne,Ne,38.8,1.365,1.365,1.815,1.800,1.005,5.040,1.000,Ne,Ne,Ne,64,78,99.0,100.0,Ne,Ne,30663,54285,18.3,0.3,18.6,19.925,2.426,77355,221629,54.0,62.0,70.0,1.088,1691,3182.0,2238.0,100.0,98.4,23.0,2.1,2.1,35.0,10960,1141,32.0,334246,0.0,43.4,0.725,57.000,18.000,91.000,600.0,3000.0,1200.0,100.0,0.0,0.0,0.0,0.0,0.0,0.0,0.0,0.0,0,0,16.0,246,Ne,Ne,Ne,242.4,242.3,4.13,4.13,0.00,4.00,0.12,0,0,0.0,0.0,0,0,0.0,0.0,0,0,0.0,0.0,157213,4525,1057.5,35.1,0,0.0,
20.5.2026,12:37:15.871,33265,9894,77.0,19448,12447,60.9,0.7,1.180,1.180,1.180,1.180,1.180,1.180,1.180,1.180,1.180,5225.0,5225.0,5225.0,5225.0,5225.0,5225.0,5225.0,5225.0,5225.0,100.0,2508.8,4774.6,2804.6,2012.2,2584.9,2603.4,3340.9,1476.2,2354.6,2762.1,3963.8,2450.6,2854.7,1169.4,2162.9,948.6,1878.0,2508.8,44.6,80.3,52.2,35.3,45.2,47.0,61.4,25.5,41.1,50.2,74.3,43.2,51.4,20.1,37.8,16.1,32.5,80.3,44.6,51.5,90.7,60.0,41.2,52.7,54.5,70.6,30.0,47.8,58.1,84.4,50.2,59.7,23.7,43.9,19.1,37.9,51.5,52.2,52.2,52.2,52.2,52.2,52.2,52.2,52.2,52.2,0.0,70.2,91.3,67.1,77.3,60.3,87.6,72.0,56.6,49.7,29.3,8.7,32.8,22.7,38.7,12.4,28.0,42.1,48.9,0.5,0.0,0.1,0.0,1.0,0.0,0.0,1.3,1.4,3000.0,30.00,30,40,40,76,116,884,1,56.2,54.1,55.9,49.1,52.0,46.6,53.3,47.0,52.9,48.6,48.0,44.2,42.3,42.3,49.8,41.8,44.0,44.0,58.0,1.179,1.250,1.100,44.877,14.415,44.873,73.750,7.413,85.621,5.288,6.421,5.073,6.078,4.617,6.388,5.623,4.256,3.848,52.843,18.018,79.016,85.642,2000.0,3000.0,5230.7,5230.7,5250.0,52.9,37.4,41.0,52.9,56.9,Ne,Ne,Ne,6.881,4.231,5.6,30,56,45,26,1.181,5.040,3.408,3.328,12.288,1.101,1.243,3.408,3.280,3.328,1.056,1.056,1.048,1.359,1.814,0.928,3.344,0.064,0.048,0.048,0.048,1.016,1.016,1227,990,2749,51.0,57.4,44,44,22492774,1.179,1.238,605089,35,13,7362754,65,16,6781421,182.5,1.9,41.2,1.365,1.365,1.800,1.800,1.005,5.040,0.375,Ne,Ne,Ne,39.0,1.365,1.365,1.800,1.800,1.005,5.040,1.000,Ne,Ne,Ne,63,78,99.0,100.0,Ne,Ne,30663,54285,48.3,0.3,48.6,26.989,2.287,77406,221634,53.0,62.0,69.0,1.086,1682,3182.0,2238.0,100.0,94.3,23.0,2.3,2.3,35.0,10960,1141,32.0,334246,0.0,43.5,0.725,15.000,18.000,114.000,600.0,3000.0,1200.0,100.0,0.0,0.0,0.0,0.0,0.0,0.0,0.0,0.0,0,0,16.0,246,Ne,Ne,Ne,239.5,238.7,4.18,4.17,0.00,4.05,0.12,0,0,0.0,0.0,0,0,0.0,0.0,0,0,0.0,0.0,157215,4526,951.9,48.9,0,0.0,
20.5.2026,12:37:17.868,33281,9878,77.1,19405,12490,60.8,0.7,1.172,1.190,1.170,1.170,1.170,1.170,1.170,1.170,1.170,5225.0,5225.0,5225.0,5225.0,5225.0,5225.0,5225.0,5225.0,5225.0,100.0,2595.0,4766.1,3094.2,1908.1,2796.2,2803.7,3319.7,1481.8,2515.6,3225.8,3535.4,2491.7,3013.8,1142.1,2362.9,936.3,2126.0,2595.0,46.4,78.8,57.5,33.6,51.3,49.6,61.2,26.0,44.4,59.8,65.6,44.1,55.2,20.0,41.7,16.3,37.3,78.8,46.4,53.2,89.0,65.5,38.9,59.0,57.4,70.3,30.0,51.1,68.4,75.0,50.9,63.5,23.1,47.9,18.7,42.9,53.2,52.2,52.2,52.2,52.2,52.2,52.2,52.2,52.2,52.2,0.0,70.9,91.1,67.7,76.8,62.3,84.5,72.6,59.1,53.4,29.1,8.9,32.3,23.2,37.7,15.5,27.4,40.9,46.6,0.0,0.0,0.0,0.0,0.0,0.0,0.0,0.0,0.0,3000.0,30.00,30,40,40,76,116,884,1,56.8,55.1,57.6,50.1,53.0,47.8,54.4,48.0,54.0,49.6,48.8,45.1,42.7,42.7,49.8,42.1,44.1,44.0,58.0,1.180,1.250,1.100,47.228,14.529,47.232,75.500,7.433,88.702,5.547,6.638,5.387,6.348,4.845,6.639,5.883,4.524,4.110,55.647,18.161,81.984,88.718,2000.0,3000.0,5230.1,5230.1,5250.0,54.8,39.4,41.9,54.8,58.0,Ne,Ne,Ne,8.413,5.170,5.7,30,56,45,26,1.181,5.040,3.408,3.328,12.288,1.101,1.234,3.408,3.280,3.328,1.056,1.056,1.048,1.359,1.814,0.928,3.344,0.064,0.048,0.048,0.048,1.016,1.016,1216,992,2777,51.0,57.4,44,44,22492864,1.179,1.238,605092,57,14,7362824,85,17,6781491,182.5,1.9,41.2,1.365,1.365,1.800,1.800,1.005,5.040,1.000,Ne,Ne,Ne,39.0,1.365,1.365,1.800,1.800,1.005,5.040,2.125,Ne,Ne,Ne,63,78,99.0,100.0,Ne,Ne,30663,54285,2.7,0.3,2.9,9.001,1.913,77423,221637,53.0,62.0,70.0,1.068,1680,3151.0,2238.0,100.0,94.3,23.0,2.3,2.3,35.0,10960,1141,32.0,334246,0.0,43.5,0.725,2.000,18.000,101.000,600.0,3000.0,1200.0,100.0,0.0,0.0,0.0,0.0,0.0,0.0,0.0,0.0,0,0,16.0,246,Ne,Ne,Ne,210.0,210.2,4.76,4.76,0.00,4.64,0.12,0,0,0.0,0.0,0,0,0.0,0.0,0,0,0.0,0.0,157217,4526,793.1,30.8,0,0.0,
20.5.2026,12:37:19.868,33243,9916,77.0,19382,12512,60.7,0.7,1.188,1.190,1.190,1.190,1.190,1.190,1.185,1.185,1.185,5225.0,5225.0,5225.0,5225.0,5225.0,5225.0,5225.0,5225.0,5225.0,100.0,2615.0,4876.0,2953.5,2033.1,2737.4,2944.2,3345.4,1673.5,2410.4,3203.3,3497.3,2584.1,2930.4,1490.9,2060.9,1166.0,1933.1,2615.0,46.6,84.3,54.5,35.0,50.1,52.6,61.6,28.8,41.8,58.9,64.6,45.3,53.7,25.6,35.6,19.5,33.2,84.3,46.6,53.8,95.0,62.5,41.0,58.0,61.1,70.9,33.8,48.6,67.9,74.2,52.9,62.1,30.0,41.4,23.2,38.6,53.8,52.2,52.2,52.2,52.2,52.2,52.2,52.2,52.2,52.2,0.0,71.6,93.2,68.0,79.4,62.9,84.0,72.2,59.3,53.9,28.4,6.8,32.0,20.6,37.1,16.0,27.8,40.7,46.1,0.0,0.0,0.0,0.0,0.0,0.0,0.0,0.0,0.0,3000.0,30.00,30,40,40,76,116,884,1,56.8,54.9,55.9,50.0,53.1,47.6,54.1,47.9,53.9,49.5,48.8,45.2,42.8,42.8,49.5,42.1,44.3,44.0,58.0,1.180,1.250,1.100,46.791,14.450,46.793,76.750,7.431,88.056,5.486,6.646,5.304,6.229,4.799,6.554,5.800,4.471,4.084,55.137,18.063,81.374,88.054,2000.0,3000.0,5230.4,5230.4,5250.0,54.4,39.0,42.6,54.4,57.8,Ne,Ne,Ne,7.727,4.468,5.7,30,56,45,26,1.172,5.040,3.408,3.328,12.288,1.101,1.243,3.408,3.280,3.328,1.056,1.056,1.048,1.359,1.814,0.928,3.344,0.064,0.048,0.048,0.048,1.016,1.016,1231,993,2727,51.0,57.4,44,44,22492954,1.175,1.238,605094,16,15,7362938,76,19,6781602,182.5,1.9,41.2,1.365,1.365,1.800,1.800,0.990,5.040,1.000,Ne,Ne,Ne,39.0,1.365,1.365,1.800,1.800,1.005,5.040,0.875,Ne,Ne,Ne,63,78,99.0,100.0,Ne,Ne,30663,54285,3.3,0.2,3.5,5.940,2.175,77435,221642,53.0,62.0,68.0,1.078,1678,3172.0,2238.0,100.0,98.9,22.0,2.2,2.2,35.0,10960,1141,32.0,334246,0.0,43.6,0.725,61.000,18.000,94.000,600.0,3000.0,1200.0,100.0,0.0,0.0,0.0,0.0,0.0,0.0,0.0,0.0,0,0,16.0,246,Ne,Ne,Ne,244.3,243.6,4.09,4.08,0.00,3.97,0.13,0,0,0.0,0.0,0,0,0.0,0.0,0,0,0.0,0.0,157219,4526,1309.9,44.0,0,0.0,
20.5.2026,12:37:21.870,33245,9914,77.0,19352,12543,60.6,0.7,1.177,1.175,1.175,1.175,1.175,1.175,1.175,1.175,1.190,5153.6,5225.0,5225.0,5225.0,5225.0,5225.0,5225.0,5225.0,4653.5,100.0,2555.6,4848.0,2966.3,2301.6,2415.5,2889.2,3125.4,1990.1,2006.4,2922.6,3714.3,2761.4,2667.0,1953.9,1409.9,1725.5,1193.3,2555.6,45.3,81.6,54.9,40.0,42.2,52.8,57.1,34.4,34.7,53.7,69.0,48.5,47.5,33.8,24.1,29.5,20.3,81.6,45.3,52.3,91.9,62.8,46.7,49.1,61.1,66.0,40.3,40.6,61.9,78.8,56.3,55.2,39.4,28.3,34.6,23.9,52.3,51.5,52.2,52.2,52.2,52.2,52.2,52.2,52.2,46.5,0.0,70.5,92.7,67.8,76.6,62.2,85.0,71.6,56.6,51.1,29.1,7.3,32.2,23.4,37.0,15.0,28.4,42.2,47.5,0.4,0.0,0.0,0.0,0.9,0.0,0.0,1.2,1.3,3000.0,30.00,30,40,40,76,116,884,1,60.0,57.2,60.8,50.4,54.5,47.7,54.6,48.0,55.2,49.5,48.6,45.1,42.9,42.9,49.5,41.9,44.5,44.0,58.0,1.180,1.250,1.100,47.694,14.459,47.681,77.000,7.420,89.079,5.529,7.007,5.252,6.234,4.783,6.937,5.739,4.300,3.982,56.188,18.074,82.424,89.095,2000.0,3000.0,5230.2,5230.2,5250.0,55.0,39.7,42.8,55.0,60.2,Ne,Ne,Ne,7.851,4.515,5.6,30,60,48,26,1.172,5.040,3.408,3.328,12.192,1.101,1.243,3.408,3.280,3.328,1.056,1.056,1.048,1.350,1.814,0.928,3.344,0.064,0.048,0.048,0.048,1.016,1.016,1262,1027,2777,51.0,57.4,44,44,22493044,1.171,1.238,605096,48,13,7362970,88,17,6781637,182.5,1.9,41.2,1.365,1.365,1.800,1.800,1.005,5.040,0.750,Ne,Ne,Ne,39.0,1.365,1.365,1.800,1.800,1.005,5.040,1.000,Ne,Ne,Ne,63,78,99.0,100.0,Ne,Ne,30663,54285,6.2,0.2,6.4,23.208,2.301,77479,221646,53.0,62.0,68.0,1.088,1678,3188.0,2238.0,100.0,96.1,21.0,1.9,1.9,35.0,10960,1141,32.0,334246,0.0,43.6,0.725,3.000,18.000,102.000,600.0,3000.0,1200.0,100.0,0.0,0.0,0.0,0.0,0.0,0.0,0.0,0.0,0,0,16.0,246,Ne,Ne,Ne,230.1,230.0,4.35,4.34,0.00,4.23,0.12,0,0,0.0,0.0,0,0,0.0,0.0,0,0,0.0,0.0,157222,4526,1183.4,34.5,0,0.0,
20.5.2026,12:37:23.876,33211,9947,76.9,19319,12575,60.5,0.7,1.174,1.165,1.175,1.175,1.175,1.175,1.175,1.175,1.175,5225.0,5225.0,5225.0,5225.0,5225.0,5225.0,5225.0,5225.0,5225.0,100.0,2242.4,4739.5,2583.4,2206.1,1663.4,2782.8,2584.9,1937.9,1292.6,3010.3,3216.5,2537.8,2088.1,2084.0,696.9,1940.5,514.1,2242.4,40.2,82.7,47.9,38.9,29.2,50.9,46.3,34.3,22.8,55.9,59.7,45.0,36.8,36.9,12.4,34.2,9.2,82.7,40.2,45.9,92.8,54.6,44.8,33.7,58.5,53.4,39.3,26.1,63.8,68.0,51.7,42.5,42.2,14.1,39.1,10.3,45.9,52.2,52.2,52.2,52.2,52.2,52.2,52.2,52.2,52.2,0.0,63.6,90.6,58.7,68.2,53.3,80.8,63.1,49.2,44.7,36.0,9.4,41.3,31.8,45.8,19.2,36.9,49.5,54.1,0.4,0.0,0.0,0.0,0.9,0.0,0.0,1.3,1.2,3000.0,30.00,30,40,40,76,116,884,1,61.0,59.8,57.6,49.9,57.0,46.2,54.2,46.4,55.3,47.9,47.9,44.0,42.8,42.8,50.0,42.0,44.1,44.0,58.0,1.179,1.250,1.100,45.621,14.172,45.623,72.500,7.431,86.137,5.215,7.611,4.644,5.815,4.185,6.864,5.153,3.882,3.562,53.706,17.714,79.595,86.131,2000.0,3000.0,5231.5,5231.5,5250.0,53.2,38.0,40.3,53.2,63.0,Ne,Ne,Ne,5.818,2.828,5.1,30,61,50,26,1.181,5.040,3.408,3.328,12.192,1.101,1.243,3.392,3.280,3.328,1.056,1.056,1.048,1.350,1.814,0.928,3.344,0.064,0.048,0.048,0.048,1.016,1.016,1343,1072,2772,51.0,57.4,44,44,22493140,1.187,1.238,605099,62,14,7363066,67,17,6781731,182.5,1.9,41.2,1.350,1.365,1.800,1.800,1.005,5.040,1.250,Ne,Ne,Ne,39.0,1.365,1.365,1.800,1.800,1.005,5.040,0.625,Ne,Ne,Ne,63,78,99.0,100.0,Ne,Ne,30663,54285,0.9,0.3,1.2,11.235,2.412,77500,221651,52.0,62.0,66.0,1.076,1679,3170.0,2238.0,100.0,96.3,20.0,1.8,1.8,35.0,10960,1141,32.0,334246,0.0,43.6,0.725,58.000,18.000,91.000,600.0,3000.0,1200.0,100.0,0.0,0.0,0.0,0.0,0.0,0.0,0.0,0.0,0,0,16.0,246,Ne,Ne,Ne,220.4,220.5,4.54,4.36,0.00,4.41,0.12,0,0,0.0,0.0,0,0,0.0,0.0,0,0,0.0,0.0,157224,4526,1268.5,39.2,0,0.0,
20.5.2026,12:37:25.870,33212,9947,76.9,19299,12596,60.5,0.7,1.177,1.190,1.185,1.175,1.175,1.175,1.175,1.170,1.170,5225.0,5225.0,5225.0,5225.0,5225.0,5225.0,5225.0,5225.0,5225.0,100.0,2482.1,4767.9,3178.4,2504.0,1999.3,2988.7,2780.6,2198.1,1615.5,3507.3,3015.2,2743.8,2368.3,2244.0,991.7,2076.6,733.7,2482.1,43.5,75.2,58.8,43.8,34.3,54.3,49.7,38.3,27.6,65.0,55.2,48.3,41.1,39.1,16.7,35.9,12.1,75.2,43.5,50.4,85.2,67.2,51.0,40.5,63.0,58.1,44.7,32.6,74.4,63.9,56.2,48.2,45.4,20.0,41.9,14.6,50.4,52.2,52.2,52.2,52.2,52.2,52.2,52.2,52.2,52.2,0.0,68.3,91.1,64.8,74.0,59.4,84.6,68.7,54.5,49.1,31.6,8.9,35.2,26.0,40.6,15.4,31.3,45.5,50.4,0.1,0.0,0.0,0.0,0.0,0.0,0.0,0.1,0.5,3000.0,30.00,30,40,40,76,116,884,1,60.9,58.0,56.4,50.6,55.2,47.6,54.7,47.9,55.7,49.2,49.1,45.1,43.2,43.2,49.8,42.3,44.6,44.0,58.0,1.180,1.250,1.100,47.045,14.414,47.059,78.000,7.453,88.344,5.442,7.136,5.086,6.064,4.649,6.924,5.511,4.282,3.885,55.438,18.018,81.654,88.353,2000.0,3000.0,5230.6,5230.6,5250.0,54.5,39.2,43.3,54.5,61.0,Ne,Ne,Ne,7.819,4.412,5.5,30,60,50,26,1.181,5.040,3.408,3.328,12.192,1.101,1.243,3.408,3.280,3.328,1.056,1.056,1.048,1.350,1.814,0.928,3.344,0.064,0.048,0.048,0.048,1.016,1.016,1373,1111,2721,51.0,57.4,45,44,22493240,1.191,1.238,605101,59,14,7363190,62,17,6781851,182.5,1.9,41.2,1.365,1.365,1.800,1.800,1.005,5.040,0.625,Ne,Ne,Ne,39.0,1.365,1.365,1.800,1.800,1.005,5.040,1.250,Ne,Ne,Ne,63,78,99.0,100.0,Ne,Ne,30663,54285,5.0,0.1,5.1,14.489,1.040,77528,221653,52.0,61.0,67.0,1.081,1678,3179.0,2238.0,100.0,96.3,22.0,1.9,1.9,35.0,10960,1142,32.0,334261,0.0,43.7,0.725,2.000,18.000,101.000,600.0,3000.0,1200.0,100.0,0.0,0.0,0.0,0.0,0.0,0.0,0.0,0.0,0,0,16.0,246,Ne,Ne,Ne,206.6,207.3,4.84,4.83,0.00,4.72,0.12,0,0,0.0,0.0,0,0,0.0,0.0,0,0,0.0,0.0,157226,4526,843.8,39.6,0,0.0,
20.5.2026,12:37:27.872,33233,9926,77.0,19285,12609,60.4,0.7,1.181,1.180,1.180,1.180,1.180,1.180,1.180,1.185,1.185,5225.0,5225.0,5225.0,5225.0,5225.0,5225.0,5225.0,5225.0,5225.0,100.0,2771.8,4831.6,3165.1,2671.1,2545.5,3210.8,3175.4,2427.9,2182.0,3535.4,3410.5,2843.2,2926.0,2380.0,1547.2,2220.4,1277.3,2771.8,48.9,80.3,58.1,47.4,43.9,58.4,57.1,42.1,37.5,65.0,62.5,51.5,52.0,41.1,26.2,37.9,21.3,80.3,48.9,57.0,91.2,67.0,55.6,51.8,68.0,66.8,49.4,44.3,75.0,72.3,60.1,60.8,48.3,31.3,44.8,25.7,57.0,52.2,52.2,52.2,52.2,52.2,52.2,52.2,52.2,52.2,0.0,74.5,92.4,72.2,80.7,67.6,86.9,75.3,62.9,57.6,25.5,7.6,27.8,19.3,32.4,13.1,24.7,37.1,42.4,0.0,0.0,0.0,0.0,0.0,0.0,0.0,0.0,0.0,3000.0,30.00,30,40,40,76,116,884,1,59.9,56.4,57.6,51.4,54.1,49.1,55.5,49.6,55.3,50.9,50.1,46.7,43.6,43.6,49.8,42.0,44.8,44.0,58.0,1.180,1.250,1.100,50.213,14.612,50.201,80.250,7.476,92.438,5.809,6.858,5.650,6.518,5.237,6.889,6.073,4.778,4.469,59.199,18.266,85.688,92.454,2000.0,3000.0,5229.6,5229.6,5250.0,57.1,41.8,44.6,57.1,59.3,Ne,Ne,Ne,9.101,5.435,6.0,30,59,48,26,1.181,5.040,3.408,3.328,12.288,1.101,1.243,3.408,3.280,3.328,1.056,1.056,1.048,1.350,1.814,0.928,3.344,0.064,0.048,0.048,0.048,1.016,1.016,1367,1088,2749,51.0,57.4,45,44,22493340,1.171,1.238,605103,40,14,7363308,80,19,6781966,182.5,1.9,41.2,1.365,1.365,1.800,1.800,1.005,5.040,1.000,Ne,Ne,Ne,39.0,1.365,1.365,1.815,1.800,1.005,5.040,1.500,Ne,Ne,Ne,63,78,99.0,100.0,Ne,Ne,30663,54285,13.8,0.2,14.1,12.507,1.804,77552,221656,52.0,61.0,66.0,1.085,1676,3186.0,2238.0,100.0,98.7,23.0,2.1,2.1,35.0,10960,1150,32.0,334261,0.0,43.8,0.725,12.000,18.000,112.000,600.0,3000.0,1200.0,100.0,0.0,0.0,0.0,0.0,0.0,0.0,0.0,0.0,0,0,16.0,246,Ne,Ne,Ne,238.6,237.7,4.19,4.20,0.00,4.07,0.13,0,0,0.0,0.0,0,0,0.0,0.0,0,0,0.0,0.0,157228,4526,939.3,44.2,0,0.0,
20.5.2026,12:37:29.868,33261,9898,77.0,19281,12614,60.4,0.7,1.173,1.170,1.170,1.170,1.175,1.175,1.175,1.175,1.175,5225.0,5225.0,5225.0,5225.0,5225.0,5225.0,5225.0,5225.0,5225.0,100.0,2880.2,4821.7,3362.0,2539.4,3018.9,2965.7,3606.9,2195.9,2601.5,3151.6,3964.0,2731.6,3276.9,1958.4,2220.4,1779.3,1889.1,2880.2,51.2,77.7,62.3,44.4,54.4,54.0,66.2,38.4,45.6,57.7,73.5,48.8,60.1,33.9,39.0,30.5,33.0,77.7,51.2,59.1,88.4,71.2,51.7,63.0,62.8,76.4,44.6,53.0,66.7,84.0,56.4,69.4,39.4,45.1,35.6,38.2,59.1,52.2,52.2,52.2,52.2,52.2,52.2,52.2,52.2,52.2,0.0,76.5,92.2,76.1,82.2,69.8,88.6,78.1,65.6,59.2,23.5,7.8,23.9,17.8,30.2,11.4,21.9,34.4,40.8,0.0,0.0,0.0,0.0,0.0,0.0,0.0,0.0,0.0,3000.0,30.00,30,40,40,76,116,884,1,59.2,56.9,55.9,52.1,54.5,49.9,56.3,50.3,55.9,51.7,50.9,47.4,44.1,44.1,49.8,42.2,45.0,44.0,58.0,1.181,1.250,1.100,51.822,14.682,51.817,80.000,7.483,94.540,5.956,6.871,5.880,6.695,5.376,6.947,6.277,4.978,4.623,61.156,18.353,87.740,94.525,2000.0,3000.0,5228.9,5228.9,5250.0,58.3,43.2,44.4,58.3,59.9,Ne,Ne,Ne,9.201,5.660,6.1,30,59,48,26,1.181,5.040,3.408,3.328,12.288,1.101,1.243,3.408,3.280,3.328,1.056,1.056,1.048,1.350,1.814,0.928,3.344,0.064,0.048,0.048,0.048,1.016,1.016,1367,1088,2749,51.0,57.4,45,44,22493436,1.179,1.238,605106,66,15,7363388,83,18,6782045,182.5,1.9,41.2,1.365,1.365,1.815,1.800,1.005,5.040,0.500,Ne,Ne,Ne,39.2,1.365,1.365,1.815,1.800,1.005,5.040,1.625,Ne,Ne,Ne,63,78,99.0,100.0,Ne,Ne,30663,54285,81.7,3.6,85.2,19.626,1.977,77590,221660,52.0,60.0,66.0,1.077,1663,3168.0,2238.0,100.0,97.9,19.0,2.1,2.1,34.0,10960,1150,32.0,334261,0.0,43.9,0.725,59.000,19.000,94.000,600.0,3000.0,1200.0,100.0,0.0,0.0,0.0,0.0,0.0,0.0,0.0,0.0,0,0,16.0,246,Ne,Ne,Ne,249.6,249.0,4.01,3.99,0.00,3.87,0.14,0,0,0.0,0.0,0,0,0.0,0.0,0,0,0.0,0.0,157230,4526,1014.6,51.3,0,0.0,
20.5.2026,12:37:31.870,33247,9911,77.0,19236,12658,60.3,0.7,1.179,1.170,1.180,1.180,1.180,1.180,1.180,1.180,1.185,5225.0,5225.0,5225.0,5225.0,5225.0,5225.0,5225.0,5225.0,5225.0,100.0,2841.6,4808.7,3333.2,2285.0,3053.0,2936.8,3568.0,2053.6,2651.6,3259.0,3907.4,2692.5,3267.4,1590.2,2521.4,1217.6,2320.3,2841.6,49.9,77.3,61.3,39.2,55.2,51.9,65.2,35.5,45.9,59.4,72.3,46.8,59.5,27.0,43.4,19.8,39.6,77.3,49.9,58.3,88.4,70.5,46.4,64.6,60.9,75.7,41.8,54.0,69.1,82.9,54.9,69.2,32.2,51.1,24.2,46.8,58.3,52.2,52.2,52.2,52.2,52.2,52.2,52.2,52.2,52.2,0.0,76.2,92.0,73.9,82.4,70.0,89.6,78.1,65.4,58.0,23.8,8.0,26.1,17.6,30.0,10.4,21.9,34.6,42.0,0.0,0.0,0.0,0.0,0.0,0.0,0.0,0.0,0.0,3000.0,30.00,30,40,40,76,116,884,1,59.1,56.9,61.1,51.9,54.5,49.5,56.1,50.0,55.9,51.4,51.0,47.0,44.0,44.0,50.2,42.2,45.0,44.0,58.0,1.181,1.250,1.100,51.508,14.768,51.506,77.250,7.457,94.275,5.880,6.876,5.720,6.597,5.305,6.945,6.164,4.968,4.469,60.788,18.460,87.451,94.304,2000.0,3000.0,5228.7,5228.7,5250.0,58.2,42.9,42.9,58.2,59.9,Ne,Ne,Ne,10.098,6.490,6.1,30,59,48,26,1.181,5.040,3.408,3.328,12.192,1.101,1.234,3.408,3.280,3.328,1.056,1.056,1.048,1.359,1.814,0.928,3.344,0.064,0.048,0.048,0.048,1.016,1.016,1310,1081,2721,51.0,57.4,45,44,22493532,1.179,1.238,605108,54,15,7363520,62,19,6782173,182.5,1.9,41.5,1.365,1.365,1.815,1.800,1.005,5.040,0.875,Ne,Ne,Ne,39.2,1.365,1.365,1.815,1.800,1.005,5.040,0.375,Ne,Ne,Ne,63,78,99.0,100.0,Ne,Ne,30663,54285,7.4,0.1,7.5,14.614,1.341,77618,221662,51.0,60.0,67.0,1.074,1633,3163.0,2238.0,100.0,96.2,20.0,2.2,2.2,33.0,10960,1150,32.0,334261,0.0,44.0,0.725,15.000,18.000,114.000,600.0,3000.0,1200.0,100.0,0.0,0.0,0.0,0.0,0.0,0.0,0.0,0.0,0,0,16.0,246,Ne,Ne,Ne,247.3,246.1,4.04,4.04,0.00,3.92,0.12,0,0,0.0,0.0,0,0,0.0,0.0,0,0,0.0,0.0,157231,4526,534.1,38.3,0,0.0,
20.5.2026,12:37:33.873,33340,9819,77.2,19218,12676,60.2,0.7,1.182,1.185,1.180,1.180,1.180,1.180,1.180,1.185,1.185,5153.6,5225.0,5225.0,5225.0,5225.0,5225.0,5225.0,5225.0,4653.5,100.0,2934.6,4827.5,3365.4,2635.7,3007.4,3361.4,3341.6,2198.8,2705.9,3692.2,3520.8,3125.5,3038.2,1769.6,2492.8,1465.5,2405.7,2934.6,51.9,78.8,61.9,46.9,54.5,61.4,60.5,38.0,47.0,68.0,64.1,56.2,54.8,30.4,42.8,24.3,40.8,78.8,51.9,60.5,90.1,71.3,54.8,63.7,71.3,70.7,44.8,55.3,78.3,74.6,65.4,64.3,36.0,50.4,29.4,48.3,60.5,51.5,52.2,52.2,52.2,52.2,52.2,52.2,52.2,46.5,0.0,77.1,92.3,75.8,83.5,70.3,88.2,78.9,66.6,61.6,22.9,7.7,24.2,16.5,29.7,11.8,21.1,33.4,38.4,0.0,0.0,0.0,0.0,0.0,0.0,0.0,0.0,0.0,3000.0,30.00,30,40,40,76,116,884,1,59.4,57.6,55.9,52.7,55.0,50.5,56.9,50.9,56.5,52.3,51.4,47.9,44.4,44.4,50.5,42.6,45.0,44.0,58.0,1.183,1.250,1.100,52.891,14.749,52.902,81.000,7.471,95.959,6.104,7.016,6.056,6.835,5.530,7.090,6.422,5.072,4.812,62.497,18.437,89.152,95.971,2000.0,3000.0,5228.0,5228.0,5250.0,59.2,44.1,45.0,59.2,60.6,Ne,Ne,Ne,9.492,5.783,6.2,30,59,48,26,1.190,5.040,3.408,3.328,12.192,1.101,1.243,3.408,3.280,3.328,1.056,1.056,1.048,1.350,1.814,0.928,3.344,0.064,0.048,0.048,0.048,1.016,1.016,1309,1078,2721,51.0,57.4,45,44,22493628,1.191,1.238,605110,66,14,7363628,54,19,6782278,182.5,1.9,41.5,1.365,1.365,1.815,1.800,1.005,5.040,1.250,Ne,Ne,Ne,39.2,1.365,1.365,1.815,1.800,1.005,5.040,0.875,Ne,Ne,Ne,63,78,99.0,100.0,Ne,Ne,30663,54286,100.0,5.7,100.0,70.722,1.317,77753,221665,52.0,60.0,68.0,1.075,1590,3168.0,2238.0,100.0,98.4,24.0,2.2,2.2,31.0,10960,1150,32.0,334261,0.0,44.0,0.725,57.000,19.000,92.000,600.0,3000.0,1200.0,100.0,0.0,0.0,0.0,0.0,0.0,0.0,0.0,0.0,0,0,16.0,246,Ne,Ne,Ne,210.7,210.0,4.75,4.75,0.00,4.61,0.13,0,0,0.0,0.0,0,0,0.0,0.0,0,0,0.0,0.0,157232,4526,496.7,41.4,0,0.0,
20.5.2026,12:37:35.868,33326,9833,77.2,19220,12674,60.2,0.7,1.182,1.170,1.175,1.185,1.185,1.185,1.185,1.185,1.185,5225.0,5225.0,5225.0,5225.0,5225.0,5225.0,5225.0,5225.0,5225.0,100.0,2450.3,4711.7,2959.9,2089.5,2291.2,2898.2,2841.9,1573.1,2101.5,3502.4,3033.3,2645.4,2445.0,1259.1,2012.4,1053.8,1785.8,2450.3,43.6,77.4,54.8,36.9,40.1,53.2,51.9,27.6,37.0,65.1,55.8,47.5,42.7,22.0,35.5,18.2,31.4,77.4,43.6,50.1,87.6,62.5,42.7,46.6,61.3,60.0,31.9,42.7,74.3,64.2,54.8,49.7,25.4,40.8,21.1,36.1,50.1,52.2,52.2,52.2,52.2,52.2,52.2,52.2,52.2,52.2,0.0,67.6,90.1,63.2,73.0,58.0,83.6,67.9,55.1,49.9,32.0,9.9,36.8,27.0,41.0,16.4,32.1,43.8,48.7,0.4,0.0,0.0,0.0,1.0,0.0,0.0,1.1,1.4,3000.0,30.00,30,40,40,76,116,884,1,58.6,55.5,55.9,50.0,53.4,47.1,54.3,47.5,54.4,49.0,48.9,45.2,43.0,43.0,50.8,42.4,44.9,44.0,58.0,1.181,1.250,1.100,45.423,14.552,45.411,76.250,7.436,86.616,5.310,6.597,4.951,6.084,4.538,6.598,5.473,4.279,3.963,53.567,18.190,79.937,86.619,2000.0,3000.0,5230.9,5230.9,5250.0,53.5,37.8,42.4,53.5,58.4,Ne,Ne,Ne,8.073,5.003,5.4,30,59,48,26,1.163,5.040,3.408,3.328,12.192,1.101,1.243,3.408,3.280,3.328,1.056,1.056,1.048,1.350,1.814,0.928,3.344,0.064,0.048,0.048,0.048,1.016,1.016,1326,1085,2727,51.0,57.4,45,44,22493724,1.183,1.238,605113,53,15,7363760,47,18,6782405,182.5,1.9,41.5,1.350,1.365,1.815,1.800,1.005,5.040,1.250,Ne,Ne,Ne,39.2,1.350,1.365,1.815,1.800,1.005,5.040,1.125,Ne,Ne,Ne,63,78,99.0,100.0,Ne,Ne,30663,54286,1.3,0.1,1.4,6.108,0.668,77765,221666,52.0,60.0,66.0,1.071,1563,3156.0,2238.0,100.0,96.7,23.0,2.2,2.2,32.0,10960,1150,32.0,334261,0.0,44.0,0.725,15.000,18.000,113.000,600.0,3000.0,1200.0,100.0,0.0,0.0,0.0,0.0,0.0,0.0,0.0,0.0,0,0,16.0,246,Ne,Ne,Ne,212.5,213.5,4.71,4.68,0.00,4.58,0.13,0,0,0.0,0.0,0,0,0.0,0.0,0,0,0.0,0.0,157233,4526,492.1,26.3,0,0.0,
20.5.2026,12:37:37.868,33246,9913,77.0,19207,12687,60.2,0.7,1.182,1.185,1.175,1.175,1.175,1.175,1.190,1.190,1.190,5225.0,5225.0,5225.0,5225.0,5225.0,5225.0,5225.0,5225.0,5225.0,100.0,2669.0,4759.2,2971.0,2485.3,2488.8,3260.6,3026.7,2081.5,2199.4,3349.9,3597.1,3006.3,2602.1,1910.1,1754.5,1697.5,1513.5,2669.0,47.5,82.2,54.7,43.5,43.1,59.8,55.2,36.3,38.1,61.6,66.5,55.1,45.8,33.2,30.2,29.2,25.8,82.2,47.5,55.0,93.2,62.9,50.7,50.5,69.1,64.1,42.3,44.5,71.1,76.3,63.7,53.6,38.7,35.4,34.2,30.4,55.0,52.2,52.2,52.2,52.2,52.2,52.2,52.2,52.2,52.2,0.0,72.8,91.0,70.4,79.3,65.6,87.3,74.2,60.2,54.7,27.2,9.0,29.6,20.7,34.4,12.7,25.8,39.8,45.3,0.0,0.0,0.0,0.0,0.0,0.0,0.0,0.0,0.0,3000.0,30.00,30,40,40,76,116,884,1,58.4,56.2,56.4,51.1,54.0,48.5,55.6,49.0,55.2,50.4,49.9,46.1,43.6,43.6,50.2,42.2,45.0,44.0,58.0,1.181,1.250,1.100,48.386,14.360,48.389,76.500,7.474,89.872,5.692,6.773,5.434,6.562,5.063,6.845,5.960,4.627,4.275,57.069,17.950,83.240,89.821,2000.0,3000.0,5230.5,5230.5,5250.0,55.4,40.3,42.5,55.4,59.2,Ne,Ne,Ne,6.462,3.482,5.8,30,58,47,26,1.181,5.040,3.408,3.328,12.288,1.101,1.243,3.408,3.280,3.328,1.056,1.056,1.048,1.350,1.814,0.928,3.344,0.064,0.048,0.048,0.048,1.016,1.016,1322,1038,2749,51.0,57.4,45,44,22493818,1.183,1.238,605115,63,13,7363866,78,17,6782509,182.5,1.9,41.5,1.350,1.350,1.815,1.800,1.005,5.040,1.000,Ne,Ne,Ne,39.2,1.350,1.365,1.815,1.800,1.005,5.040,1.250,Ne,Ne,Ne,62,78,99.0,100.0,Ne,Ne,30663,54286,0.7,0.2,0.9,3.844,2.195,77772,221670,51.0,60.0,66.0,1.088,1553,3185.0,2238.0,100.0,98.3,23.0,2.2,2.2,31.0,10960,1150,32.0,334261,0.0,43.9,0.725,43.000,17.000,75.000,600.0,3000.0,1200.0,100.0,0.0,0.0,0.0,0.0,0.0,0.0,0.0,0.0,0,0,16.0,246,Ne,Ne,Ne,232.0,232.4,4.31,4.30,0.00,4.18,0.13,0,0,0.0,0.0,0,0,0.0,0.0,0,0,0.0,0.0,157233,4526,462.5,32.6,0,0.0,
20.5.2026,12:37:39.870,33250,9909,77.0,19203,12692,60.2,0.7,1.186,1.190,1.185,1.185,1.185,1.185,1.185,1.185,1.185,5225.0,5225.0,5225.0,5225.0,5225.0,5225.0,5225.0,5225.0,5225.0,100.0,2657.2,4711.8,3058.8,2549.3,2417.3,3152.4,3113.9,2319.5,1872.3,3237.4,3725.3,2889.6,2645.2,2341.4,1301.7,2253.1,926.2,2657.2,47.2,79.6,56.2,45.2,42.3,57.4,56.8,40.2,31.9,59.2,69.0,52.5,47.1,40.6,22.2,39.0,15.3,79.6,47.2,54.8,90.6,64.7,52.9,49.5,66.8,66.0,47.1,37.8,68.6,79.1,61.2,55.1,47.5,26.4,45.6,18.6,54.8,52.2,52.2,52.2,52.2,52.2,52.2,52.2,52.2,52.2,0.0,72.4,90.1,70.5,79.0,64.3,87.1,73.4,60.2,54.5,27.6,9.9,29.5,21.0,35.7,12.9,26.6,39.8,45.5,0.0,0.0,0.0,0.0,0.0,0.0,0.0,0.0,0.0,3000.0,30.00,30,40,40,76,116,884,1,58.2,56.4,58.1,51.3,54.0,48.8,55.8,49.1,55.4,50.7,50.1,46.4,43.7,43.7,50.0,42.4,45.0,44.0,58.0,1.181,1.250,1.100,48.364,14.413,48.374,77.000,7.457,89.858,5.700,6.748,5.493,6.574,5.018,6.831,5.981,4.666,4.292,57.063,18.016,83.281,89.902,2000.0,3000.0,5229.7,5229.7,5250.0,55.5,40.3,42.8,55.5,59.3,Ne,Ne,Ne,6.978,3.842,5.8,30,58,47,26,1.181,5.040,3.408,3.328,12.288,1.101,1.243,3.408,3.280,3.328,1.056,1.056,1.048,1.359,1.814,0.928,3.344,0.064,0.048,0.048,0.048,1.016,1.016,1295,1028,2721,51.0,57.4,45,45,22493912,1.175,1.238,605117,57,14,7363992,45,18,6782630,182.5,1.9,41.5,1.350,1.365,1.800,1.800,1.005,5.040,0.750,Ne,Ne,Ne,39.2,1.350,1.365,1.815,1.800,1.005,5.040,1.625,Ne,Ne,Ne,62,78,99.0,100.0,Ne,Ne,30663,54286,9.8,0.2,10.0,7.441,1.808,77786,221674,51.0,60.0,67.0,1.083,1527,3176.0,2238.0,100.0,98.7,22.0,2.2,2.2,30.0,10960,1150,32.0,334261,0.0,44.0,0.725,7.000,19.000,107.000,600.0,3000.0,1200.0,100.0,0.0,0.0,0.0,0.0,0.0,0.0,0.0,0.0,0,0,16.0,246,Ne,Ne,Ne,222.3,221.9,4.50,4.50,0.00,4.38,0.12,0,0,0.0,0.0,0,0,0.0,0.0,0,0,0.0,0.0,157235,4526,753.2,45.2,0,0.0,
20.5.2026,12:37:41.873,33246,9913,77.0,19202,12692,60.2,0.7,1.181,1.185,1.175,1.175,1.175,1.185,1.185,1.185,1.185,5225.0,5225.0,5225.0,5225.0,5225.0,5225.0,5225.0,5225.0,5225.0,100.0,2679.8,4742.2,3080.2,2616.1,2378.1,3125.4,3083.4,2377.8,1903.8,3809.3,3162.8,2909.7,2711.6,2427.9,1289.9,2225.8,1032.8,2679.8,47.6,78.9,56.4,46.3,41.7,56.7,55.6,41.7,33.0,70.9,58.0,52.7,47.9,42.5,22.3,38.6,17.9,78.9,47.6,55.0,89.8,64.6,53.7,48.5,65.8,64.4,48.3,38.6,80.9,66.9,61.1,55.7,49.2,26.0,44.9,20.8,55.0,52.2,52.2,52.2,52.2,52.2,52.2,52.2,52.2,52.2,0.0,72.6,90.7,69.8,78.0,64.9,88.6,74.0,60.3,54.7,26.9,9.3,30.2,22.0,34.8,11.4,26.0,38.3,43.6,0.4,0.0,0.0,0.0,0.3,0.0,0.0,1.4,1.7,3000.0,30.00,30,40,40,76,116,884,1,58.5,56.4,55.9,51.2,54.0,48.6,55.4,49.0,55.5,50.4,50.1,46.2,43.6,43.6,49.8,42.3,45.0,44.1,58.0,1.181,1.250,1.100,47.933,14.531,47.948,77.750,7.457,89.602,5.680,6.776,5.470,6.443,5.012,6.866,5.917,4.677,4.281,56.558,18.164,82.925,89.628,2000.0,3000.0,5229.8,5229.8,5250.0,55.3,40.0,43.2,55.3,59.3,Ne,Ne,Ne,7.982,4.522,5.8,30,58,47,26,1.172,5.040,3.408,3.328,12.288,1.101,1.243,3.408,3.280,3.328,1.056,1.056,1.048,1.350,1.814,0.928,3.344,0.064,0.048,0.048,0.048,1.016,1.016,1296,1044,2721,51.0,57.4,45,44,22494006,1.167,1.238,605120,57,14,7363992,45,18,6782630,182.5,1.9,41.5,1.350,1.365,1.815,1.800,1.005,5.040,0.750,Ne,Ne,Ne,39.5,1.350,1.365,1.815,1.800,1.005,5.040,1.625,Ne,Ne,Ne,62,78,99.0,100.0,Ne,Ne,30663,54286,1.0,0.2,1.1,4.376,1.908,77795,221677,51.0,60.0,67.0,1.083,1527,3176.0,2238.0,100.0,98.7,22.0,2.2,2.2,30.0,10960,1150,32.0,334261,0.0,44.0,0.725,7.000,19.000,107.000,600.0,3000.0,1200.0,100.0,0.0,0.0,0.0,0.0,0.0,0.0,0.0,0.0,0,0,16.0,246,Ne,Ne,Ne,231.2,231.5,4.32,4.32,0.00,4.20,0.12,0,0,0.0,0.0,0,0,0.0,0.0,0,0,0.0,0.0,157237,4527,1237.7,55.5,0,0.0,
20.5.2026,12:37:43.870,33271,9888,77.0,19196,12699,60.1,0.7,1.173,1.190,1.170,1.170,1.170,1.170,1.170,1.170,1.175,5225.0,5225.0,5225.0,5225.0,5225.0,5225.0,5225.0,5225.0,5225.0,100.0,2883.3,4768.3,3355.0,2886.7,2589.5,3281.7,3327.6,2641.1,2220.1,3640.4,3494.5,3123.9,2930.9,2637.8,1569.3,2469.5,1197.1,2883.3,51.3,77.9,61.9,52.6,45.6,59.9,61.0,47.0,38.1,67.1,64.2,57.1,53.0,46.9,26.7,42.3,19.7,77.9,51.3,59.5,89.1,71.0,61.1,53.2,69.5,70.5,54.6,44.6,77.2,74.1,66.2,61.8,54.4,31.4,49.3,23.5,59.5,52.2,52.2,52.2,52.2,52.2,52.2,52.2,52.2,52.2,0.0,76.3,91.2,74.5,82.3,70.6,88.0,77.6,66.2,60.3,23.7,8.8,25.5,17.7,29.4,12.0,22.4,33.8,39.7,0.0,0.0,0.0,0.0,0.0,0.0,0.0,0.0,0.0,3000.0,30.00,30,40,40,76,116,884,1,58.6,57.0,56.8,52.2,54.5,50.0,56.3,50.6,55.9,51.8,51.0,47.6,44.0,44.0,50.2,42.5,45.0,44.3,58.0,1.182,1.250,1.100,50.218,14.550,50.202,80.500,7.465,92.428,5.971,6.877,5.889,6.727,5.470,6.919,6.239,4.989,4.659,59.307,18.188,85.706,92.409,2000.0,3000.0,5229.2,5229.2,5250.0,57.0,41.8,44.7,57.0,60.0,Ne,Ne,Ne,8.465,5.018,6.1,30,58,47,26,1.172,5.040,3.408,3.328,12.288,1.101,1.243,3.408,3.280,3.328,1.056,1.056,1.048,1.350,1.814,0.928,3.344,0.064,0.048,0.048,0.048,1.016,1.016,1278,1059,2721,51.0,57.4,45,45,22494100,1.191,1.238,605122,60,14,7364106,69,19,6782741,182.5,1.9,41.5,1.350,1.365,1.815,1.800,0.990,5.040,0.375,Ne,Ne,Ne,39.5,1.350,1.365,1.815,1.800,1.005,5.040,0.625,Ne,Ne,Ne,62,78,99.0,100.0,Ne,Ne,30663,54286,0.9,0.2,1.1,4.065,2.510,77802,221682,51.0,60.0,66.0,1.082,1487,3179.0,2238.0,100.0,96.7,22.0,2.1,2.1,28.0,10960,1150,32.0,334261,0.0,44.0,0.725,58.000,18.000,92.000,600.0,3000.0,1200.0,100.0,0.0,0.0,0.0,0.0,0.0,0.0,0.0,0.0,0,0,16.0,246,Ne,Ne,Ne,222.0,222.3,4.50,4.49,0.00,4.38,0.12,0,0,0.0,0.0,0,0,0.0,0.0,0,0,0.0,0.0,157239,4527,1110.6,48.9,0,0.0,
20.5.2026,12:37:45.871,33263,9896,77.0,19214,12681,60.2,0.7,1.181,1.180,1.175,1.175,1.175,1.185,1.185,1.185,1.185,5225.0,5225.0,5225.0,5225.0,5225.0,5225.0,5225.0,5225.0,5225.0,100.0,2713.0,4766.8,3079.7,2502.6,2573.1,3072.6,3182.0,2165.6,2259.3,3178.7,3808.6,2837.3,2843.7,1933.6,1864.6,1846.9,1493.6,2713.0,48.3,80.2,56.5,44.1,45.4,56.0,58.3,37.5,39.5,58.3,70.7,51.5,51.3,33.2,32.5,31.8,25.6,80.2,48.3,55.9,91.1,64.9,51.5,52.8,65.0,67.4,43.8,46.0,67.3,80.8,59.8,59.7,38.9,37.9,37.2,30.0,55.9,52.2,52.2,52.2,52.2,52.2,52.2,52.2,52.2,52.2,0.0,73.0,91.1,70.0,78.8,65.5,87.8,74.2,60.8,55.5,27.0,8.9,30.0,21.2,34.5,12.2,25.8,39.2,44.5,0.0,0.0,0.0,0.0,0.0,0.0,0.0,0.0,0.0,3000.0,30.00,30,40,40,76,116,884,1,58.6,56.6,55.0,51.7,54.3,49.2,55.8,49.8,55.4,51.3,50.5,47.0,43.9,43.9,51.0,42.7,45.0,44.8,58.0,1.182,1.250,1.100,49.027,14.629,49.032,77.750,7.472,91.096,5.747,6.806,5.556,6.484,5.153,6.758,6.074,4.754,4.393,57.874,18.287,84.380,91.117,2000.0,3000.0,5229.8,5229.8,5250.0,56.2,40.9,43.2,56.2,59.6,Ne,Ne,Ne,8.812,5.201,5.8,30,58,47,26,1.181,5.040,3.408,3.328,12.288,1.101,1.243,3.408,3.280,3.328,1.056,1.056,1.048,1.350,1.814,0.928,3.344,0.064,0.048,0.048,0.048,1.016,1.016,1277,1050,2777,51.0,57.4,45,45,22494194,1.191,1.238,605124,41,14,7364180,81,17,6782815,182.5,1.9,41.5,1.350,1.365,1.815,1.800,1.005,5.110,0.500,Ne,Ne,Ne,39.5,1.350,1.365,1.815,1.800,1.005,5.110,0.375,Ne,Ne,Ne,62,78,99.0,100.0,Ne,Ne,30663,54286,8.0,0.1,8.1,8.094,1.714,77818,221686,51.0,60.0,67.0,1.088,1435,3187.0,2238.0,100.0,98.9,23.0,2.4,2.4,26.0,10960,1150,32.0,334261,0.0,44.1,0.725,1.000,19.000,101.000,600.0,3000.0,1200.0,100.0,0.0,0.0,0.0,0.0,0.0,0.0,0.0,0.0,0,0,16.0,246,Ne,Ne,Ne,199.3,199.9,5.02,5.01,0.00,4.89,0.13,0,0,0.0,0.0,0,0,0.0,0.0,0,0,0.0,0.0,157242,4527,1216.5,53.3,0,0.0,
20.5.2026,12:37:47.871,33265,9894,77.0,19223,12671,60.2,0.7,1.178,1.175,1.180,1.180,1.180,1.180,1.175,1.175,1.175,5225.0,5225.0,5225.0,5225.0,5225.0,5225.0,5225.0,5225.0,5225.0,100.0,2587.4,4718.8,2956.6,2184.6,2563.7,3047.9,3007.9,1743.3,2340.8,3342.9,3438.7,2648.0,2765.7,1377.2,2181.6,1137.1,1943.5,2587.4,45.9,79.6,54.3,37.9,44.5,56.0,54.9,30.2,40.7,61.8,63.6,46.5,49.8,23.8,37.9,19.4,33.3,79.6,45.9,53.0,90.2,62.2,44.1,51.7,64.6,63.7,35.1,47.2,70.9,73.0,53.9,57.9,27.6,43.9,22.6,38.8,53.0,52.2,52.2,52.2,52.2,52.2,52.2,52.2,52.2,52.2,0.0,70.6,90.2,67.4,76.1,63.1,85.0,71.3,58.8,52.6,29.4,9.8,32.6,23.9,36.9,15.0,28.7,41.2,47.4,0.0,0.0,0.0,0.0,0.0,0.0,0.0,0.0,0.0,3000.0,30.00,30,40,40,76,116,884,1,58.1,55.8,54.1,50.7,53.4,48.1,55.0,48.6,54.8,50.1,49.6,46.1,43.4,43.4,50.5,42.3,45.0,44.9,58.0,1.181,1.250,1.100,47.300,14.365,47.306,76.750,7.439,88.451,5.538,6.559,5.261,6.351,4.885,6.681,5.800,4.551,4.217,55.774,17.956,81.914,88.425,2000.0,3000.0,5231.0,5231.0,5250.0,54.6,39.4,42.6,54.6,58.7,Ne,Ne,Ne,5.841,2.769,5.6,30,58,47,26,1.181,5.040,3.408,3.328,12.192,1.101,1.243,3.408,3.280,3.328,1.056,1.056,1.048,1.350,1.814,0.928,3.344,0.064,0.048,0.048,0.048,1.016,1.016,1290,1065,2721,51.0,57.4,45,44,22494288,1.187,1.238,605127,62,14,7364382,39,17,6783013,182.5,1.9,41.5,1.350,1.365,1.815,1.800,1.005,5.110,1.000,Ne,Ne,Ne,39.5,1.350,1.365,1.815,1.800,1.005,5.110,1.375,Ne,Ne,Ne,62,78,99.0,100.0,Ne,Ne,30663,54286,2.0,0.2,2.2,11.197,1.953,77839,221689,51.0,60.0,66.0,1.080,1317,3170.0,2238.0,100.0,98.7,22.0,2.4,2.4,25.0,10961,1150,32.0,334261,0.0,44.1,0.725,6.000,18.000,104.000,600.0,3000.0,1200.0,100.0,0.0,0.0,0.0,0.0,0.0,0.0,0.0,0.0,0,0,16.0,246,Ne,Ne,Ne,239.7,239.7,4.17,4.17,0.00,4.05,0.12,0,0,0.0,0.0,0,0,0.0,0.0,0,0,0.0,0.0,157243,4527,786.9,46.0,0,0.0,
20.5.2026,12:37:49.871,33264,9894,77.0,19232,12663,60.2,0.7,1.176,1.170,1.170,1.170,1.170,1.170,1.185,1.185,1.185,5225.0,5225.0,5225.0,5225.0,5225.0,5225.0,5225.0,5225.0,5225.0,100.0,2580.1,4674.8,3012.6,2091.4,2615.2,2981.3,3038.8,1626.2,2418.3,3833.9,2981.9,2663.9,2681.5,1370.1,2178.2,1062.7,2051.4,2580.1,45.5,78.1,55.3,36.0,45.9,54.1,55.1,27.6,41.8,71.2,54.1,47.0,48.3,23.2,37.5,17.4,35.0,78.1,45.5,53.1,88.9,63.8,42.6,54.0,63.2,64.4,32.9,49.1,81.4,63.2,55.0,56.8,27.7,44.1,21.2,41.3,53.1,52.2,52.2,52.2,52.2,52.2,52.2,52.2,52.2,52.2,0.0,70.1,89.4,66.5,74.9,62.7,85.2,70.3,58.7,53.3,29.9,10.6,33.5,25.1,37.3,14.8,29.7,41.3,46.7,0.0,0.0,0.0,0.0,0.0,0.0,0.0,0.0,0.0,3000.0,30.00,30,40,40,76,116,884,1,57.6,55.3,55.9,50.6,53.2,48.1,54.8,48.6,54.2,50.0,49.4,46.1,43.3,43.3,50.0,42.4,45.0,44.9,58.0,1.181,1.250,1.100,47.244,14.229,47.230,76.250,7.462,88.162,5.516,6.611,5.250,6.340,4.854,6.565,5.737,4.552,4.222,55.707,17.786,81.701,88.189,2000.0,3000.0,5230.5,5230.5,5250.0,54.4,39.4,42.4,54.4,58.2,Ne,Ne,Ne,5.545,2.766,5.6,30,58,47,26,1.181,5.040,3.392,3.328,12.288,1.101,1.243,3.408,3.280,3.328,1.056,1.056,1.048,1.350,1.814,0.928,3.344,0.064,0.048,0.048,0.048,1.016,1.016,1298,1047,2749,51.0,57.4,45,45,22494382,1.175,1.238,605129,19,14,7364506,36,17,6783133,182.5,1.9,41.5,1.350,1.365,1.815,1.800,1.005,5.110,1.375,Ne,Ne,Ne,39.5,1.350,1.365,1.815,1.800,1.005,5.110,1.000,Ne,Ne,Ne,62,78,99.0,100.0,Ne,Ne,30663,54286,2.1,0.1,2.3,7.423,1.347,77853,221692,52.0,60.0,67.0,1.083,1256,3177.0,2238.0,100.0,98.8,22.0,2.4,2.3,23.0,10961,1150,32.0,334261,0.0,44.1,0.725,6.000,17.000,105.000,600.0,3000.0,1200.0,100.0,0.0,0.0,0.0,0.0,0.0,0.0,0.0,0.0,0,0,16.0,246,Ne,Ne,Ne,229.8,230.1,4.35,4.35,0.00,4.23,0.12,0,0,0.0,0.0,0,0,0.0,0.0,0,0,0.0,0.0,157245,4527,861.9,44.1,0,0.0,
20.5.2026,12:37:51.876,33348,9810,77.2,19251,12643,60.3,0.7,1.185,1.185,1.185,1.185,1.185,1.185,1.185,1.185,1.185,5225.0,5225.0,5225.0,5225.0,5225.0,5225.0,5225.0,5225.0,5225.0,100.0,2530.3,4802.6,2981.4,1969.9,2571.8,2832.3,2999.2,1610.7,2286.7,3292.8,3189.3,2555.4,2824.8,1272.7,2140.4,1115.3,2040.0,2530.3,44.7,79.6,55.2,34.1,45.4,51.5,54.5,27.9,40.0,60.6,58.2,45.0,50.2,22.0,37.5,18.6,35.0,79.6,44.7,51.8,90.1,63.1,39.9,52.8,59.7,63.2,32.6,46.4,69.8,67.2,52.6,58.6,25.7,43.4,22.2,41.1,51.8,52.2,52.2,52.2,52.2,52.2,52.2,52.2,52.2,52.2,0.0,68.9,91.8,64.6,73.6,60.2,82.0,70.6,56.3,52.3,30.2,8.2,35.4,26.4,37.8,18.0,29.4,41.1,45.3,0.9,0.0,0.0,0.0,2.0,0.0,0.0,2.5,2.4,3000.0,30.00,30,40,40,76,116,884,1,57.2,55.0,59.0,50.1,53.0,47.5,54.2,47.9,53.9,49.5,48.9,45.7,43.0,43.0,50.5,42.5,44.9,44.9,58.0,1.181,1.250,1.100,46.443,14.395,46.427,75.500,7.444,87.520,5.382,6.548,5.062,6.151,4.642,6.501,5.666,4.351,4.136,54.771,17.993,80.952,87.503,2000.0,3000.0,5231.1,5231.1,5250.0,54.0,38.7,41.9,54.0,57.9,Ne,Ne,Ne,6.645,3.484,5.5,30,57,46,26,1.181,5.040,3.408,3.328,12.288,1.101,1.234,3.408,3.280,3.328,1.072,1.056,1.048,1.350,1.814,0.928,3.344,0.064,0.048,0.048,0.048,1.016,1.016,1278,1057,2721,51.0,57.4,45,45,22494474,1.191,1.238,605132,56,14,7364544,80,18,6783173,182.5,1.9,41.5,1.350,1.365,1.800,1.800,1.005,5.110,1.250,Ne,Ne,Ne,39.5,1.350,1.365,1.815,1.800,1.005,5.110,2.375,Ne,Ne,Ne,62,78,99.0,100.0,Ne,Ne,30663,54286,1.5,0.1,1.6,6.469,1.921,77866,221696,51.0,60.0,66.0,1.075,1256,3177.0,2238.0,100.0,98.8,22.0,2.3,2.3,22.0,10961,1150,32.0,334261,0.0,44.1,0.725,50.000,18.000,84.000,600.0,3000.0,1200.0,100.0,0.0,0.0,0.0,0.0,0.0,0.0,0.0,0.0,0,0,16.0,246,Ne,Ne,Ne,238.1,239.2,4.20,4.18,0.00,4.08,0.12,0,0,0.0,0.0,0,0,0.0,0.0,0,0,0.0,0.0,157247,4527,1063.2,45.3,0,0.0,
20.5.2026,12:37:53.871,33313,9846,77.1,19239,12656,60.3,0.7,1.180,1.180,1.180,1.180,1.180,1.180,1.180,1.180,1.180,5225.0,5225.0,5225.0,5225.0,5225.0,5225.0,5225.0,5225.0,5225.0,100.0,2661.0,4747.3,2916.8,2134.1,2749.4,2840.5,3339.1,1812.0,2441.1,2978.8,3841.1,2698.5,3009.3,1581.4,2067.8,1453.1,1965.4,2661.0,46.8,80.3,53.4,36.6,48.6,51.1,61.0,30.6,42.3,53.8,71.0,46.8,54.3,26.5,35.7,23.7,32.8,80.3,46.8,54.7,91.4,61.7,43.6,56.9,60.1,70.7,36.4,49.6,63.0,81.5,55.5,63.7,31.7,41.9,28.8,39.3,54.7,52.2,52.2,52.2,52.2,52.2,52.2,52.2,52.2,52.2,0.0,72.9,90.8,69.3,79.1,65.3,86.9,75.9,59.7,56.3,27.1,9.2,30.7,20.9,34.7,13.1,24.1,40.3,43.7,0.0,0.0,0.0,0.0,0.0,0.0,0.0,0.0,0.0,3000.0,30.00,30,40,40,76,116,884,1,57.1,55.3,55.9,50.8,53.1,48.5,54.9,49.0,54.4,50.6,49.5,46.6,43.5,43.5,50.8,42.4,45.0,44.9,58.0,1.181,1.250,1.100,47.566,14.352,47.593,74.750,7.458,88.819,5.548,6.464,5.324,6.353,4.930,6.545,5.884,4.531,4.349,56.140,17.940,82.283,88.874,2000.0,3000.0,5230.4,5230.4,5250.0,54.9,39.7,41.5,54.9,58.2,Ne,Ne,Ne,6.308,3.334,5.8,30,57,46,26,1.181,5.040,3.408,3.328,12.192,1.101,1.243,3.408,3.280,3.328,1.056,1.056,1.048,1.350,1.814,0.928,3.344,0.064,0.048,0.048,0.048,1.016,1.016,1272,1020,2749,51.0,57.4,45,45,22494566,1.179,1.238,605134,57,13,7364656,44,18,6783282,182.5,1.9,41.5,1.350,1.365,1.815,1.800,1.005,5.110,1.250,Ne,Ne,Ne,39.5,1.350,1.365,1.815,1.800,1.005,5.110,0.750,Ne,Ne,Ne,62,78,99.0,100.0,Ne,Ne,30663,54286,0.3,0.1,0.4,0.290,0.521,77866,221697,52.0,60.0,67.0,1.074,1221,3162.0,2238.0,100.0,95.5,22.0,2.1,2.1,22.0,10961,1150,32.0,334261,0.0,44.1,0.725,50.000,18.000,84.000,600.0,3000.0,1200.0,100.0,0.0,0.0,0.0,0.0,0.0,0.0,0.0,0.0,0,0,16.0,246,Ne,Ne,Ne,246.0,245.9,4.06,4.06,0.00,3.94,0.12,0,0,0.0,0.0,0,0,0.0,0.0,0,0,0.0,0.0,157248,4527,574.7,55.0,0,0.0,
20.5.2026,12:37:55.871,33633,9526,77.9,19518,12377,61.1,0.7,1.180,1.180,1.170,1.170,1.170,1.170,1.180,1.200,1.200,5225.0,5225.0,5225.0,5225.0,5225.0,5225.0,5225.0,5225.0,5225.0,100.0,2556.0,4741.4,2746.5,2315.8,2366.2,2973.7,2965.7,2056.6,1973.8,3419.6,3340.2,2732.7,2714.4,2038.4,1398.2,1948.3,1163.8,2556.0,45.5,82.0,50.4,40.2,41.6,54.1,54.3,35.9,34.6,63.3,61.8,47.8,48.5,35.7,24.5,33.5,19.4,82.0,45.5,52.6,92.8,57.9,46.9,48.3,62.7,62.6,41.7,40.2,72.5,70.8,56.0,56.4,41.4,28.4,39.2,23.2,52.5,52.2,52.2,52.2,52.2,52.2,52.2,52.2,52.2,52.2,0.0,70.4,90.6,66.2,76.6,61.3,87.8,71.9,56.5,51.9,29.6,9.4,33.8,23.4,38.7,12.2,28.1,42.8,48.1,0.1,0.0,0.0,0.0,0.0,0.0,0.0,0.7,0.0,3000.0,30.00,30,40,40,76,116,884,1,57.0,54.9,55.0,50.2,52.9,47.7,54.2,48.2,53.9,49.7,48.9,45.7,43.0,43.0,50.5,42.5,45.0,44.9,58.0,1.181,1.250,1.100,45.772,14.528,45.758,76.000,7.435,86.961,5.388,6.539,5.107,6.131,4.730,6.495,5.677,4.349,4.074,53.982,18.160,80.321,86.927,2000.0,3000.0,5231.2,5231.2,5250.0,53.7,38.1,42.2,53.7,57.8,Ne,Ne,Ne,7.065,4.671,5.6,30,56,46,26,1.172,5.040,3.408,3.328,12.192,1.101,1.243,3.408,3.280,3.328,1.056,1.056,1.048,1.359,1.814,0.928,3.344,0.064,0.048,0.048,0.048,1.016,1.016,1266,1048,2721,51.0,57.4,45,45,22494658,1.183,1.234,605136,63,13,7364770,67,17,6783393,182.5,1.9,41.5,1.350,1.365,1.815,1.800,1.005,5.110,1.000,Ne,Ne,Ne,39.5,1.350,1.365,1.815,1.800,1.005,5.110,1.375,Ne,Ne,Ne,62,78,99.0,100.0,Ne,Ne,30663,54286,1.0,0.1,1.1,5.803,1.549,77878,221700,52.0,60.0,67.0,1.074,1190,3164.0,2238.0,99.0,97.1,22.0,2.2,2.2,20.0,10961,1150,32.0,334261,0.0,44.1,0.725,62.000,18.000,94.000,600.0,3000.0,1200.0,100.0,0.0,0.0,0.0,0.0,0.0,0.0,0.0,0.0,0,0,16.0,246,Ne,Ne,Ne,207.6,208.5,4.82,4.81,0.00,4.70,0.12,0,0,0.0,0.0,0,0,0.0,0.0,0,0,0.0,0.0,157249,4527,426.0,39.6,0,0.0,
20.5.2026,12:37:57.879,33624,9535,77.9,19545,12350,61.2,0.7,1.181,1.185,1.180,1.180,1.180,1.180,1.180,1.180,1.180,5225.0,5225.0,5225.0,5225.0,5225.0,5225.0,5225.0,5225.0,5225.0,100.0,2651.3,4779.3,2915.2,2653.8,2301.2,3174.7,2869.6,2314.1,1933.5,3616.5,3135.4,2936.7,2674.6,2368.5,1258.5,2342.9,1145.6,2651.3,46.8,80.6,53.6,46.4,40.0,57.8,52.2,40.1,33.5,66.8,57.3,53.2,47.0,41.4,21.4,39.8,18.4,80.6,46.8,54.5,91.5,61.7,54.2,46.9,67.2,60.8,47.0,39.4,76.7,66.5,61.8,54.8,48.2,25.5,47.3,22.8,54.5,52.2,52.2,52.2,52.2,52.2,52.2,52.2,52.2,52.2,0.0,71.9,91.4,68.7,77.7,63.5,85.9,74.0,58.5,55.7,28.1,8.6,31.3,22.3,36.5,14.1,26.0,41.5,44.3,0.0,0.0,0.0,0.0,0.0,0.0,0.0,0.0,0.0,3000.0,30.00,30,40,40,76,116,884,1,57.4,55.5,55.5,50.8,53.1,48.5,54.8,49.0,54.5,50.6,49.4,46.6,43.4,43.4,50.8,42.7,45.0,45.0,58.0,1.182,1.250,1.100,47.189,14.676,47.179,75.250,7.455,88.938,5.583,6.565,5.367,6.315,4.943,6.661,5.927,4.516,4.373,55.700,18.345,82.246,88.926,2000.0,3000.0,5230.9,5230.9,5250.0,54.9,39.3,41.8,54.9,58.5,Ne,Ne,Ne,8.398,4.949,5.8,30,57,46,26,1.172,5.040,3.408,3.328,12.192,1.101,1.243,3.408,3.280,3.328,1.056,1.056,1.048,1.359,1.814,0.928,3.344,0.064,0.048,0.048,0.048,1.016,1.016,1250,1021,2749,51.0,57.4,45,45,22494750,1.183,1.238,605139,50,13,7364896,58,18,6783515,182.5,1.9,41.5,1.350,1.365,1.815,1.800,1.005,5.040,1.750,Ne,Ne,Ne,39.5,1.350,1.365,1.815,1.800,1.005,5.040,0.625,Ne,Ne,Ne,62,78,99.0,100.0,Ne,Ne,30663,54286,7.6,0.1,7.7,8.437,0.648,77894,221701,52.0,60.0,67.0,1.077,1153,3163.0,2238.0,100.0,95.9,23.0,2.2,2.2,20.0,10961,1406,32.0,334261,0.0,44.1,0.725,43.000,18.000,76.000,600.0,3000.0,1200.0,100.0,0.0,0.0,0.0,0.0,0.0,0.0,0.0,0.0,0,0,16.0,246,Ne,Ne,Ne,223.8,223.5,4.47,4.47,0.00,4.34,0.13,0,0,0.0,0.0,0,0,0.0,0.0,0,0,0.0,0.0,157250,4527,371.0,41.4,0,0.0,
20.5.2026,12:37:59.869,33628,9530,77.9,19542,12353,61.2,0.7,1.180,1.185,1.180,1.175,1.175,1.175,1.180,1.180,1.190,5225.0,5225.0,5225.0,5225.0,5225.0,5225.0,5225.0,5225.0,5225.0,100.0,2715.6,4822.3,3049.4,2696.4,2427.6,3164.7,2958.1,2368.4,2011.3,3379.8,3445.6,2875.7,2756.0,2418.4,1388.3,2397.2,1291.2,2715.6,47.8,80.2,56.0,47.7,42.0,57.4,53.5,41.1,34.4,61.7,63.0,52.0,49.4,41.9,23.5,40.6,20.3,80.2,47.8,55.9,91.3,64.5,55.9,49.4,67.0,62.6,48.2,40.8,71.6,73.0,60.9,57.9,49.1,28.0,48.4,25.5,55.9,52.2,52.2,52.2,52.2,52.2,52.2,52.2,52.2,52.2,0.0,72.9,92.2,70.3,78.6,64.0,86.3,73.8,60.2,57.4,27.1,7.8,29.7,21.4,36.0,13.7,26.2,39.8,42.6,0.0,0.0,0.0,0.0,0.0,0.0,0.0,0.0,0.0,3000.0,30.00,30,40,40,76,116,884,1,57.5,55.6,56.8,51.1,53.4,48.9,55.1,49.2,54.6,50.8,49.9,46.9,43.6,43.6,50.2,42.7,45.0,45.0,58.0,1.182,1.250,1.100,47.373,14.637,47.393,76.750,7.447,89.113,5.656,6.626,5.516,6.375,4.991,6.659,5.950,4.647,4.480,55.948,18.296,82.437,89.149,2000.0,3000.0,5230.7,5230.7,5250.0,55.0,39.5,42.6,55.0,58.5,Ne,Ne,Ne,8.191,4.992,5.8,30,57,46,26,1.172,5.040,3.408,3.328,12.192,1.101,1.234,3.392,3.280,3.328,1.056,1.056,1.048,1.350,1.814,0.928,3.344,0.064,0.048,0.048,0.048,1.016,1.016,1247,1027,2749,51.0,57.4,45,45,22494842,1.179,1.238,605141,59,14,7364996,82,20,6783613,182.5,1.9,41.5,1.350,1.365,1.815,1.800,1.005,5.040,1.250,Ne,Ne,Ne,39.5,1.350,1.365,1.815,1.800,1.005,5.040,0.750,Ne,Ne,Ne,62,78,99.0,100.0,Ne,Ne,30663,54286,0.8,0.1,0.9,3.535,0.679,77900,221702,52.0,60.0,67.0,1.081,1132,3172.0,2238.0,100.0,98.9,24.0,2.2,2.2,20.0,10961,1406,32.0,334261,0.0,44.2,0.725,20.000,18.000,120.000,600.0,3000.0,1200.0,100.0,0.0,0.0,0.0,0.0,0.0,0.0,0.0,0.0,0,0,16.0,246,Ne,Ne,Ne,246.1,244.9,4.06,4.05,0.00,3.94,0.13,0,0,0.0,0.0,0,0,0.0,0.0,0,0,0.0,0.0,157251,4527,357.7,42.2,0,0.0,
20.5.2026,12:38:1.871,33614,9545,77.8,19548,12347,61.2,0.7,1.176,1.175,1.180,1.180,1.180,1.175,1.170,1.170,1.180,5225.0,5225.0,5225.0,5225.0,5225.0,5225.0,5225.0,5225.0,5225.0,100.0,2632.8,4822.5,2993.8,2506.4,2358.5,3035.8,3038.1,2207.4,1952.0,3102.5,3615.4,2762.8,2707.0,2174.1,1468.9,2131.3,1248.0,2632.8,46.8,81.1,55.0,44.0,41.4,55.6,55.6,38.6,34.1,56.9,66.8,49.9,48.5,38.2,25.6,36.8,20.8,81.1,46.8,54.1,92.0,62.9,51.1,48.1,64.4,64.3,44.9,39.7,65.7,76.7,57.8,56.3,44.2,29.8,43.0,24.8,54.1,52.2,52.2,52.2,52.2,52.2,52.2,52.2,52.2,52.2,0.0,71.6,92.2,68.3,78.1,62.6,85.3,72.8,58.6,54.8,28.4,7.8,31.7,21.9,37.4,14.7,27.2,41.4,45.2,0.0,0.0,0.0,0.0,0.0,0.0,0.0,0.0,0.0,3000.0,30.00,30,40,40,76,116,884,1,57.8,55.6,53.2,50.8,53.2,48.3,55.0,48.9,54.5,50.3,49.5,46.4,43.5,43.5,50.5,42.7,45.0,45.0,58.0,1.181,1.250,1.100,46.755,14.669,46.753,76.750,7.456,88.394,5.498,6.541,5.225,6.325,4.853,6.590,5.767,4.452,4.231,55.150,18.337,81.689,88.416,2000.0,3000.0,5231.0,5231.0,5250.0,54.6,39.0,42.6,54.6,58.6,Ne,Ne,Ne,8.911,5.325,5.7,30,57,46,26,1.181,5.000,3.392,3.328,12.192,1.101,1.243,3.408,3.280,3.328,1.056,1.056,1.048,1.359,1.814,0.928,3.344,0.064,0.048,0.048,0.048,1.016,1.016,1265,1058,2749,51.0,57.4,45,45,22494842,1.179,1.238,605141,59,14,7364996,82,20,6783613,182.5,1.9,41.8,1.350,1.365,1.815,1.800,1.005,5.040,0.500,Ne,Ne,Ne,39.5,1.350,1.365,1.815,1.800,1.005,5.040,0.750,Ne,Ne,Ne,62,78,99.0,100.0,Ne,Ne,30663,54286,2.1,0.1,2.3,9.923,1.617,77919,221705,52.0,60.0,66.0,1.079,1126,3167.0,2238.0,98.0,98.1,19.0,2.3,2.3,20.0,10961,1406,32.0,334261,0.0,44.2,0.725,14.000,18.000,113.000,600.0,3000.0,1200.0,100.0,0.0,0.0,0.0,0.0,0.0,0.0,0.0,0.0,0,0,16.0,246,Ne,Ne,Ne,212.3,211.9,4.71,4.72,0.00,4.59,0.12,0,0,0.0,0.0,0,0,0.0,0.0,0,0,0.0,0.0,157252,4527,648.0,34.7,0,0.0,
20.5.2026,12:38:3.871,33620,9538,77.8,19550,12344,61.2,0.7,1.177,1.180,1.180,1.180,1.175,1.175,1.175,1.175,1.175,5225.0,5225.0,5225.0,5225.0,5225.0,5225.0,5225.0,5225.0,5225.0,100.0,2778.2,4884.0,3129.5,2507.5,2640.2,3090.0,3291.6,2103.9,2373.9,3483.7,3537.1,2820.2,2926.9,1932.4,2151.0,1691.9,1886.9,2778.2,49.3,83.1,57.6,44.3,46.2,56.3,60.1,36.9,41.5,63.7,64.6,50.8,52.9,33.2,37.0,28.4,31.7,83.1,49.3,57.4,94.2,66.3,51.7,54.1,65.4,69.7,43.2,48.6,73.8,75.0,59.1,61.8,39.5,43.7,33.8,37.7,57.4,52.2,52.2,52.2,52.2,52.2,52.2,52.2,52.2,52.2,0.0,74.5,93.4,71.8,80.2,66.9,86.6,75.3,64.1,58.0,25.5,6.6,28.2,19.8,33.1,13.4,24.7,35.9,42.0,0.0,0.0,0.0,0.0,0.0,0.0,0.0,0.0,0.0,3000.0,30.00,30,40,40,76,116,884,1,58.2,56.5,55.0,51.6,54.2,49.2,55.8,49.9,55.2,51.3,50.3,47.1,43.9,43.9,50.5,42.6,45.0,45.0,58.0,1.181,1.250,1.100,49.408,14.622,49.396,80.250,7.469,91.479,5.781,6.831,5.575,6.555,5.186,6.763,6.096,4.763,4.478,58.308,18.277,84.801,91.489,2000.0,3000.0,5230.3,5230.3,5250.0,56.5,41.2,44.6,56.5,59.5,Ne,Ne,Ne,8.395,4.980,6.0,30,57,46,26,1.172,5.040,3.392,3.328,12.192,1.101,1.243,3.408,3.280,3.328,1.056,1.056,1.048,1.350,1.814,0.928,3.344,0.064,0.048,0.048,0.048,1.016,1.016,1247,1020,2749,51.0,57.4,45,45,22495026,1.179,1.238,605146,42,14,7365212,55,19,6783823,182.5,1.9,41.8,1.350,1.365,1.800,1.800,1.005,5.040,0.875,Ne,Ne,Ne,39.8,1.350,1.365,1.800,1.800,1.005,5.040,0.750,Ne,Ne,Ne,62,78,99.0,100.0,Ne,Ne,30663,54286,48.7,0.3,49.0,14.945,2.737,77948,221710,52.0,60.0,69.0,1.072,1122,3158.0,2238.0,100.0,96.5,20.0,2.4,2.4,20.0,10961,1406,32.0,334261,0.0,44.2,0.725,60.000,19.000,95.000,600.0,3000.0,1200.0,100.0,0.0,0.0,0.0,0.0,0.0,0.0,0.0,0.0,0,0,16.0,246,Ne,Ne,Ne,224.8,224.7,4.45,4.45,0.00,4.33,0.12,0,0,0.0,0.0,0,0,0.0,0.0,0,0,0.0,0.0,157254,4528,1134.5,53.8,0,0.0,
20.5.2026,12:38:5.869,33596,9562,77.8,19535,12360,61.2,0.7,1.184,1.180,1.185,1.185,1.185,1.185,1.185,1.185,1.185,5225.0,5225.0,5225.0,5225.0,5225.0,5225.0,5225.0,5225.0,5225.0,100.0,2715.6,4727.1,3232.7,2235.2,2791.4,2942.9,3356.9,1788.9,2461.2,3573.1,3574.5,2681.5,2985.7,1399.0,2398.0,1063.6,2237.2,2715.6,47.9,76.3,59.6,38.7,49.2,53.5,61.0,30.9,42.5,65.8,65.6,48.0,53.9,23.6,41.8,17.5,38.6,76.3,47.9,55.7,87.0,68.4,45.5,57.5,62.2,70.9,36.3,49.8,75.6,75.8,55.9,62.8,28.1,48.8,21.2,45.2,55.7,52.2,52.2,52.2,52.2,52.2,52.2,52.2,52.2,52.2,0.0,72.9,90.4,70.3,78.7,64.4,88.9,73.7,61.5,55.5,26.5,9.6,29.7,21.3,35.6,11.1,26.3,36.0,42.7,0.5,0.0,0.0,0.0,0.0,0.0,0.0,2.5,1.9,3000.0,30.00,30,40,40,76,116,884,1,58.4,56.3,55.0,51.4,54.0,48.9,55.7,49.3,55.2,51.0,50.1,46.8,43.8,43.8,50.5,42.5,45.0,45.0,58.0,1.181,1.250,1.100,49.360,14.568,49.370,78.000,7.464,91.314,5.692,6.774,5.476,6.519,4.972,6.791,6.017,4.658,4.331,58.223,18.211,84.644,91.307,2000.0,3000.0,5229.8,5229.8,5250.0,56.4,41.1,43.3,56.4,59.3,Ne,Ne,Ne,7.911,4.397,5.8,30,58,47,26,1.181,5.040,3.408,3.328,12.192,1.101,1.243,3.408,3.280,3.328,1.056,1.056,1.048,1.359,1.814,0.920,3.344,0.064,0.048,0.048,0.048,1.016,1.016,1262,1065,2727,51.0,57.4,45,45,22495120,1.187,1.234,605148,48,15,7365296,81,20,6783906,182.5,1.9,41.8,1.350,1.365,1.800,1.800,1.005,5.040,0.875,Ne,Ne,Ne,39.8,1.350,1.365,1.800,1.800,1.005,5.040,1.375,Ne,Ne,Ne,62,78,99.0,100.0,Ne,Ne,30663,54286,0.5,0.1,0.6,2.854,1.538,77953,221713,52.0,62.0,68.0,1.087,1121,3184.0,2238.0,100.0,98.4,23.0,2.1,2.1,20.0,10961,1406,32.0,334261,0.0,44.2,0.725,30.000,17.000,62.000,600.0,3000.0,1200.0,100.0,0.0,0.0,0.0,0.0,0.0,0.0,0.0,0.0,0,0,16.0,246,Ne,Ne,Ne,210.1,212.3,4.76,4.72,0.00,4.63,0.13,0,0,0.0,0.0,0,0,0.0,0.0,0,0,0.0,0.0,157256,4528,1235.0,48.1,0,0.0,
20.5.2026,12:38:7.871,33553,9606,77.7,19528,12367,61.2,0.7,1.181,1.170,1.180,1.180,1.180,1.185,1.185,1.185,1.185,5225.0,5225.0,5225.0,5225.0,5225.0,5225.0,5225.0,5225.0,5225.0,100.0,2742.1,4719.5,3175.8,2161.5,2909.0,2960.1,3470.0,1758.9,2650.2,3182.2,3846.9,2762.0,3099.0,1446.6,2424.5,1089.0,2218.7,2742.1,48.6,77.7,58.5,37.3,52.5,54.0,63.5,30.2,46.2,58.3,71.1,48.3,56.0,24.8,42.4,18.3,38.3,77.7,48.6,56.4,88.6,67.2,43.8,61.2,62.7,73.5,35.5,53.9,67.4,81.6,56.3,65.2,29.1,49.3,21.7,44.8,56.4,52.2,52.2,52.2,52.2,52.2,52.2,52.2,52.2,52.2,0.0,74.2,90.3,71.4,81.3,66.9,87.9,76.3,63.2,56.1,25.8,9.7,28.6,18.7,33.1,12.1,23.7,36.8,43.9,0.0,0.0,0.0,0.0,0.0,0.0,0.0,0.0,0.0,3000.0,30.00,30,40,40,76,116,884,1,58.5,56.4,54.1,51.5,53.9,49.1,55.8,49.6,55.2,51.1,50.2,46.7,43.7,43.7,50.0,42.6,45.0,45.0,58.0,1.181,1.250,1.100,49.684,14.540,49.687,75.000,7.457,91.625,5.785,6.783,5.591,6.604,5.158,6.844,6.112,4.804,4.386,58.634,18.175,85.012,91.631,2000.0,3000.0,5229.4,5229.4,5250.0,56.6,41.4,41.7,56.6,59.4,Ne,Ne,Ne,7.439,4.121,5.9,30,58,47,26,1.172,5.040,3.408,3.328,12.192,1.101,1.243,3.408,3.280,3.328,1.056,1.056,1.048,1.359,1.814,0.920,3.344,0.064,0.048,0.048,0.048,1.016,1.016,1274,1073,2749,51.0,57.4,45,45,22495120,1.187,1.234,605148,48,15,7365296,81,20,6783906,182.5,1.9,41.8,1.350,1.365,1.800,1.800,1.005,5.040,1.125,Ne,Ne,Ne,39.8,1.350,1.365,1.800,1.800,1.005,5.040,0.875,Ne,Ne,Ne,62,78,99.0,100.0,Ne,Ne,30663,54286,0.5,0.1,0.6,4.209,2.091,77961,221717,52.0,61.0,67.0,1.077,1133,3166.0,2238.0,100.0,95.8,21.0,2.1,2.1,21.0,10961,1406,32.0,334261,0.0,44.3,0.725,19.000,17.000,50.000,600.0,3000.0,1200.0,100.0,0.0,0.0,0.0,0.0,0.0,0.0,0.0,0.0,0,0,16.0,246,Ne,Ne,Ne,247.5,248.3,4.04,3.99,0.00,3.91,0.14,0,0,0.0,0.0,0,0,0.0,0.0,0,0,0.0,0.0,157259,4528,1294.3,54.1,0,0.0,
20.5.2026,12:38:9.870,33552,9607,77.7,19527,12368,61.2,0.7,1.177,1.190,1.175,1.175,1.175,1.175,1.175,1.175,1.175,5225.0,5225.0,5225.0,5225.0,5225.0,5225.0,5225.0,5225.0,5225.0,100.0,2620.5,4754.9,2944.7,2192.6,2719.3,2844.7,3266.3,1769.8,2331.5,3031.0,3845.8,2737.9,2881.5,1502.6,2015.5,1257.9,1831.7,2620.5,46.2,78.9,54.0,37.6,48.1,51.6,59.6,30.0,40.1,55.3,71.5,47.6,51.6,25.4,34.8,21.2,31.3,78.9,46.2,53.7,89.9,62.3,44.3,56.3,60.2,69.2,35.6,47.1,64.1,81.6,55.7,60.3,30.1,40.7,25.1,36.7,53.7,52.2,52.2,52.2,52.2,52.2,52.2,52.2,52.2,52.2,0.0,71.8,90.9,70.2,78.4,62.7,88.1,74.3,57.7,52.5,28.2,9.1,29.8,21.6,37.3,11.9,25.7,42.3,47.5,0.0,0.0,0.0,0.0,0.0,0.0,0.0,0.0,0.0,3000.0,30.00,30,40,40,76,116,884,1,58.1,55.4,54.1,50.6,53.2,48.3,54.7,48.6,54.1,50.3,49.2,46.1,43.3,43.3,50.2,42.6,45.0,45.0,58.0,1.182,1.250,1.100,46.749,14.435,46.746,75.750,7.436,87.935,5.500,6.588,5.325,6.294,4.816,6.516,5.856,4.451,4.156,55.171,18.044,81.394,87.923,2000.0,3000.0,5230.8,5230.8,5250.0,54.3,39.0,42.1,54.3,58.3,Ne,Ne,Ne,6.271,3.301,5.7,30,58,47,26,1.181,5.040,3.408,3.328,12.192,1.101,1.243,3.408,3.280,3.328,1.056,1.056,1.048,1.350,1.814,0.920,3.344,0.064,0.048,0.048,0.048,1.016,1.016,1278,1047,2772,51.0,57.4,45,45,22495308,1.171,1.238,605153,23,15,7365522,44,18,6784125,182.5,1.9,41.8,1.350,1.365,1.800,1.800,1.005,5.040,0.625,Ne,Ne,Ne,39.8,1.350,1.365,1.800,1.800,1.005,5.040,1.250,Ne,Ne,Ne,62,78,99.0,100.0,Ne,Ne,30663,54286,5.5,0.2,5.7,3.321,2.092,77968,221721,53.0,62.0,67.0,1.079,1151,3171.0,2238.0,99.0,97.0,22.0,2.2,2.2,21.0,10961,1406,32.0,334261,0.0,44.2,0.725,64.000,17.000,96.000,600.0,3000.0,1200.0,100.0,0.0,0.0,0.0,0.0,0.0,0.0,0.0,0.0,0,0,16.0,246,Ne,Ne,Ne,226.5,226.7,4.42,4.40,0.00,4.29,0.12,0,0,0.0,0.0,0,0,0.0,0.0,0,0,0.0,0.0,157261,4528,1227.0,47.2,0,0.0,
20.5.2026,12:38:11.871,33618,9541,77.8,19592,12302,61.4,0.7,1.178,1.185,1.180,1.180,1.180,1.175,1.175,1.175,1.175,5225.0,5225.0,5225.0,5225.0,5225.0,5225.0,5225.0,5225.0,5225.0,100.0,2729.9,4755.3,3209.3,2633.4,2478.8,3207.7,3076.6,2300.5,2175.9,3772.2,3150.3,3019.1,2732.2,2204.9,1596.9,1961.0,1403.7,2729.9,48.0,77.2,59.1,46.5,42.8,58.4,55.9,40.1,37.5,69.6,57.2,54.3,47.3,38.1,27.1,33.7,23.7,77.2,48.0,55.9,88.1,67.9,54.3,50.4,67.9,65.2,46.9,44.1,80.0,66.7,63.3,55.6,44.7,32.2,39.6,28.1,55.9,52.2,52.2,52.2,52.2,52.2,52.2,52.2,52.2,52.2,0.0,73.3,90.9,70.8,79.8,66.7,87.0,75.1,60.9,55.4,26.7,9.1,29.2,20.2,33.3,13.0,24.9,39.1,44.6,0.0,0.0,0.0,0.0,0.0,0.0,0.0,0.0,0.0,3000.0,30.00,30,40,40,76,116,884,1,58.0,56.1,58.5,51.4,53.9,49.0,55.6,49.6,55.0,50.9,50.1,46.8,43.8,43.8,50.5,42.6,45.0,45.0,58.0,1.182,1.250,1.100,48.613,14.617,48.581,75.500,7.441,90.550,5.729,6.763,5.532,6.554,5.158,6.736,6.010,4.680,4.398,57.396,18.271,83.852,90.526,2000.0,3000.0,5230.3,5230.3,5250.0,55.9,40.5,41.9,55.9,59.0,Ne,Ne,Ne,8.645,5.073,5.9,30,58,47,26,1.163,5.040,3.408,3.328,12.192,1.101,1.243,3.408,3.280,3.328,1.056,1.056,1.048,1.359,1.814,0.920,3.344,0.064,0.048,0.048,0.048,1.016,1.016,1277,1039,2749,51.0,57.4,45,45,22495402,1.183,1.238,605155,63,13,7365568,81,23,6784173,182.5,1.9,41.8,1.335,1.365,1.800,1.800,1.005,5.040,1.000,Ne,Ne,Ne,39.8,1.350,1.365,1.800,1.800,1.005,5.040,1.000,Ne,Ne,Ne,62,78,99.0,100.0,Ne,Ne,30663,54286,0.5,0.1,0.6,3.184,1.613,77974,221724,53.0,62.0,69.0,1.084,1158,3178.0,2238.0,100.0,97.5,22.0,2.3,2.3,21.0,10961,1406,32.0,334261,0.0,44.2,0.725,52.000,17.000,85.000,600.0,3000.0,1200.0,100.0,0.0,0.0,0.0,0.0,0.0,0.0,0.0,0.0,0,0,16.0,246,Ne,Ne,Ne,225.2,226.1,4.44,4.43,0.00,4.32,0.12,0,0,0.0,0.0,0,0,0.0,0.0,0,0,0.0,0.0,157264,4528,1358.3,48.3,0,0.0,
20.5.2026,12:38:13.869,33570,9589,77.7,19550,12345,61.2,0.7,1.180,1.180,1.180,1.180,1.180,1.180,1.180,1.180,1.180,5225.0,5225.0,5225.0,5225.0,5225.0,5225.0,5225.0,5225.0,5225.0,100.0,2765.8,4779.1,3160.3,2794.0,2394.8,3321.9,3055.7,2489.9,1915.9,3817.9,3205.7,3149.7,2773.1,2661.5,1285.2,2478.3,969.0,2765.8,48.8,80.5,58.0,48.7,41.3,60.7,55.5,43.2,32.7,70.7,58.4,57.2,48.0,46.8,21.1,43.0,15.4,80.5,48.8,57.0,91.7,66.9,57.0,48.7,70.4,64.7,50.6,38.8,81.0,67.9,66.7,56.6,54.9,25.8,50.3,19.2,57.0,52.2,52.2,52.2,52.2,52.2,52.2,52.2,52.2,52.2,0.0,74.3,91.4,71.7,80.0,66.2,87.7,77.0,63.1,57.2,25.7,8.6,28.3,20.0,33.8,12.3,23.0,36.9,42.8,0.0,0.0,0.0,0.0,0.0,0.0,0.0,0.0,0.0,3000.0,30.00,30,40,40,76,116,884,1,58.1,56.4,59.4,51.7,54.1,49.4,55.9,49.8,55.3,51.5,50.5,47.2,43.9,43.9,50.5,42.7,45.0,45.0,58.0,1.182,1.250,1.100,48.941,14.634,48.963,76.750,7.435,90.977,5.810,6.806,5.615,6.644,5.122,6.807,6.203,4.831,4.453,57.786,18.293,84.257,91.008,2000.0,3000.0,5230.0,5230.0,5250.0,56.2,40.8,42.6,56.2,59.3,Ne,Ne,Ne,8.925,5.203,5.9,30,58,47,26,1.172,5.040,3.392,3.328,12.192,1.101,1.243,3.408,3.280,3.328,1.056,1.056,1.048,1.359,1.814,0.920,3.344,0.064,0.048,0.048,0.048,1.016,1.016,1294,1066,2721,51.0,57.4,45,45,22495496,1.191,1.238,605157,54,14,7365694,37,17,6784295,182.5,1.9,41.8,1.350,1.365,1.800,1.800,1.005,5.040,0.375,Ne,Ne,Ne,39.8,1.350,1.365,1.800,1.800,1.005,5.040,0.500,Ne,Ne,Ne,62,78,99.0,100.0,Ne,Ne,30663,54286,20.4,0.1,20.5,10.465,1.844,77994,221728,53.0,62.0,69.0,1.072,1163,3157.0,2238.0,100.0,97.2,21.0,2.5,2.5,22.0,10961,1406,32.0,334261,0.0,44.2,0.725,5.000,18.000,104.000,600.0,3000.0,1200.0,100.0,0.0,0.0,0.0,0.0,0.0,0.0,0.0,0.0,0,0,16.0,246,Ne,Ne,Ne,205.7,205.6,4.86,4.86,0.00,4.74,0.12,0,0,0.0,0.0,0,0,0.0,0.0,0,0,0.0,0.0,157266,4528,1147.8,43.1,0,0.0,
20.5.2026,12:38:15.872,33600,9558,77.8,19560,12334,61.3,0.7,1.185,1.185,1.185,1.185,1.185,1.185,1.185,1.185,1.185,5225.0,5225.0,5225.0,5225.0,5225.0,5225.0,5225.0,5225.0,5225.0,100.0,2475.5,4723.2,2710.2,2371.5,2217.8,2846.9,2993.0,2142.0,1741.7,2869.2,3507.8,2703.6,2531.1,2189.4,1133.8,2123.2,803.6,2475.5,44.2,81.7,49.9,41.6,39.1,51.7,54.6,37.6,30.6,52.3,64.9,49.3,44.7,38.4,19.9,37.4,13.9,81.7,44.2,51.0,92.4,57.2,48.2,45.3,60.1,63.3,43.4,35.4,60.6,74.4,57.1,52.1,44.3,23.0,42.9,16.1,51.0,52.2,52.2,52.2,52.2,52.2,52.2,52.2,52.2,52.2,0.0,67.8,90.3,64.2,73.5,58.8,81.4,68.3,55.2,50.4,32.0,9.7,35.8,26.5,40.8,18.6,31.7,43.8,49.4,0.2,0.0,0.0,0.0,0.3,0.0,0.0,1.0,0.2,3000.0,30.00,30,40,40,76,116,884,1,57.5,54.8,55.9,50.0,52.6,47.7,54.1,48.1,53.7,49.6,48.9,45.7,43.1,43.1,51.0,42.6,45.0,45.0,58.0,1.181,1.250,1.100,44.679,14.570,44.691,80.500,7.410,85.736,5.284,6.367,5.053,6.050,4.655,6.343,5.571,4.243,3.993,52.706,18.212,79.069,85.756,2000.0,3000.0,5231.5,5231.5,5250.0,52.9,37.2,44.7,52.9,57.6,Ne,Ne,Ne,8.418,4.752,5.4,30,58,47,26,1.181,5.040,3.408,3.328,12.192,1.101,1.243,3.408,3.280,3.328,1.056,1.056,1.048,1.350,1.814,0.920,3.328,0.064,0.048,0.048,0.048,1.016,1.016,1274,1079,2772,51.0,57.4,45,45,22495590,1.179,1.238,605160,28,14,7365802,86,18,6784401,182.5,1.9,41.8,1.350,1.365,1.800,1.800,1.005,5.040,0.750,Ne,Ne,Ne,39.8,1.350,1.365,1.815,1.800,1.005,5.040,1.375,Ne,Ne,Ne,62,78,99.0,100.0,Ne,Ne,30663,54286,100.0,0.1,100.0,32.518,0.848,78056,221730,54.0,62.0,71.0,1.085,1203,3183.0,2238.0,100.0,98.7,23.0,2.5,2.5,24.0,10961,1406,32.0,334261,0.0,44.2,0.725,3.000,18.000,102.000,600.0,3000.0,1200.0,100.0,0.0,0.0,0.0,0.0,0.0,0.0,0.0,0.0,0,0,16.0,246,Ne,Ne,Ne,186.4,187.2,5.36,5.35,0.00,5.24,0.12,0,0,0.0,0.0,0,0,0.0,0.0,0,0,0.0,0.0,157268,4528,608.5,45.4,0,0.0,
20.5.2026,12:38:17.873,33650,9509,77.9,19583,12312,61.3,0.7,1.187,1.170,1.190,1.190,1.190,1.190,1.190,1.190,1.190,5225.0,5225.0,5225.0,5225.0,5225.0,5225.0,5225.0,5225.0,5225.0,100.0,2631.0,4774.5,3101.1,2406.4,2422.9,2978.4,3096.8,2137.3,2066.6,3020.5,3639.0,2646.7,2883.3,2218.8,1460.0,2059.9,1184.1,2631.0,46.6,78.4,57.2,42.0,43.1,53.5,56.5,37.3,36.4,54.8,67.4,46.5,51.9,38.7,25.3,35.7,20.2,78.4,46.6,53.9,89.0,65.4,49.1,50.1,62.4,65.4,43.4,42.2,63.9,77.2,54.2,60.3,45.0,29.7,41.6,23.9,53.9,52.2,52.2,52.2,52.2,52.2,52.2,52.2,52.2,52.2,0.0,71.0,91.3,67.0,77.3,63.1,83.7,71.8,59.7,54.2,29.0,8.7,33.0,22.7,36.9,16.3,28.2,40.3,45.8,0.0,0.0,0.0,0.0,0.0,0.0,0.0,0.0,0.0,3000.0,30.00,30,40,40,76,116,884,1,57.5,55.1,59.9,50.5,53.0,48.2,54.7,48.7,54.1,50.2,49.4,46.2,43.2,43.2,50.5,42.6,45.0,45.0,58.0,1.181,1.250,1.100,46.562,14.607,46.563,78.250,7.436,88.075,5.522,6.559,5.280,6.307,4.920,6.520,5.804,4.533,4.248,54.937,18.258,81.375,88.082,2000.0,3000.0,5230.9,5230.9,5250.0,54.4,38.8,43.5,54.4,58.0,Ne,Ne,Ne,8.819,5.015,5.7,30,57,46,26,1.172,5.040,3.408,3.328,12.192,1.101,1.234,3.408,3.280,3.328,1.056,1.056,1.048,1.359,1.814,0.920,3.344,0.064,0.048,0.048,0.048,1.016,1.016,1286,1049,2727,51.0,57.4,45,45,22495682,1.179,1.238,605162,39,15,7365858,81,17,6784458,182.5,1.9,41.8,1.350,1.365,1.815,1.800,1.005,5.040,0.750,Ne,Ne,Ne,39.8,1.350,1.365,1.815,1.815,1.005,5.040,1.625,Ne,Ne,Ne,62,78,99.0,100.0,Ne,Ne,30663,54286,1.4,0.3,1.7,4.498,1.967,78065,221733,54.0,62.0,70.0,1.067,1269,3144.0,2238.0,100.0,96.5,23.0,2.6,2.6,26.0,10961,1397,32.0,334261,0.0,44.2,0.725,60.000,18.000,93.000,600.0,3000.0,1200.0,100.0,0.0,0.0,0.0,0.0,0.0,0.0,0.0,0.0,0,0,16.0,246,Ne,Ne,Ne,236.6,235.6,4.23,4.24,0.00,4.10,0.13,0,0,0.0,0.0,0,0,0.0,0.0,0,0,0.0,0.0,157268,4528,455.8,45.6,0,0.0,
20.5.2026,12:38:19.872,33561,9598,77.7,19548,12347,61.2,0.7,1.179,1.180,1.170,1.170,1.185,1.185,1.185,1.185,1.175,5225.0,5225.0,5225.0,5225.0,5225.0,5225.0,5225.0,5225.0,5225.0,100.0,2645.9,4757.1,2989.9,2370.9,2615.2,2969.6,3141.7,1960.0,2266.4,3365.0,3364.8,2556.0,3016.1,1777.7,1940.7,1588.7,1653.7,2645.9,47.0,79.7,55.3,41.3,45.7,54.2,57.4,34.0,39.6,61.8,61.9,45.6,55.0,30.7,33.8,27.2,28.4,79.7,47.0,54.4,90.5,63.3,48.2,53.3,62.9,66.5,39.7,46.1,71.3,71.3,53.1,63.9,35.9,39.4,31.9,33.3,54.4,52.2,52.2,52.2,52.2,52.2,52.2,52.2,52.2,52.2,0.0,71.3,91.0,68.6,78.1,62.8,85.2,72.6,59.0,53.1,28.7,9.0,31.4,21.9,37.2,14.8,27.4,41.0,46.9,0.0,0.0,0.0,0.0,0.0,0.0,0.0,0.0,0.0,3000.0,30.00,30,40,40,76,116,884,1,57.6,55.7,54.6,51.0,53.4,48.6,55.2,49.1,54.7,50.7,49.9,46.4,43.6,43.6,50.5,42.5,45.0,45.0,58.0,1.180,1.250,1.100,47.262,14.684,47.271,79.000,7.444,88.939,5.561,6.550,5.339,6.332,4.943,6.583,5.925,4.598,4.220,55.722,18.355,82.266,88.951,2000.0,3000.0,5230.6,5230.6,5250.0,54.9,39.4,43.9,54.9,58.7,Ne,Ne,Ne,8.698,4.787,5.7,30,57,46,26,1.172,5.040,3.408,3.328,12.192,1.101,1.243,3.408,3.280,3.328,1.056,1.056,1.048,1.359,1.814,0.920,3.328,0.064,0.048,0.048,0.048,1.016,1.016,1268,1053,2772,51.0,57.4,45,45,22495774,1.191,1.238,605164,67,15,7365936,72,18,6784535,182.5,1.9,41.8,1.350,1.365,1.815,1.815,1.005,5.040,1.375,Ne,Ne,Ne,39.8,1.350,1.365,1.815,1.815,0.975,5.040,1.500,Ne,Ne,Ne,62,78,99.0,100.0,Ne,Ne,30663,54286,0.1,0.1,0.2,0.478,1.189,78066,221736,54.0,62.0,69.0,1.082,1338,3170.0,2238.0,100.0,98.7,22.0,2.4,2.4,27.0,10961,1397,32.0,334261,0.0,44.2,0.725,62.000,18.000,95.000,600.0,3000.0,1200.0,100.0,0.0,0.0,0.0,0.0,0.0,0.0,0.0,0.0,0,0,16.0,246,Ne,Ne,Ne,228.6,228.5,4.37,4.37,0.00,4.26,0.12,0,0,0.0,0.0,0,0,0.0,0.0,0,0,0.0,0.0,157269,4528,489.5,38.0,0,0.0,
20.5.2026,12:38:21.870,33563,9596,77.7,19549,12346,61.2,0.7,1.172,1.185,1.170,1.170,1.170,1.170,1.170,1.170,1.170,5225.0,5225.0,5225.0,5225.0,5225.0,5225.0,5225.0,5225.0,5225.0,100.0,2564.5,4796.8,2864.5,2134.7,2654.0,2739.7,3143.7,1643.4,2421.4,3168.2,3393.0,2483.8,2903.4,1458.1,2102.2,1114.1,2010.6,2564.5,45.0,80.7,51.6,36.4,46.3,48.8,56.9,27.7,42.4,57.6,62.1,42.8,52.6,24.5,36.4,18.2,34.7,80.7,45.0,52.6,91.7,59.5,43.3,54.2,57.4,66.5,33.1,49.4,67.0,71.9,50.6,61.4,29.3,42.7,22.2,40.7,52.6,52.2,52.2,52.2,52.2,52.2,52.2,52.2,52.2,52.2,0.0,69.7,91.7,66.8,75.9,60.6,84.1,70.7,56.5,51.1,30.0,8.3,33.2,24.1,39.4,15.9,29.3,43.3,46.8,0.3,0.0,0.0,0.0,0.0,0.0,0.0,0.2,2.0,3000.0,30.00,30,40,40,76,116,884,1,57.5,55.1,55.0,50.2,52.7,47.9,54.2,48.4,53.9,49.8,48.9,45.8,43.2,43.2,50.5,42.6,45.0,45.0,58.0,1.180,1.250,1.100,46.493,14.640,46.502,76.750,7.462,88.043,5.366,6.419,5.172,6.113,4.749,6.459,5.631,4.342,4.040,54.822,18.299,81.329,88.025,2000.0,3000.0,5230.9,5230.9,5250.0,54.3,38.8,42.6,54.3,58.0,Ne,Ne,Ne,8.450,4.819,5.6,30,57,46,26,1.181,5.040,3.408,3.328,12.192,1.101,1.234,3.392,3.280,3.328,1.056,1.056,1.048,1.350,1.814,0.920,3.344,0.064,0.048,0.048,0.048,1.016,1.016,1250,1032,2721,51.0,57.4,45,45,22495774,1.191,1.238,605164,67,15,7365936,72,18,6784535,182.5,1.9,41.8,1.350,1.365,1.815,1.815,0.975,5.040,0.875,Ne,Ne,Ne,39.8,1.350,1.365,1.815,1.815,0.975,5.040,1.500,Ne,Ne,Ne,62,78,99.0,100.0,Ne,Ne,30663,54286,2.7,0.1,2.8,1.520,1.040,78069,221738,53.0,62.0,69.0,1.082,1382,3173.0,2238.0,100.0,99.0,22.0,2.1,2.1,28.0,10961,1397,32.0,334261,0.0,44.3,0.725,14.000,19.000,114.000,600.0,3000.0,1200.0,100.0,0.0,0.0,0.0,0.0,0.0,0.0,0.0,0.0,0,0,16.0,246,Ne,Ne,Ne,219.6,219.5,4.55,4.56,0.00,4.43,0.13,0,0,0.0,0.0,0,0,0.0,0.0,0,0,0.0,0.0,157270,4528,420.8,35.5,0,0.0,
20.5.2026,12:38:23.870,33637,9522,77.9,19610,12285,61.4,0.7,1.181,1.190,1.185,1.185,1.185,1.175,1.175,1.175,1.175,5225.0,5225.0,5225.0,5225.0,5225.0,5225.0,5225.0,5225.0,5225.0,100.0,2553.5,4748.6,2967.7,2081.5,2617.1,2856.2,3116.8,1565.2,2351.0,3260.1,3442.3,2508.7,2796.9,1252.5,2229.3,985.8,2077.0,2553.5,45.2,78.6,54.5,36.0,46.0,51.8,57.0,26.7,41.3,60.0,63.5,43.7,50.8,21.1,39.3,16.3,36.3,78.6,45.2,52.5,89.3,62.6,42.4,53.5,60.3,66.1,31.7,48.0,69.1,73.0,51.3,59.2,25.2,45.6,19.8,42.2,52.4,52.2,52.2,52.2,52.2,52.2,52.2,52.2,52.2,52.2,0.0,69.8,90.8,66.6,75.8,60.6,84.6,70.1,57.5,52.6,30.2,9.2,33.4,24.2,39.4,15.4,29.9,42.5,47.4,0.0,0.0,0.0,0.0,0.0,0.0,0.0,0.0,0.0,3000.0,30.00,30,40,40,76,116,884,1,57.5,55.2,53.2,50.4,52.9,48.1,54.6,48.4,54.1,50.1,49.3,46.0,43.2,43.2,51.0,42.8,45.0,45.0,58.0,1.181,1.250,1.100,46.755,14.697,46.749,80.750,7.442,88.436,5.437,6.476,5.202,6.264,4.724,6.511,5.744,4.441,4.131,55.154,18.371,81.711,88.456,2000.0,3000.0,5231.1,5231.1,5250.0,54.6,39.0,44.9,54.6,58.1,Ne,Ne,Ne,9.134,5.532,5.6,30,57,46,26,1.172,5.040,3.408,3.328,12.288,1.101,1.243,3.408,3.280,3.328,1.056,1.056,1.048,1.359,1.814,0.920,3.344,0.064,0.048,0.048,0.048,1.016,1.016,1266,1038,2721,51.0,57.4,45,45,22495866,1.183,1.238,605167,71,14,7366070,70,17,6784665,182.5,1.9,41.8,1.350,1.365,1.815,1.815,0.975,5.040,1.500,Ne,Ne,Ne,40.0,1.350,1.365,1.815,1.815,0.975,5.040,0.625,Ne,Ne,Ne,62,78,99.0,100.0,Ne,Ne,30663,54286,0.3,0.1,0.4,0.943,1.058,78071,221740,53.0,62.0,68.0,1.072,1401,3159.0,2238.0,100.0,96.3,21.0,2.0,2.0,28.0,10961,1397,32.0,334261,0.0,44.2,0.725,17.000,19.000,117.000,600.0,3000.0,1200.0,100.0,0.0,0.0,0.0,0.0,0.0,0.0,0.0,0.0,0,0,16.0,246,Ne,Ne,Ne,204.9,204.5,4.88,4.89,0.00,4.76,0.12,0,0,0.0,0.0,0,0,0.0,0.0,0,0,0.0,0.0,157272,4528,811.3,44.1,0,0.0,
20.5.2026,12:38:25.869,33580,9578,77.8,19577,12318,61.3,0.7,1.182,1.190,1.180,1.180,1.180,1.180,1.180,1.180,1.185,5225.0,5225.0,5225.0,5225.0,5225.0,5225.0,5225.0,5225.0,5225.0,100.0,2573.8,4764.7,2923.1,2168.2,2601.8,2992.4,2974.2,1702.1,2315.7,3301.1,3445.8,2709.9,2733.3,1288.0,2182.8,1046.0,2031.5,2573.8,46.3,81.7,54.1,38.1,46.4,55.1,54.7,30.1,41.3,61.2,64.1,48.3,49.5,22.8,39.0,18.4,36.3,81.7,46.3,53.0,92.2,61.6,44.2,53.4,63.4,63.0,34.6,47.3,70.0,73.1,55.6,57.0,26.1,44.5,21.1,41.4,53.0,52.2,52.2,52.2,52.2,52.2,52.2,52.2,52.2,52.2,0.0,70.2,91.1,66.4,75.7,61.7,85.2,71.2,57.1,53.0,29.6,8.9,33.6,24.3,38.3,14.8,28.8,42.8,45.6,0.2,0.0,0.0,0.0,0.0,0.0,0.0,0.2,1.4,3000.0,30.00,30,40,40,76,116,884,1,58.0,55.6,55.0,50.6,53.0,48.2,54.7,48.7,54.6,50.1,49.4,46.0,43.3,43.3,50.5,42.6,45.0,45.0,58.0,1.181,1.250,1.100,46.967,14.760,46.957,76.250,7.435,88.776,5.484,6.501,5.262,6.275,4.836,6.672,5.774,4.445,4.109,55.400,18.450,82.029,88.772,2000.0,3000.0,5231.0,5231.0,5250.0,54.8,39.1,42.4,54.8,58.6,Ne,Ne,Ne,9.468,5.457,5.6,30,57,46,26,1.172,5.040,3.408,3.328,12.192,1.101,1.234,3.408,3.280,3.328,1.056,1.056,1.048,1.350,1.814,0.920,3.344,0.064,0.048,0.048,0.048,1.016,1.016,1248,1018,2749,51.0,57.4,45,45,22495958,1.171,1.238,605169,40,14,7366212,37,17,6784801,182.5,1.9,41.8,1.365,1.365,1.815,1.815,0.975,5.040,1.625,Ne,Ne,Ne,40.0,1.365,1.365,1.815,1.815,0.975,5.040,0.875,Ne,Ne,Ne,62,78,99.0,100.0,Ne,Ne,30663,54286,0.4,0.3,0.7,2.357,2.794,78075,221745,53.0,62.0,70.0,1.083,1408,3178.0,2238.0,100.0,98.9,24.0,2.1,2.1,27.0,10961,1397,32.0,334261,0.0,44.3,0.725,60.000,19.000,94.000,600.0,3000.0,1200.0,100.0,0.0,0.0,0.0,0.0,0.0,0.0,0.0,0.0,0,0,16.0,246,Ne,Ne,Ne,183.4,184.8,5.45,5.43,0.00,5.33,0.13,0,0,0.0,0.0,0,0,0.0,0.0,0,0,0.0,0.0,157274,4529,1023.3,50.4,0,0.0,
20.5.2026,12:38:27.880,33567,9591,77.7,19556,12338,61.3,0.7,1.176,1.170,1.175,1.175,1.175,1.175,1.175,1.175,1.185,5225.0,5225.0,5225.0,5225.0,5225.0,5225.0,5225.0,5225.0,5225.0,100.0,2938.2,4831.8,3368.0,2777.9,2755.2,3583.3,3247.3,2404.9,2453.5,3918.4,3376.1,3263.9,2907.5,2176.2,2138.4,1967.6,1841.2,2938.2,52.5,81.6,62.4,49.7,49.1,65.6,59.2,42.1,43.4,72.4,61.9,59.8,52.9,37.4,37.4,33.8,31.9,81.6,52.5,60.8,93.0,71.4,57.8,56.9,75.9,68.7,49.0,50.4,83.1,71.5,69.2,61.3,44.1,43.6,39.8,37.4,60.8,52.2,52.2,52.2,52.2,52.2,52.2,52.2,52.2,52.2,0.0,77.7,92.4,75.7,83.4,71.9,88.6,78.7,68.2,62.8,22.3,7.6,24.3,16.6,28.1,11.4,21.3,31.8,37.2,0.0,0.0,0.0,0.0,0.0,0.0,0.0,0.0,0.0,3000.0,30.00,30,40,40,76,116,884,1,59.1,57.5,58.5,52.8,54.9,50.5,57.1,51.1,56.4,52.7,51.5,48.4,44.5,44.5,51.0,42.9,45.7,45.0,58.0,1.183,1.250,1.100,52.682,14.919,52.674,77.250,7.458,95.919,6.133,6.991,5.984,6.966,5.532,7.086,6.510,5.126,4.867,62.263,18.649,89.116,95.932,2000.0,3000.0,5228.6,5228.6,5250.0,59.2,43.9,42.9,59.2,60.5,Ne,Ne,Ne,11.177,6.067,6.2,30,58,46,26,1.172,5.040,3.408,3.328,12.192,1.101,1.243,3.408,3.280,3.328,1.056,1.056,1.048,1.350,1.814,0.920,3.344,0.064,0.048,0.048,0.048,1.016,1.016,1250,1017,2721,51.0,57.4,45,45,22496050,1.171,1.238,605172,43,14,7366292,37,18,6784881,182.5,1.9,41.8,1.365,1.380,1.800,1.815,0.975,5.040,0.750,Ne,Ne,Ne,40.0,1.365,1.380,1.815,1.815,0.975,5.040,2.000,Ne,Ne,Ne,62,78,99.0,100.0,Ne,Ne,30663,54286,5.2,0.2,5.4,1.873,1.915,78079,221749,53.0,62.0,68.0,1.077,1409,3163.0,2238.0,100.0,96.7,24.0,1.9,1.9,27.0,10961,1397,32.0,334261,0.0,44.3,0.725,7.000,18.000,106.000,600.0,3000.0,1200.0,100.0,0.0,0.0,0.0,0.0,0.0,0.0,0.0,0.0,0,0,16.0,246,Ne,Ne,Ne,242.7,242.5,4.12,4.12,0.00,3.99,0.13,0,0,0.0,0.0,0,0,0.0,0.0,0,0,0.0,0.0,157276,4529,1210.2,48.0,0,0.0,
20.5.2026,12:38:29.869,33572,9587,77.7,19559,12336,61.3,0.7,1.179,1.170,1.180,1.180,1.180,1.180,1.180,1.180,1.180,5225.0,5225.0,5225.0,5225.0,5225.0,5225.0,5225.0,5225.0,5225.0,100.0,2880.6,4852.5,3303.8,2848.7,2568.3,3322.2,3331.2,2592.2,2161.9,3423.7,3609.0,3127.8,2900.5,2639.2,1670.9,2465.4,1271.6,2880.6,51.0,80.9,60.8,51.4,44.9,60.1,60.7,45.4,37.5,62.3,66.3,56.8,52.7,45.4,28.3,42.3,20.9,80.9,51.0,59.6,92.4,70.0,60.3,52.6,70.3,70.6,53.2,44.1,72.5,76.5,66.2,61.4,53.6,33.9,49.9,25.5,59.6,52.2,52.2,52.2,52.2,52.2,52.2,52.2,52.2,52.2,0.0,76.3,92.8,74.2,82.1,69.8,86.2,77.4,66.9,60.7,23.7,7.2,25.8,17.9,30.2,13.8,22.6,33.1,39.3,0.0,0.0,0.0,0.0,0.0,0.0,0.0,0.0,0.0,3000.0,30.00,30,40,40,76,116,884,1,59.4,57.7,55.5,52.9,55.1,50.4,57.3,51.1,56.5,52.5,51.9,48.2,44.8,44.8,51.0,42.9,45.9,45.0,58.1,1.183,1.250,1.100,51.736,14.819,51.737,76.750,7.443,94.643,6.038,6.939,5.888,6.869,5.460,6.945,6.350,5.107,4.743,61.150,18.524,87.862,94.637,2000.0,3000.0,5229.2,5229.2,5250.0,58.4,43.1,42.6,58.4,60.7,Ne,Ne,Ne,10.051,5.502,6.1,30,59,48,26,1.181,5.040,3.408,3.328,12.288,1.101,1.243,3.408,3.280,3.328,1.056,1.056,1.048,1.350,1.814,0.920,3.344,0.064,0.048,0.048,0.048,1.016,1.016,1265,1042,2721,51.0,57.4,46,45,22496142,1.171,1.238,605174,70,15,7366378,32,18,6784965,182.5,1.9,42.0,1.365,1.380,1.815,1.800,0.975,5.040,2.250,Ne,Ne,Ne,40.0,1.365,1.380,1.815,1.815,0.975,5.040,0.750,Ne,Ne,Ne,62,78,99.0,100.0,Ne,Ne,30663,54286,0.3,0.1,0.4,1.197,1.699,78081,221752,53.0,62.0,67.0,1.084,1408,3177.0,2238.0,100.0,98.5,21.0,2.3,2.3,27.0,10961,1397,32.0,334261,0.0,44.4,0.725,1.000,18.000,100.000,600.0,3000.0,1200.0,100.0,0.0,0.0,0.0,0.0,0.0,0.0,0.0,0.0,0,0,16.0,246,Ne,Ne,Ne,228.3,227.9,4.38,4.39,0.00,4.26,0.12,0,0,0.0,0.0,0,0,0.0,0.0,0,0,0.0,0.0,157279,4529,1196.1,48.0,0,0.0,
20.5.2026,12:38:31.871,33593,9565,77.8,19564,12331,61.3,0.7,1.177,1.190,1.175,1.175,1.175,1.175,1.175,1.175,1.175,5225.0,5225.0,5225.0,5225.0,5225.0,5225.0,5225.0,5225.0,5225.0,100.0,2695.1,4724.6,3077.0,2630.4,2368.0,3002.5,3218.0,2395.1,1918.2,3088.2,3793.0,2914.1,2816.5,2410.1,1517.7,2249.3,999.5,2695.1,48.2,78.7,56.7,47.1,42.1,54.5,59.3,42.2,33.8,56.6,70.6,52.2,50.6,42.0,26.5,39.7,17.8,78.7,48.2,55.4,89.6,64.8,54.6,48.6,63.2,68.1,48.8,39.1,65.3,80.5,60.5,58.5,48.8,30.8,45.6,20.3,55.4,52.2,52.2,52.2,52.2,52.2,52.2,52.2,52.2,52.2,0.0,72.7,90.3,69.4,79.0,64.2,87.4,74.1,62.3,54.6,27.2,9.7,30.6,21.0,35.8,12.6,25.9,37.7,44.4,0.1,0.0,0.0,0.0,0.0,0.0,0.0,0.0,1.0,3000.0,30.00,30,40,40,76,116,884,1,59.2,57.1,55.5,51.9,54.8,49.4,56.1,49.9,56.0,51.4,50.9,47.1,44.2,44.2,51.0,42.9,45.6,45.0,58.5,1.183,1.250,1.100,49.233,14.719,49.247,77.250,7.432,91.455,5.734,6.838,5.494,6.496,5.061,6.844,5.997,4.809,4.329,58.157,18.399,84.732,91.485,2000.0,3000.0,5229.9,5229.9,5250.0,56.5,41.0,42.9,56.5,60.1,Ne,Ne,Ne,9.201,5.208,5.8,30,59,48,26,1.190,5.040,3.408,3.328,12.192,1.101,1.243,3.408,3.280,3.328,1.056,1.056,1.048,1.350,1.814,0.920,3.344,0.064,0.048,0.048,0.048,1.016,1.016,1318,1084,2743,51.0,57.4,46,45,22496238,1.164,1.238,605176,44,14,7366518,61,18,6785100,182.5,1.9,42.0,1.365,1.380,1.815,1.800,0.990,5.040,0.625,Ne,Ne,Ne,40.0,1.365,1.380,1.815,1.800,0.975,5.040,2.125,Ne,Ne,Ne,62,78,99.0,100.0,Ne,Ne,30663,54286,0.9,0.3,1.1,6.198,1.673,78093,221755,53.0,62.0,68.0,1.082,1374,3172.0,2238.0,100.0,98.7,22.0,2.1,2.1,27.0,10961,1397,32.0,334261,0.0,44.5,0.725,64.000,18.000,98.000,600.0,3000.0,1200.0,100.0,0.0,0.0,0.0,0.0,0.0,0.0,0.0,0.0,0,0,16.0,246,Ne,Ne,Ne,225.1,224.3,4.44,4.44,0.00,4.31,0.13,0,0,0.0,0.0,0,0,0.0,0.0,0,0,0.0,0.0,157281,4529,1236.3,55.2,0,0.0,
20.5.2026,12:38:33.868,33597,9562,77.8,19567,12328,61.3,0.7,1.189,1.185,1.190,1.190,1.190,1.190,1.190,1.190,1.190,5225.0,5225.0,5225.0,5225.0,5225.0,5225.0,5225.0,5225.0,5225.0,100.0,2619.0,4668.5,2923.6,2559.8,2346.8,2846.0,3186.1,2279.5,1911.8,3392.6,3561.1,2805.8,2833.1,2358.2,1229.1,2198.0,804.2,2619.0,46.5,77.7,53.7,44.8,41.1,51.6,58.6,39.7,33.4,62.6,66.2,50.6,51.5,40.7,20.8,38.2,13.6,77.7,46.5,54.0,88.6,61.9,52.3,48.0,60.3,67.6,46.4,39.1,72.0,75.6,59.1,60.0,47.8,25.0,44.6,16.3,54.0,52.2,52.2,52.2,52.2,52.2,52.2,52.2,52.2,52.2,0.0,72.7,89.3,70.4,78.0,66.3,90.0,74.6,59.7,53.5,27.3,10.7,29.6,22.0,33.7,10.0,25.4,40.3,46.5,0.0,0.0,0.0,0.0,0.0,0.0,0.0,0.0,0.0,3000.0,30.00,30,40,40,76,116,884,1,58.9,56.5,57.6,51.2,53.9,48.6,55.3,49.2,55.7,50.8,50.0,46.4,43.8,43.8,51.0,42.8,45.4,45.0,58.9,1.181,1.250,1.100,47.390,14.560,47.389,75.250,7.417,88.976,5.523,6.583,5.258,6.208,4.893,6.787,5.874,4.487,4.095,55.923,18.200,82.282,88.985,2000.0,3000.0,5230.1,5230.1,5250.0,54.9,39.5,41.8,54.9,59.5,Ne,Ne,Ne,8.649,5.030,5.8,30,59,48,26,1.172,5.040,3.392,3.328,12.192,1.101,1.243,3.408,3.280,3.328,1.056,1.056,1.048,1.350,1.814,0.920,3.344,0.064,0.048,0.048,0.048,1.016,1.016,1322,1056,2749,51.0,57.4,46,45,22496334,1.191,1.238,605179,20,14,7366606,14,18,6785186,182.5,1.9,42.0,1.365,1.380,1.815,1.800,0.990,5.040,1.000,Ne,Ne,Ne,40.0,1.365,1.380,1.815,1.800,0.990,5.040,0.875,Ne,Ne,Ne,62,78,99.0,100.0,Ne,Ne,30663,54286,0.2,0.3,0.6,0.548,2.084,78094,221759,53.0,62.0,68.0,1.073,1363,3161.0,2238.0,100.0,96.9,21.0,2.1,2.1,26.0,10961,1397,32.0,334261,0.0,44.4,0.725,17.000,17.000,49.000,600.0,3000.0,1200.0,100.0,0.0,0.0,0.0,0.0,0.0,0.0,0.0,0.0,0,0,16.0,246,Ne,Ne,Ne,244.5,241.0,4.09,3.78,0.00,3.96,0.13,0,0,0.0,0.0,0,0,0.0,0.0,0,0,0.0,0.0,157283,4529,1029.5,57.2,0,0.0,
20.5.2026,12:38:35.881,33585,9573,77.8,19576,12318,61.3,0.7,1.185,1.185,1.185,1.185,1.185,1.185,1.185,1.185,1.185,5225.0,5225.0,5225.0,5225.0,5225.0,5225.0,5225.0,5225.0,5225.0,100.0,2651.1,4790.2,3037.6,2641.7,2312.0,3071.0,2941.4,2291.4,1939.8,3747.8,3003.6,2963.5,2726.2,2130.1,1712.8,1843.5,1264.2,2651.1,47.4,79.8,56.4,47.4,40.7,56.4,53.9,40.6,34.1,69.7,55.1,54.3,49.3,37.0,29.3,32.5,22.2,79.8,47.4,54.6,90.6,64.3,54.8,47.2,65.0,62.3,46.8,39.5,79.5,63.6,62.7,57.3,43.1,34.4,37.4,25.6,54.6,52.2,52.2,52.2,52.2,52.2,52.2,52.2,52.2,52.2,0.0,71.4,91.6,68.4,76.5,62.9,85.8,73.8,60.3,52.1,27.6,8.4,30.8,23.5,34.8,14.2,26.2,37.4,45.2,1.0,0.0,0.7,0.0,2.4,0.0,0.0,2.3,2.7,3000.0,30.00,30,40,40,76,116,884,1,59.0,57.0,55.5,51.8,54.9,49.4,55.9,49.8,55.8,51.4,50.6,46.8,44.0,44.0,50.2,42.7,45.6,45.0,59.0,1.182,1.250,1.100,48.183,14.696,48.165,78.000,7.429,90.150,5.712,6.925,5.484,6.403,5.011,6.863,6.070,4.725,4.212,56.892,18.370,83.434,90.124,2000.0,3000.0,5229.8,5229.8,5250.0,55.6,40.1,43.3,55.6,60.0,Ne,Ne,Ne,9.381,5.082,5.7,30,58,48,26,1.190,5.040,3.408,3.328,12.192,1.101,1.234,3.408,3.280,3.328,1.056,1.056,1.048,1.359,1.814,0.920,3.344,0.064,0.048,0.048,0.048,1.016,1.016,1304,1095,2721,51.0,57.4,46,45,22496430,1.179,1.238,605181,33,14,7366646,45,20,6785229,182.5,1.9,42.0,1.350,1.380,1.815,1.800,0.990,5.040,1.250,Ne,Ne,Ne,40.0,1.365,1.380,1.815,1.800,0.990,5.040,0.750,Ne,Ne,Ne,62,78,99.0,100.0,Ne,Ne,30663,54286,0.3,0.1,0.4,2.727,1.588,78099,221762,53.0,62.0,69.0,1.095,1357,3204.0,2238.0,100.0,88.0,23.0,1.9,1.9,26.0,10961,1397,32.0,334261,0.0,44.4,0.725,61.000,18.000,95.000,600.0,3000.0,1200.0,100.0,0.0,0.0,0.0,0.0,0.0,0.0,0.0,0.0,0,0,16.0,246,Ne,Ne,Ne,235.8,235.5,4.24,4.25,0.00,4.12,0.12,0,0,0.0,0.0,0,0,0.0,0.0,0,0,0.0,0.0,157285,4529,920.3,45.7,0,0.0,
20.5.2026,12:38:37.870,33630,9529,77.9,19621,12274,61.5,0.7,1.176,1.170,1.180,1.180,1.180,1.175,1.175,1.175,1.175,5225.0,5225.0,5225.0,5225.0,5225.0,5225.0,5225.0,5225.0,5225.0,100.0,2869.8,4814.9,3178.8,2607.4,2800.8,3249.8,3214.1,2271.6,2464.1,3758.1,3433.9,3138.3,2985.6,1922.7,2468.4,1505.5,2102.3,2869.8,51.2,81.6,58.5,46.4,50.7,59.5,58.4,40.4,43.2,69.7,62.9,57.1,53.5,32.7,43.0,25.8,36.5,81.6,51.2,59.3,92.8,67.1,53.9,58.9,68.8,67.9,46.9,50.4,79.7,72.6,66.3,62.5,38.7,50.3,30.2,42.4,59.3,52.2,52.2,52.2,52.2,52.2,52.2,52.2,52.2,52.2,0.0,75.8,92.1,73.3,80.7,68.9,88.5,77.7,66.9,58.5,24.2,7.9,26.7,19.3,31.1,11.5,22.3,33.1,41.5,0.0,0.0,0.0,0.0,0.0,0.0,0.0,0.0,0.0,3000.0,30.00,30,40,40,76,116,884,1,59.2,57.5,57.2,52.7,55.2,50.5,56.7,51.1,56.5,52.4,51.4,48.0,44.3,44.3,50.8,42.8,45.9,45.0,59.0,1.182,1.250,1.100,51.461,14.809,51.460,79.250,7.461,94.297,6.021,7.023,5.881,6.719,5.451,7.065,6.319,5.085,4.626,60.786,18.511,87.504,94.301,2000.0,3000.0,5229.2,5229.2,5250.0,58.2,42.9,44.0,58.2,60.5,Ne,Ne,Ne,10.504,5.813,6.1,30,59,47,26,1.172,5.040,3.408,3.328,12.192,1.101,1.234,3.408,3.280,3.328,1.056,1.056,1.048,1.350,1.814,0.920,3.344,0.064,0.048,0.048,0.048,1.016,1.016,1301,1036,2749,51.0,57.4,45,45,22496526,1.175,1.238,605183,31,14,7366712,53,19,6785296,182.5,1.9,42.0,1.350,1.365,1.815,1.800,0.990,5.040,0.750,Ne,Ne,Ne,40.0,1.350,1.380,1.815,1.800,0.990,5.040,0.750,Ne,Ne,Ne,62,78,99.0,100.0,Ne,Ne,30663,54286,1.7,0.1,1.8,0.714,1.043,78100,221764,53.0,62.0,68.0,1.077,1353,3167.0,2238.0,100.0,95.6,24.0,2.2,2.2,25.0,10961,1397,32.0,334261,0.0,44.4,0.725,30.000,17.000,63.000,600.0,3000.0,1200.0,100.0,0.0,0.0,0.0,0.0,0.0,0.0,0.0,0.0,0,0,16.0,246,Ne,Ne,Ne,234.6,234.4,4.26,4.26,0.00,4.14,0.12,0,0,0.0,0.0,0,0,0.0,0.0,0,0,0.0,0.0,157286,4529,497.0,35.1,0,0.0,
20.5.2026,12:38:39.869,33650,9508,77.9,19619,12276,61.5,0.7,1.184,1.195,1.185,1.185,1.185,1.185,1.180,1.180,1.180,5225.0,5225.0,5225.0,5225.0,5225.0,5225.0,5225.0,5225.0,5225.0,100.0,2685.2,4776.1,2985.7,2396.7,2623.1,3065.9,3139.7,1940.1,2356.2,3332.0,3517.1,2901.7,2851.9,1644.1,2272.8,1178.1,1982.4,2685.2,47.6,81.2,54.8,41.8,46.1,56.1,57.1,33.7,41.0,61.3,64.7,52.8,49.5,27.8,39.0,19.9,34.5,81.2,47.6,55.4,92.1,63.2,49.0,54.0,65.0,66.5,39.6,48.0,70.7,74.6,61.5,58.4,33.3,46.0,23.7,40.3,55.4,52.2,52.2,52.2,52.2,52.2,52.2,52.2,52.2,52.2,0.0,72.7,91.3,69.8,78.3,65.2,85.6,74.4,62.6,54.2,27.3,8.7,30.2,21.7,34.8,14.4,25.6,37.4,45.8,0.0,0.0,0.0,0.0,0.0,0.0,0.0,0.0,0.0,3000.0,30.00,30,40,40,76,116,884,1,59.1,56.9,58.1,51.9,54.7,49.5,56.1,50.0,55.9,51.6,50.7,47.1,44.0,44.0,51.0,42.9,45.9,45.0,59.0,1.182,1.250,1.100,49.510,14.713,49.508,76.750,7.455,91.756,5.749,6.822,5.522,6.536,5.094,6.865,6.070,4.785,4.302,58.452,18.391,85.044,91.748,2000.0,3000.0,5230.0,5230.0,5250.0,56.6,41.3,42.6,56.6,59.9,Ne,Ne,Ne,9.408,4.899,5.8,30,59,48,26,1.181,5.040,3.408,3.328,12.192,1.101,1.243,3.408,3.280,3.328,1.056,1.056,1.048,1.350,1.814,0.920,3.344,0.064,0.048,0.048,0.048,1.016,1.016,1290,1068,2743,51.0,57.4,46,45,22496620,1.179,1.238,605186,52,13,7366774,33,17,6785358,182.5,1.9,42.0,1.350,1.365,1.800,1.800,0.990,5.040,1.250,Ne,Ne,Ne,40.0,1.350,1.365,1.815,1.800,0.990,5.040,1.500,Ne,Ne,Ne,62,78,99.0,100.0,Ne,Ne,30663,54286,0.7,0.0,0.7,3.105,0.383,78106,221765,53.0,62.0,68.0,1.085,1317,3184.0,2238.0,100.0,98.7,22.0,2.2,2.2,24.0,10961,1397,32.0,334261,0.0,44.4,0.725,58.000,18.000,92.000,600.0,3000.0,1200.0,100.0,0.0,0.0,0.0,0.0,0.0,0.0,0.0,0.0,0,0,16.0,246,Ne,Ne,Ne,241.7,241.4,4.14,4.14,0.00,4.02,0.12,0,0,0.0,0.0,0,0,0.0,0.0,0,0,0.0,0.0,157287,4529,454.3,35.4,0,0.0,
20.5.2026,12:38:41.871,33585,9574,77.8,19574,12320,61.3,0.7,1.179,1.190,1.180,1.180,1.180,1.175,1.175,1.175,1.175,5225.0,5225.0,5225.0,5225.0,5225.0,5225.0,5225.0,5225.0,5225.0,100.0,2692.3,4790.2,2979.7,2351.0,2650.4,3004.2,3158.0,1942.2,2385.6,3390.1,3428.0,2935.4,2858.1,1593.1,2354.4,1160.5,2095.7,2692.3,47.6,80.8,54.8,40.9,46.1,54.7,57.2,33.8,41.4,62.4,63.0,53.2,50.5,26.8,41.1,19.5,36.1,80.8,47.6,55.2,91.7,62.9,47.7,53.8,63.3,66.4,39.4,48.2,71.9,72.6,61.7,59.0,31.9,48.0,23.0,42.1,55.2,52.2,52.2,52.2,52.2,52.2,52.2,52.2,52.2,52.2,0.0,72.5,91.6,69.3,78.6,64.0,86.4,75.1,61.1,53.8,27.2,8.4,30.7,21.4,36.0,13.6,24.9,38.6,44.1,0.3,0.0,0.0,0.0,0.0,0.0,0.0,0.3,2.1,3000.0,30.00,30,40,40,76,116,884,1,58.8,56.8,59.4,51.6,54.6,49.2,55.8,49.7,55.6,51.0,50.3,46.7,43.9,43.9,50.5,42.9,45.8,45.0,59.0,1.182,1.250,1.100,49.054,14.675,49.081,78.250,7.452,91.149,5.657,6.801,5.429,6.418,5.027,6.817,5.892,4.667,4.206,57.909,18.344,84.450,91.187,2000.0,3000.0,5230.4,5230.4,5250.0,56.3,40.9,43.5,56.3,59.7,Ne,Ne,Ne,8.967,4.835,5.8,30,59,48,26,1.172,5.040,3.408,3.328,12.192,1.101,1.243,3.408,3.280,3.328,1.056,1.056,1.048,1.350,1.814,0.920,3.344,0.064,0.048,0.048,0.048,1.016,1.016,1322,1092,2772,51.0,57.4,46,45,22496716,1.171,1.238,605188,42,14,7366878,61,17,6785460,182.5,1.9,42.0,1.350,1.365,1.815,1.800,0.990,5.040,1.250,Ne,Ne,Ne,40.0,1.350,1.365,1.815,1.800,0.990,5.040,1.875,Ne,Ne,Ne,62,78,99.0,100.0,Ne,Ne,30663,54286,0.2,0.1,0.3,2.342,1.973,78111,221769,53.0,62.0,70.0,1.076,1278,3159.0,2238.0,100.0,98.8,22.0,2.1,2.1,23.0,10961,1397,32.0,334261,0.0,44.4,0.725,7.000,18.000,106.000,600.0,3000.0,1200.0,100.0,0.0,0.0,0.0,0.0,0.0,0.0,0.0,0.0,0,0,16.0,246,Ne,Ne,Ne,208.2,207.7,4.80,4.81,0.00,4.69,0.12,0,0,0.0,0.0,0,0,0.0,0.0,0,0,0.0,0.0,157287,4529,394.4,37.8,0,0.0,
20.5.2026,12:38:43.868,33536,9623,77.7,19561,12333,61.3,0.7,1.185,1.185,1.185,1.185,1.185,1.185,1.185,1.185,1.185,5225.0,5225.0,5225.0,5225.0,5225.0,5225.0,5225.0,5225.0,5225.0,100.0,2633.7,4797.2,3023.1,2364.6,2558.3,3057.2,3106.0,1986.6,2175.5,3424.0,3270.1,2792.4,2758.0,1769.1,1845.0,1567.5,1644.7,2633.7,46.6,80.5,55.7,41.1,44.5,55.9,56.7,34.6,37.7,63.1,59.8,50.7,48.3,30.4,31.8,26.8,28.2,80.5,46.6,54.2,91.4,64.0,48.3,52.2,64.8,65.8,40.5,44.2,72.6,69.4,59.0,56.4,35.8,37.4,31.6,33.2,54.2,52.2,52.2,52.2,52.2,52.2,52.2,52.2,52.2,52.2,0.0,71.8,91.7,69.2,78.1,63.9,84.2,72.7,59.6,55.2,28.2,8.3,30.8,21.9,36.1,15.8,27.3,40.4,44.8,0.0,0.0,0.0,0.0,0.0,0.0,0.0,0.0,0.0,3000.0,30.00,30,40,40,76,116,884,1,58.6,56.6,55.0,51.5,54.6,48.9,55.8,49.4,55.3,50.9,50.2,46.7,43.9,43.9,51.2,42.8,45.9,45.0,59.0,1.182,1.250,1.100,48.647,14.707,48.633,75.500,7.447,90.703,5.633,6.818,5.392,6.430,4.948,6.681,5.907,4.606,4.279,57.424,18.384,83.999,90.698,2000.0,3000.0,5230.3,5230.3,5250.0,56.0,40.5,41.9,56.0,59.6,Ne,Ne,Ne,9.046,5.094,5.7,30,58,47,26,1.172,5.040,3.408,3.328,12.192,1.101,1.234,3.408,3.280,3.328,1.056,1.056,1.048,1.359,1.814,0.920,3.344,0.064,0.048,0.048,0.048,1.016,1.016,1322,1087,2743,51.0,57.4,45,45,22496812,1.187,1.238,605190,58,14,7366962,21,17,6785543,182.5,1.9,42.0,1.350,1.365,1.815,1.815,0.990,5.040,1.000,Ne,Ne,Ne,40.0,1.350,1.365,1.815,1.815,0.990,5.040,0.750,Ne,Ne,Ne,62,78,99.0,100.0,Ne,Ne,30663,54286,0.1,0.0,0.2,0.455,0.461,78112,221770,53.0,62.0,70.0,1.086,1246,3181.0,2238.0,100.0,95.8,23.0,1.9,1.9,23.0,10961,1397,32.0,334261,0.0,44.4,0.725,46.000,17.000,78.000,600.0,3000.0,1200.0,100.0,0.0,0.0,0.0,0.0,0.0,0.0,0.0,0.0,0,0,16.0,246,Ne,Ne,Ne,249.1,249.4,4.02,3.98,0.00,3.89,0.13,0,0,0.0,0.0,0,0,0.0,0.0,0,0,0.0,0.0,157288,4529,377.2,39.6,0,0.0,
20.5.2026,12:38:45.869,33603,9556,77.8,19578,12317,61.3,0.7,1.173,1.170,1.170,1.170,1.170,1.175,1.175,1.175,1.175,5225.0,5225.0,5225.0,5225.0,5225.0,5225.0,5225.0,5225.0,5225.0,100.0,2685.1,4867.1,2924.3,2584.4,2497.2,3053.9,3148.7,2312.9,2072.1,3237.0,3573.1,2874.9,2836.1,2292.6,1397.5,2192.8,1096.5,2685.1,47.9,83.9,54.0,45.5,44.0,55.8,57.9,40.2,36.2,59.3,66.3,52.6,50.8,39.9,23.9,38.0,18.6,83.9,47.9,55.4,95.0,61.9,53.0,51.0,64.7,66.8,46.8,42.1,68.4,75.9,60.9,58.9,46.5,28.0,44.2,21.9,55.4,52.2,52.2,52.2,52.2,52.2,52.2,52.2,52.2,52.2,0.0,72.9,93.1,70.3,78.9,65.2,86.4,74.3,59.6,55.3,26.7,6.9,29.7,21.1,34.3,13.6,25.7,39.0,43.2,0.4,0.0,0.0,0.0,0.5,0.0,0.0,1.4,1.4,3000.0,30.00,30,40,40,76,116,884,1,58.8,56.9,55.0,51.8,54.7,49.3,56.0,49.8,55.8,51.3,50.3,46.9,44.0,44.0,50.8,42.7,45.9,45.1,59.0,1.182,1.250,1.100,48.843,14.705,48.881,81.250,7.443,90.898,5.709,6.830,5.520,6.458,5.086,6.837,6.032,4.604,4.306,57.668,18.382,84.237,90.979,2000.0,3000.0,5229.9,5229.9,5250.0,56.2,40.7,45.1,56.2,59.9,Ne,Ne,Ne,8.600,4.794,5.8,30,58,47,26,1.163,5.040,3.408,3.328,12.192,1.101,1.234,3.408,3.280,3.328,1.056,1.056,1.048,1.359,1.814,0.920,3.344,0.064,0.048,0.048,0.048,1.016,1.016,1282,1045,2721,51.0,57.4,46,45,22496908,1.171,1.238,605193,65,14,7367078,75,19,6785655,182.5,1.9,42.0,1.350,1.365,1.815,1.815,1.005,5.040,0.625,Ne,Ne,Ne,40.0,1.350,1.365,1.815,1.815,1.005,5.040,1.125,Ne,Ne,Ne,62,78,99.0,100.0,Ne,Ne,30663,54286,0.9,0.1,1.0,1.789,1.062,78115,221772,53.0,62.0,69.0,1.082,1253,3171.0,2238.0,98.0,97.4,21.0,2.1,2.1,24.0,10961,1397,32.0,334261,0.0,44.4,0.725,30.000,17.000,62.000,600.0,3000.0,1200.0,100.0,0.0,0.0,0.0,0.0,0.0,0.0,0.0,0.0,0,0,16.0,246,Ne,Ne,Ne,237.3,237.6,4.21,4.21,0.00,4.10,0.12,0,0,0.0,0.0,0,0,0.0,0.0,0,0,0.0,0.0,157290,4529,839.7,50.5,0,0.0,
20.5.2026,12:38:47.869,33596,9563,77.8,19577,12317,61.3,0.7,1.177,1.185,1.175,1.175,1.175,1.175,1.175,1.180,1.180,5225.0,5225.0,5225.0,5225.0,5225.0,5225.0,5225.0,5225.0,5225.0,100.0,2681.2,4790.7,3076.3,2688.6,2335.7,3118.6,3192.5,2381.1,1927.6,3193.9,3651.2,2918.1,2739.7,2451.6,1182.6,2369.7,881.3,2681.2,48.1,80.7,56.8,48.6,41.4,57.0,58.8,41.9,34.0,59.0,67.8,52.2,50.2,42.9,20.9,41.6,15.1,80.7,48.1,55.3,91.5,64.9,56.3,47.8,65.9,67.7,48.5,39.4,67.9,77.4,60.4,57.9,49.7,24.3,48.2,17.7,55.4,52.2,52.2,52.2,52.2,52.2,52.2,52.2,52.2,52.2,0.0,72.7,91.6,70.3,79.8,65.0,86.0,74.1,59.5,55.0,27.3,8.4,29.7,20.2,35.0,14.0,25.9,40.5,45.0,0.0,0.0,0.0,0.0,0.0,0.0,0.0,0.0,0.0,3000.0,30.00,30,40,40,76,116,884,1,59.0,57.2,58.5,51.9,55.0,49.3,56.3,49.8,55.9,51.3,50.4,46.9,44.1,44.1,49.8,42.6,45.9,45.1,59.0,1.182,1.250,1.100,48.985,14.736,48.945,79.500,7.448,91.142,5.752,6.932,5.536,6.614,5.084,6.853,6.038,4.646,4.316,57.829,18.420,84.442,91.107,2000.0,3000.0,5229.8,5229.8,5250.0,56.2,40.8,44.2,56.2,60.2,Ne,Ne,Ne,9.008,4.792,5.8,30,58,47,26,1.163,5.040,3.408,3.328,12.192,1.101,1.243,3.408,3.280,3.328,1.056,1.056,1.048,1.350,1.814,0.920,3.344,0.064,0.048,0.048,0.048,1.016,1.016,1279,1041,2727,51.0,57.4,46,45,22497002,1.175,1.238,605195,38,13,7367208,83,17,6785781,182.5,1.9,42.0,1.350,1.365,1.815,1.815,1.005,5.040,0.875,Ne,Ne,Ne,40.0,1.350,1.365,1.815,1.815,1.005,5.040,0.750,Ne,Ne,Ne,62,78,99.0,100.0,Ne,Ne,30663,54286,4.7,0.3,4.9,6.685,2.986,78128,221777,53.0,62.0,69.0,1.086,1284,3187.0,2238.0,100.0,95.5,23.0,2.1,2.1,25.0,10961,1397,32.0,334261,0.0,44.4,0.725,35.000,17.000,68.000,600.0,3000.0,1200.0,100.0,0.0,0.0,0.0,0.0,0.0,0.0,0.0,0.0,0,0,16.0,246,Ne,Ne,Ne,233.2,233.2,4.29,4.29,0.00,4.17,0.12,0,0,0.0,0.0,0,0,0.0,0.0,0,0,0.0,0.0,157292,4530,1119.2,52.9,0,0.0,
20.5.2026,12:38:49.871,33628,9531,77.9,19585,12310,61.4,0.7,1.176,1.180,1.175,1.175,1.175,1.175,1.175,1.175,1.175,5225.0,5225.0,5225.0,5225.0,5225.0,5225.0,5225.0,5225.0,5225.0,100.0,2613.7,4724.0,2959.3,2646.2,2190.0,3105.0,2954.9,2419.3,1818.8,3570.2,3250.5,2868.9,2665.9,2298.4,1265.8,2234.0,847.9,2613.7,46.5,79.8,54.5,46.4,38.3,56.9,53.9,42.4,31.5,66.0,59.7,52.4,47.0,40.1,21.9,38.8,14.0,79.8,46.5,53.8,90.5,62.7,54.0,44.7,65.8,62.6,49.4,37.0,75.7,68.9,60.8,54.8,46.7,25.7,45.2,17.0,53.8,52.2,52.2,52.2,52.2,52.2,52.2,52.2,52.2,52.2,0.0,70.9,90.3,67.4,77.2,63.4,86.2,72.2,58.1,52.2,29.1,9.7,32.6,22.8,36.6,13.8,27.8,41.9,47.8,0.0,0.0,0.0,0.0,0.0,0.0,0.0,0.0,0.0,3000.0,30.00,30,40,40,76,116,884,1,59.0,57.0,59.9,51.5,54.8,48.8,55.9,49.4,55.7,50.8,50.1,46.4,44.0,44.0,50.8,42.7,45.9,45.2,59.0,1.182,1.250,1.100,47.656,14.633,47.638,79.250,7.424,89.338,5.625,6.838,5.346,6.443,4.980,6.852,5.912,4.515,4.112,56.240,18.291,82.698,89.347,2000.0,3000.0,5230.1,5230.1,5250.0,55.2,39.7,44.0,55.2,60.0,Ne,Ne,Ne,8.225,4.428,5.7,30,59,48,26,1.172,5.040,3.408,3.328,12.192,1.101,1.243,3.408,3.280,3.328,1.056,1.056,1.048,1.350,1.814,0.920,3.344,0.064,0.048,0.048,0.048,1.016,1.016,1286,1066,2743,51.0,57.4,46,45,22497096,1.171,1.234,605197,36,14,7367284,75,18,6785856,182.5,1.9,42.0,1.350,1.365,1.815,1.815,1.005,5.040,1.250,Ne,Ne,Ne,40.0,1.365,1.365,1.815,1.815,1.005,5.040,1.750,Ne,Ne,Ne,62,78,99.0,100.0,Ne,Ne,30663,54286,0.6,0.3,0.9,2.237,2.577,78132,221782,53.0,62.0,69.0,1.081,1301,3171.0,2238.0,100.0,98.7,23.0,2.3,2.3,24.0,10961,1397,32.0,334261,0.0,44.4,0.725,13.000,18.000,111.000,600.0,3000.0,1200.0,100.0,0.0,0.0,0.0,0.0,0.0,0.0,0.0,0.0,0,0,16.0,246,Ne,Ne,Ne,205.7,207.0,4.86,4.84,0.00,4.74,0.12,0,0,0.0,0.0,0,0,0.0,0.0,0,0,0.0,0.0,157294,4530,1190.5,56.6,0,0.0,
20.5.2026,12:38:51.872,33611,9548,77.8,19600,12295,61.4,0.7,1.181,1.185,1.185,1.180,1.180,1.180,1.180,1.180,1.180,5225.0,5225.0,5225.0,5225.0,5225.0,5225.0,5225.0,5225.0,5225.0,100.0,2714.9,4728.3,3226.7,2629.4,2479.2,3064.8,3077.6,2250.2,2033.6,3698.4,3184.8,3020.1,2857.3,2160.9,1630.9,2047.1,1349.8,2714.9,48.1,76.1,59.8,46.3,43.8,56.2,56.1,39.2,35.2,68.7,58.3,55.1,50.6,37.5,28.0,35.6,23.1,76.1,48.1,55.6,86.6,68.4,53.9,50.9,64.8,65.0,45.6,41.1,78.5,67.3,63.5,58.8,43.6,32.8,41.3,27.1,55.6,52.2,52.2,52.2,52.2,52.2,52.2,52.2,52.2,52.2,0.0,72.6,90.4,70.2,77.2,64.0,86.4,76.0,60.2,56.1,26.8,9.6,29.8,22.8,34.7,13.6,24.0,37.9,42.0,0.6,0.0,0.0,0.0,1.3,0.0,0.0,1.9,1.9,3000.0,30.00,30,40,40,76,116,884,1,58.8,56.9,59.4,51.8,54.8,49.3,56.0,49.6,55.9,51.1,50.4,47.1,44.1,44.1,50.5,42.7,45.9,45.3,59.0,1.182,1.250,1.100,48.296,14.689,48.298,76.750,7.439,90.291,5.689,6.830,5.496,6.455,4.972,6.866,5.926,4.616,4.350,57.020,18.362,83.565,90.249,2000.0,3000.0,5229.8,5229.8,5250.0,55.7,40.2,42.6,55.7,59.9,Ne,Ne,Ne,8.605,4.670,5.8,31,58,48,26,1.181,5.040,3.408,3.328,12.192,1.101,1.243,3.408,3.280,3.328,1.056,1.056,1.048,1.350,1.814,0.912,3.344,0.064,0.048,0.048,0.048,1.016,1.016,1320,1068,2772,51.0,57.4,46,46,22497192,1.183,1.238,605200,37,14,7367356,20,18,6785928,182.5,1.9,42.0,1.365,1.365,1.815,1.815,1.005,5.040,0.625,Ne,Ne,Ne,40.2,1.365,1.365,1.815,1.815,1.005,5.040,1.875,Ne,Ne,Ne,62,78,99.0,100.0,Ne,Ne,30663,54286,0.4,0.2,0.6,1.726,2.346,78136,221787,54.0,62.0,70.0,1.095,1302,3199.0,2238.0,100.0,98.8,24.0,2.1,2.1,25.0,10961,1397,32.0,334261,0.0,44.4,0.725,55.000,18.000,88.000,600.0,3000.0,1200.0,100.0,0.0,0.0,0.0,0.0,0.0,0.0,0.0,0.0,0,0,16.0,246,Ne,Ne,Ne,227.5,227.9,4.39,4.39,0.00,4.27,0.13,0,0,0.0,0.0,0,0,0.0,0.0,0,0,0.0,0.0,157297,4530,1167.1,48.1,0,0.0,
20.5.2026,12:38:53.869,33612,9547,77.8,19603,12292,61.4,0.7,1.176,1.180,1.175,1.175,1.175,1.175,1.175,1.175,1.175,5225.0,5225.0,5225.0,5225.0,5225.0,5225.0,5225.0,5225.0,5225.0,100.0,2990.9,4824.4,3471.8,2599.2,3140.0,3109.1,3590.5,2199.7,2818.0,3429.1,3965.3,2943.8,3376.4,1905.4,2553.6,1539.3,2388.6,2990.9,53.1,77.7,64.0,45.6,57.2,56.8,65.5,38.2,50.1,62.9,73.3,53.3,61.1,32.7,44.4,25.8,41.2,77.7,53.1,61.7,88.8,73.5,53.4,66.4,65.9,76.1,44.8,58.4,72.6,84.2,62.2,71.2,38.6,52.0,30.9,48.3,61.7,52.2,52.2,52.2,52.2,52.2,52.2,52.2,52.2,52.2,0.0,78.1,92.3,76.8,83.4,71.8,89.8,79.9,68.7,62.2,21.9,7.7,23.2,16.6,28.2,10.2,20.1,31.3,37.8,0.0,0.0,0.0,0.0,0.0,0.0,0.0,0.0,0.0,3000.0,30.00,30,40,40,76,116,884,1,59.2,57.9,54.1,53.3,55.4,51.2,57.4,51.7,56.9,53.1,52.2,48.7,44.9,44.9,50.5,43.0,46.0,45.3,59.0,1.183,1.250,1.100,51.669,14.735,51.676,78.000,7.457,94.415,6.134,6.997,6.059,6.837,5.616,7.068,6.482,5.189,4.828,61.077,18.419,87.699,94.441,2000.0,3000.0,5228.7,5228.7,5250.0,58.3,43.1,43.3,58.3,60.9,Ne,Ne,Ne,9.173,5.099,6.2,30,58,47,26,1.172,5.040,3.408,3.328,12.192,1.101,1.243,3.408,3.280,3.344,1.072,1.056,1.048,1.359,1.814,0.920,3.344,0.064,0.048,0.048,0.048,1.016,1.016,1306,1066,2721,51.0,57.4,46,46,22497288,1.191,1.238,605202,61,14,7367430,53,17,6786002,182.5,1.9,42.0,1.365,1.365,1.800,1.815,1.005,5.040,1.875,Ne,Ne,Ne,40.2,1.365,1.365,1.815,1.815,1.005,5.040,1.875,Ne,Ne,Ne,62,78,99.0,100.0,Ne,Ne,30663,54286,0.3,0.1,0.4,2.029,1.652,78139,221790,53.0,62.0,69.0,1.080,1321,3168.0,2238.0,100.0,96.0,20.0,2.1,2.1,26.0,10961,1397,32.0,334261,0.0,44.5,0.725,24.000,17.000,55.000,600.0,3000.0,1200.0,100.0,0.0,0.0,0.0,0.0,0.0,0.0,0.0,0.0,0,0,16.0,246,Ne,Ne,Ne,236.3,236.3,4.23,4.23,0.00,4.11,0.12,0,0,0.0,0.0,0,0,0.0,0.0,0,0,0.0,0.0,157299,4530,1107.2,47.6,0,0.0,
20.5.2026,12:38:55.871,33622,9537,77.9,19615,12279,61.4,0.7,1.183,1.170,1.170,1.185,1.195,1.180,1.185,1.185,1.195,5225.0,5225.0,5225.0,5225.0,5225.0,5225.0,5225.0,5225.0,5225.0,100.0,2809.6,4766.7,3312.6,2257.7,3027.3,2837.3,3518.2,1807.5,2827.8,3014.7,4020.9,2707.4,3254.5,1529.3,2538.7,1186.2,2346.5,2809.6,49.7,76.9,61.0,38.7,55.0,51.5,64.1,31.0,50.2,54.8,74.4,48.9,59.0,25.8,44.1,19.4,40.5,76.9,49.7,57.9,87.8,70.2,45.8,64.1,60.1,74.5,36.7,58.3,63.8,85.4,57.2,68.8,30.8,51.6,23.6,47.6,57.9,52.2,52.2,52.2,52.2,52.2,52.2,52.2,52.2,52.2,0.0,74.8,91.2,72.2,80.0,68.7,87.0,76.8,64.4,57.8,25.2,8.8,27.8,20.0,31.3,13.0,23.2,35.6,42.2,0.0,0.0,0.0,0.0,0.0,0.0,0.0,0.0,0.0,3000.0,30.00,30,40,40,76,116,884,1,59.2,57.1,60.2,52.4,54.8,50.1,56.5,50.7,56.0,52.2,51.1,47.8,44.5,44.5,50.5,42.8,46.0,45.4,59.0,1.182,1.250,1.100,50.585,14.737,50.588,78.750,7.468,93.094,5.871,6.846,5.722,6.613,5.291,6.845,6.228,4.892,4.526,59.720,18.421,86.357,93.092,2000.0,3000.0,5229.0,5229.0,5250.0,57.5,42.2,43.8,57.5,60.1,Ne,Ne,Ne,9.065,5.172,6.0,31,59,48,26,1.181,5.040,3.408,3.328,12.192,1.101,1.243,3.408,3.280,3.328,1.056,1.056,1.048,1.350,1.814,0.912,3.344,0.064,0.048,0.048,0.048,1.016,1.016,1284,1045,2727,51.0,57.4,46,45,22497382,1.175,1.238,605204,73,15,7367552,32,17,6786120,182.5,1.9,42.2,1.365,1.365,1.815,1.800,1.005,5.040,1.625,Ne,Ne,Ne,40.2,1.365,1.365,1.815,1.815,1.005,5.040,1.000,Ne,Ne,Ne,62,78,99.0,100.0,Ne,Ne,30663,54286,1.3,0.1,1.4,2.632,1.537,78144,221793,53.0,62.0,68.0,1.091,1327,3190.0,2238.0,100.0,98.0,22.0,2.2,2.2,25.0,10961,1397,32.0,334261,0.0,44.6,0.725,39.000,18.000,72.000,600.0,3000.0,1200.0,100.0,0.0,0.0,0.0,0.0,0.0,0.0,0.0,0.0,0,0,16.0,246,Ne,Ne,Ne,233.2,232.9,4.29,4.29,0.00,4.16,0.13,0,0,0.0,0.0,0,0,0.0,0.0,0,0,0.0,0.0,157301,4530,1109.4,48.9,0,0.0,
20.5.2026,12:38:57.872,33641,9518,77.9,19604,12291,61.4,0.7,1.181,1.195,1.185,1.185,1.185,1.185,1.170,1.170,1.170,5225.0,5225.0,5225.0,5225.0,5225.0,5225.0,5225.0,5225.0,5225.0,100.0,2914.0,4855.1,3378.1,2426.7,3077.2,2920.8,3608.9,1993.1,2743.7,3555.9,3725.0,2981.6,3270.0,1650.3,2674.6,1307.9,2455.3,2914.0,52.5,79.5,62.7,42.6,56.4,53.5,66.4,35.1,50.3,66.0,68.9,54.7,60.2,28.7,48.9,22.5,43.8,79.5,52.5,60.4,90.3,71.5,49.4,65.2,61.8,76.4,40.5,58.0,75.5,78.9,63.0,69.4,33.4,56.3,26.2,50.5,60.4,52.2,52.2,52.2,52.2,52.2,52.2,52.2,52.2,52.2,0.0,76.6,92.8,74.0,80.5,68.8,89.0,79.8,67.2,60.7,22.7,7.2,26.0,19.5,30.1,11.0,20.2,30.9,37.1,0.7,0.0,0.0,0.0,1.1,0.0,0.0,1.9,2.2,3000.0,30.00,30,40,40,76,116,884,1,59.2,57.3,60.2,52.7,54.8,50.3,56.8,51.0,56.3,52.5,51.6,48.3,44.5,44.5,51.2,43.1,46.0,45.4,59.0,1.183,1.250,1.100,51.145,14.784,51.159,79.500,7.446,93.900,5.983,6.876,5.805,6.719,5.421,6.944,6.309,5.075,4.712,60.456,18.480,87.126,93.912,2000.0,3000.0,5229.2,5229.2,5250.0,58.0,42.6,44.2,58.0,60.4,Ne,Ne,Ne,9.855,5.504,6.1,30,59,48,26,1.172,5.040,3.408,3.328,12.192,1.101,1.234,3.392,3.280,3.328,1.056,1.056,1.048,1.350,1.814,0.920,3.344,0.064,0.048,0.048,0.048,1.016,1.016,1303,1079,2721,51.0,57.4,46,45,22497478,1.183,1.238,605207,58,14,7367698,47,19,6786261,182.5,1.9,42.2,1.365,1.365,1.815,1.815,1.005,5.040,0.625,Ne,Ne,Ne,40.2,1.365,1.365,1.815,1.815,1.005,5.040,1.250,Ne,Ne,Ne,62,78,99.0,100.0,Ne,Ne,30663,54286,0.9,0.2,1.0,3.797,2.408,78152,221797,53.0,62.0,68.0,1.090,1330,3194.0,2238.0,100.0,95.4,22.0,2.2,2.2,25.0,10961,1397,32.0,334261,0.0,44.6,0.725,7.000,19.000,107.000,600.0,3000.0,1200.0,100.0,0.0,0.0,0.0,0.0,0.0,0.0,0.0,0.0,0,0,16.0,246,Ne,Ne,Ne,232.7,234.2,4.30,4.27,0.00,4.18,0.12,0,0,0.0,0.0,0,0,0.0,0.0,0,0,0.0,0.0,157303,4530,969.2,46.6,0,0.0,
20.5.2026,12:38:59.869,33713,9445,78.1,19647,12248,61.5,0.7,1.178,1.170,1.170,1.170,1.185,1.185,1.185,1.180,1.180,5225.0,5225.0,5225.0,5225.0,5225.0,5225.0,5225.0,5225.0,5225.0,100.0,2813.4,4801.9,3330.5,2528.8,2741.1,3153.4,3334.8,2177.0,2354.0,3760.9,3332.3,3023.9,2939.0,2038.9,1938.1,1750.4,1810.1,2813.4,50.1,78.7,61.7,44.7,49.4,57.8,61.0,38.1,41.3,69.7,61.0,55.0,53.3,35.4,33.7,30.0,31.4,78.7,50.1,58.0,89.6,70.6,52.1,57.5,66.8,70.6,44.4,48.1,79.8,70.5,63.7,62.1,41.3,39.6,35.2,36.7,58.0,52.2,52.2,52.2,52.2,52.2,52.2,52.2,52.2,52.2,0.0,75.0,91.8,72.9,80.4,68.1,86.8,76.4,64.2,59.4,25.0,8.2,27.1,19.6,31.9,13.2,23.6,35.8,40.6,0.0,0.0,0.0,0.0,0.0,0.0,0.0,0.0,0.0,3000.0,30.00,30,40,40,76,116,884,1,59.1,57.0,57.2,52.4,54.6,50.1,56.5,50.5,56.0,52.3,51.2,47.9,44.4,44.4,51.0,43.0,46.0,45.5,59.0,1.183,1.250,1.100,50.321,14.763,50.315,77.250,7.461,92.852,5.873,6.781,5.713,6.647,5.244,6.848,6.278,4.886,4.587,59.451,18.453,86.111,92.856,2000.0,3000.0,5229.4,5229.4,5250.0,57.3,41.9,42.9,57.3,60.0,Ne,Ne,Ne,9.561,5.350,6.0,31,59,48,26,1.181,5.040,3.408,3.328,12.192,1.101,1.243,3.408,3.280,3.328,1.056,1.056,1.048,1.350,1.814,0.912,3.344,0.064,0.048,0.048,0.048,1.016,1.016,1306,1060,2721,51.0,57.4,46,45,22497574,1.195,1.238,605209,36,15,7367814,24,18,6786373,182.5,1.9,42.2,1.365,1.365,1.815,1.815,1.005,5.040,1.500,Ne,Ne,Ne,40.2,1.365,1.365,1.815,1.815,1.005,5.040,1.250,Ne,Ne,Ne,62,78,99.0,100.0,Ne,Ne,30663,54286,1.0,0.0,1.1,7.157,0.472,78165,221798,53.0,62.0,68.0,1.093,1329,3199.0,2238.0,100.0,98.9,22.0,2.3,2.3,25.0,10961,1397,32.0,334261,0.0,44.6,0.725,42.000,19.000,76.000,600.0,3000.0,1200.0,100.0,0.0,0.0,0.0,0.0,0.0,0.0,0.0,0.0,0,0,16.0,246,Ne,Ne,Ne,238.3,238.7,4.20,4.19,0.00,4.07,0.12,0,0,0.0,0.0,0,0,0.0,0.0,0,0,0.0,0.0,157304,4530,509.0,44.3,0,0.0,
20.5.2026,12:39:1.878,33646,9513,77.9,19611,12284,61.4,0.7,1.186,1.200,1.175,1.175,1.175,1.175,1.195,1.195,1.195,5225.0,5225.0,5225.0,5225.0,5225.0,5225.0,5225.0,5225.0,5225.0,100.0,2849.0,4891.6,3274.3,2885.2,2533.2,3319.3,3288.6,2566.0,2073.4,3548.7,3665.7,3164.2,2854.0,2573.9,1419.5,2454.1,1072.9,2849.0,51.0,81.3,60.6,51.5,44.7,60.9,60.5,45.1,36.4,65.4,67.7,58.1,51.5,45.5,24.8,43.1,18.5,81.3,51.0,58.8,92.2,69.3,59.7,52.0,70.3,69.8,52.4,42.4,75.3,77.7,67.0,59.6,52.8,29.0,50.1,21.8,58.8,52.2,52.2,52.2,52.2,52.2,52.2,52.2,52.2,52.2,0.0,76.9,93.5,75.2,83.3,69.4,89.7,78.0,65.5,60.0,23.0,6.5,24.8,16.7,30.6,10.3,22.0,34.0,39.3,0.1,0.0,0.0,0.0,0.0,0.0,0.0,0.4,0.7,3000.0,30.00,30,40,40,76,116,884,1,59.0,57.1,59.9,52.4,54.6,50.2,56.6,50.6,56.1,52.3,51.2,47.9,44.4,44.4,51.2,43.2,46.0,45.5,59.0,1.182,1.250,1.100,50.631,14.683,50.617,77.000,7.433,93.073,5.909,6.837,5.772,6.727,5.265,6.952,6.273,4.882,4.562,59.816,18.353,86.345,93.070,2000.0,3000.0,5229.1,5229.1,5250.0,57.5,42.2,42.8,57.5,60.1,Ne,Ne,Ne,9.267,5.188,6.1,31,59,48,26,1.172,5.040,3.408,3.328,12.288,1.101,1.243,3.408,3.280,3.328,1.056,1.056,1.048,1.359,1.814,0.912,3.344,0.064,0.048,0.048,0.048,1.016,1.016,1320,1094,2772,51.0,57.4,46,46,22497670,1.187,1.238,605211,19,14,7367886,17,19,6786446,182.5,1.9,42.2,1.350,1.365,1.815,1.815,1.005,5.040,1.125,Ne,Ne,Ne,40.2,1.350,1.365,1.815,1.815,1.005,5.040,1.250,Ne,Ne,Ne,62,78,99.0,100.0,Ne,Ne,30663,54286,2.5,0.1,2.6,5.429,0.414,78176,221799,54.0,62.0,71.0,1.059,1318,3089.0,2238.0,97.0,97.2,20.0,2.0,2.0,25.0,10961,1397,32.0,334261,0.0,44.6,0.725,7.000,19.000,106.000,600.0,3000.0,1200.0,100.0,0.0,0.0,0.0,0.0,0.0,0.0,0.0,0.0,0,0,16.0,246,Ne,Ne,Ne,232.8,232.7,4.30,4.27,0.00,4.17,0.12,0,0,0.0,0.0,0,0,0.0,0.0,0,0,0.0,0.0,157305,4530,527.2,47.3,0,0.0,
20.5.2026,12:39:3.869,33639,9520,77.9,19649,12246,61.6,0.7,1.180,1.175,1.185,1.185,1.185,1.185,1.175,1.175,1.175,5225.0,5225.0,5225.0,5225.0,5225.0,5225.0,5225.0,5225.0,5225.0,100.0,2931.6,4866.3,3389.5,2990.9,2613.4,3357.1,3373.0,2710.9,2167.2,3547.9,3758.1,3100.9,3003.4,2705.8,1539.5,2598.6,1182.8,2931.6,52.1,80.8,62.6,54.1,45.3,61.5,61.6,47.2,37.1,65.0,69.1,56.6,54.5,47.1,26.1,45.2,19.5,80.8,52.1,60.6,92.0,71.8,63.2,53.3,71.2,71.5,55.3,44.0,75.2,79.7,65.7,63.6,55.1,31.2,52.8,23.7,60.6,52.2,52.2,52.2,52.2,52.2,52.2,52.2,52.2,52.2,0.0,77.6,93.1,76.0,84.2,71.1,89.3,78.8,67.1,61.5,22.4,6.9,24.0,15.8,28.9,10.7,21.2,32.9,38.5,0.0,0.0,0.0,0.0,0.0,0.0,0.0,0.0,0.0,3000.0,30.00,30,40,40,76,116,884,1,59.8,58.1,57.6,53.3,55.7,51.0,57.6,51.5,56.8,53.1,52.0,48.7,45.0,45.0,50.8,42.9,46.0,45.5,59.0,1.184,1.250,1.100,52.381,14.800,52.381,80.500,7.443,95.370,6.110,7.097,5.975,6.928,5.487,7.048,6.472,5.083,4.791,61.944,18.501,88.632,95.399,2000.0,3000.0,5228.6,5228.6,5250.0,58.9,43.7,44.7,58.9,61.2,Ne,Ne,Ne,10.243,5.400,6.2,31,59,48,26,1.181,5.040,3.408,3.328,12.192,1.101,1.243,3.408,3.280,3.328,1.056,1.056,1.048,1.350,1.814,0.912,3.344,0.064,0.048,0.048,0.048,1.016,1.016,1324,1070,2721,51.0,57.4,46,45,22497766,1.179,1.234,605214,66,14,7367924,69,18,6786486,182.5,1.9,42.2,1.350,1.365,1.815,1.815,1.005,5.040,1.000,Ne,Ne,Ne,40.2,1.350,1.365,1.815,1.815,1.005,5.040,1.500,Ne,Ne,Ne,62,78,99.0,100.0,Ne,Ne,30663,54286,0.3,1.2,1.5,2.394,1.457,78180,221802,53.0,62.0,68.0,1.082,1318,3177.0,2238.0,100.0,92.4,22.0,2.2,2.2,25.0,10961,1397,32.0,334261,0.0,44.5,0.725,9.000,19.000,110.000,600.0,3000.0,1200.0,100.0,0.0,0.0,0.0,0.0,0.0,0.0,0.0,0.0,0,0,16.0,246,Ne,Ne,Ne,237.2,236.0,4.22,4.21,0.00,4.10,0.12,0,0,0.0,0.0,0,0,0.0,0.0,0,0,0.0,0.0,157306,4530,470.6,35.7,0,0.0,
20.5.2026,12:39:5.876,33602,9556,77.8,19615,12280,61.4,0.7,1.188,1.175,1.190,1.190,1.190,1.190,1.190,1.190,1.190,5225.0,5225.0,5225.0,5225.0,5225.0,5225.0,5225.0,5225.0,5225.0,100.0,2561.7,4789.3,3045.7,2452.6,2289.6,2804.4,3123.0,2177.3,1837.4,3354.0,3267.1,2664.9,2707.9,2249.3,1190.5,2123.7,911.1,2561.7,45.7,78.9,56.5,43.9,40.4,51.0,57.6,38.4,32.4,61.9,60.3,47.3,48.4,39.8,21.1,37.4,15.9,78.9,45.7,52.6,89.4,64.4,50.9,46.8,59.0,66.2,44.4,37.5,71.0,69.3,54.6,55.9,45.8,24.3,43.1,18.4,52.6,52.2,52.2,52.2,52.2,52.2,52.2,52.2,52.2,52.2,0.0,70.0,91.6,67.0,75.2,62.2,83.6,70.9,57.6,52.2,30.0,8.4,33.0,24.8,37.8,16.4,29.1,42.4,47.8,0.0,0.0,0.0,0.0,0.0,0.0,0.0,0.0,0.0,3000.0,30.00,30,40,40,76,116,884,1,59.0,56.0,52.4,51.1,54.0,48.7,55.3,49.1,54.6,50.6,49.9,46.6,43.9,43.9,50.5,42.6,46.0,45.6,59.0,1.182,1.250,1.100,46.550,14.743,46.573,77.500,7.414,88.284,5.457,6.670,5.263,6.235,4.801,6.424,5.723,4.412,4.124,54.955,18.429,81.540,88.306,2000.0,3000.0,5230.7,5230.7,5250.0,54.5,38.8,43.1,54.5,58.9,Ne,Ne,Ne,9.590,5.299,5.6,30,59,48,26,1.181,5.040,3.408,3.328,12.192,1.101,1.243,3.408,3.280,3.328,1.056,1.056,1.048,1.350,1.814,0.920,3.344,0.064,0.048,0.048,0.048,1.016,1.016,1303,1087,2721,51.0,57.4,46,46,22497862,1.187,1.238,605216,36,14,7368056,35,17,6786613,182.5,1.9,42.2,1.350,1.365,1.800,1.815,1.005,5.040,0.625,Ne,Ne,Ne,40.2,1.350,1.365,1.800,1.815,1.005,5.040,0.875,Ne,Ne,Ne,62,78,99.0,100.0,Ne,Ne,30663,54286,3.1,0.7,3.8,1.335,1.322,78183,221804,53.0,62.0,67.0,1.085,1304,3183.0,2238.0,100.0,97.4,22.0,2.4,2.4,24.0,10961,1397,32.0,334261,0.0,44.6,0.725,7.000,17.000,104.000,600.0,3000.0,1200.0,100.0,0.0,0.0,0.0,0.0,0.0,0.0,0.0,0.0,0,0,16.0,246,Ne,Ne,Ne,195.0,195.0,5.13,5.13,0.00,5.01,0.12,0,0,0.0,0.0,0,0,0.0,0.0,0,0,0.0,0.0,157307,4530,408.0,29.4,0,0.0,
20.5.2026,12:39:7.872,33592,9567,77.8,19597,12298,61.4,0.7,1.181,1.175,1.175,1.175,1.175,1.175,1.190,1.190,1.190,5225.0,5225.0,5225.0,5225.0,5225.0,5225.0,5225.0,5225.0,5225.0,100.0,2628.6,4807.0,3128.7,2310.7,2508.7,2823.1,3287.6,2012.5,2160.8,3407.0,3392.8,2561.8,2896.8,1932.4,1679.4,1692.6,1455.0,2628.6,46.6,79.6,57.8,40.2,43.8,51.3,60.3,35.1,37.6,62.7,62.3,45.8,52.0,33.6,29.0,29.1,24.9,79.6,46.6,54.0,90.2,66.3,47.1,51.2,59.6,69.7,41.0,44.1,72.2,71.9,53.4,60.5,39.3,34.1,34.2,29.4,54.0,52.2,52.2,52.2,52.2,52.2,52.2,52.2,52.2,52.2,0.0,71.5,91.9,68.0,77.3,63.6,85.6,71.8,59.9,54.1,28.5,8.1,32.0,22.7,36.4,14.4,28.2,40.1,45.9,0.0,0.0,0.0,0.0,0.0,0.0,0.0,0.0,0.0,3000.0,30.00,30,40,40,76,116,884,1,58.4,55.7,57.2,51.0,53.5,48.6,55.1,49.1,54.5,50.6,49.9,46.6,43.6,43.6,51.2,43.0,45.9,45.5,59.0,1.182,1.250,1.100,47.353,14.699,47.338,79.250,7.424,89.184,5.547,6.597,5.310,6.347,4.928,6.575,5.799,4.586,4.238,55.878,18.374,82.419,89.146,2000.0,3000.0,5231.1,5231.1,5250.0,55.0,39.4,44.0,55.0,58.7,Ne,Ne,Ne,9.417,5.261,5.7,30,58,48,26,1.172,5.040,3.408,3.328,12.192,1.101,1.243,3.408,3.280,3.328,1.056,1.056,1.048,1.350,1.814,0.920,3.344,0.064,0.048,0.048,0.048,1.016,1.016,1306,1055,2721,51.0,57.4,46,46,22497958,1.187,1.234,605219,62,14,7368128,67,18,6786686,182.5,1.9,42.2,1.350,1.365,1.800,1.800,1.005,5.040,1.250,Ne,Ne,Ne,40.2,1.350,1.365,1.800,1.815,1.005,5.040,1.375,Ne,Ne,Ne,62,78,99.0,100.0,Ne,Ne,30663,54286,0.3,0.3,0.6,2.100,1.880,78187,221808,54.0,62.0,70.0,1.036,1262,3064.0,2238.0,98.0,95.8,19.0,1.9,1.9,22.0,10961,1397,32.0,334261,0.0,44.6,0.725,4.000,17.000,102.000,600.0,3000.0,1200.0,100.0,0.0,0.0,0.0,0.0,0.0,0.0,0.0,0.0,0,0,16.0,246,Ne,Ne,Ne,237.4,238.2,4.21,4.20,0.00,4.09,0.12,0,0,0.0,0.0,0,0,0.0,0.0,0,0,0.0,0.0,157308,4530,836.3,41.4,0,0.0,
20.5.2026,12:39:9.872,33599,9560,77.8,19612,12283,61.4,0.7,1.180,1.195,1.185,1.185,1.175,1.175,1.175,1.175,1.175,5225.0,5225.0,5225.0,5225.0,5225.0,5225.0,5225.0,5225.0,5225.0,100.0,2769.3,4819.7,3204.1,2181.3,2924.4,2781.6,3692.2,1755.9,2681.6,3080.5,4055.1,2663.2,3189.0,1432.4,2402.7,1127.3,2317.7,2769.3,49.9,80.7,59.5,38.4,53.4,50.9,68.3,30.9,48.4,56.6,75.7,48.3,58.7,25.2,42.5,19.6,40.9,80.7,49.9,57.3,91.5,67.9,44.4,61.6,58.7,78.3,35.7,55.7,65.2,86.1,55.6,67.6,29.1,48.9,22.7,47.1,57.3,52.2,52.2,52.2,52.2,52.2,52.2,52.2,52.2,52.2,0.0,75.1,92.2,71.8,81.1,68.2,88.6,76.2,63.6,59.1,24.9,7.8,28.2,18.9,31.8,11.4,23.8,36.4,40.9,0.0,0.0,0.0,0.0,0.0,0.0,0.0,0.0,0.0,3000.0,30.00,30,40,40,76,116,884,1,58.6,56.8,57.2,52.1,54.5,49.7,56.4,50.2,55.7,51.8,50.8,47.6,44.3,44.3,50.8,42.9,46.0,45.5,59.0,1.182,1.250,1.100,49.674,14.804,49.690,79.750,7.447,92.126,5.814,6.812,5.621,6.620,5.206,6.785,6.154,4.780,4.531,58.663,18.505,85.359,92.141,2000.0,3000.0,5229.7,5229.7,5250.0,56.9,41.4,44.3,56.9,59.8,Ne,Ne,Ne,9.960,5.483,6.0,30,58,47,26,1.181,5.040,3.408,3.328,12.192,1.101,1.243,3.408,3.280,3.328,1.056,1.056,1.048,1.359,1.814,0.920,3.344,0.064,0.056,0.048,0.048,1.016,1.016,1283,1052,2777,51.0,57.4,46,46,22498054,1.179,1.238,605221,50,14,7368252,62,18,6786806,182.5,1.9,42.2,1.350,1.365,1.800,1.815,1.005,5.040,1.125,Ne,Ne,Ne,40.2,1.350,1.365,1.800,1.815,0.990,5.040,1.250,Ne,Ne,Ne,62,78,99.0,100.0,Ne,Ne,30663,54286,42.9,0.1,43.0,5.375,1.506,78197,221811,54.0,62.0,70.0,1.066,1225,3142.0,2238.0,100.0,97.9,22.0,2.0,2.0,22.0,10961,1397,32.0,334261,0.0,44.5,0.725,5.000,18.000,103.000,600.0,3000.0,1200.0,100.0,0.0,0.0,0.0,0.0,0.0,0.0,0.0,0.0,0,0,16.0,246,Ne,Ne,Ne,224.1,225.5,4.46,4.43,0.00,4.33,0.13,0,0,0.0,0.0,0,0,0.0,0.0,0,0,0.0,0.0,157311,4531,1220.1,55.9,0,0.0,
20.5.2026,12:39:11.870,33621,9538,77.9,19622,12273,61.5,0.7,1.185,1.185,1.185,1.185,1.185,1.185,1.185,1.185,1.185,5225.0,5225.0,5225.0,5225.0,5225.0,5225.0,5225.0,5225.0,5225.0,100.0,2705.0,4812.9,3063.0,2294.7,2785.7,2956.4,3245.5,1836.6,2573.3,3265.7,3661.7,2740.1,2887.0,1426.1,2396.0,1192.7,2142.6,2705.0,48.0,81.1,56.3,39.6,50.4,53.4,59.0,31.4,45.2,59.7,67.3,48.9,52.3,24.1,41.9,19.7,36.9,81.1,48.0,55.8,92.0,64.8,46.7,58.8,62.0,68.7,37.2,52.8,69.1,77.7,56.8,61.0,28.8,48.9,23.8,43.4,55.8,52.2,52.2,52.2,52.2,52.2,52.2,52.2,52.2,52.2,0.0,72.6,92.0,69.8,78.4,64.7,86.8,73.0,61.1,54.9,26.9,8.0,30.2,21.6,34.3,13.2,27.0,37.4,43.5,0.5,0.0,0.0,0.0,0.9,0.0,0.0,1.5,1.6,3000.0,30.00,30,40,40,76,116,884,1,58.8,56.7,60.8,51.8,54.3,49.5,55.9,50.0,55.6,51.3,50.5,47.1,44.2,44.2,50.8,43.0,46.0,45.7,59.0,1.182,1.250,1.100,48.163,14.756,48.141,76.500,7.418,90.141,5.696,6.760,5.531,6.461,5.091,6.798,5.941,4.659,4.328,56.864,18.446,83.470,90.164,2000.0,3000.0,5230.4,5230.4,5250.0,55.7,40.1,42.5,55.7,59.7,Ne,Ne,Ne,9.217,4.955,5.8,30,58,47,26,1.172,5.040,3.408,3.328,12.192,1.101,1.234,3.408,3.280,3.328,1.056,1.056,1.048,1.350,1.814,0.920,3.344,0.064,0.048,0.048,0.048,1.016,1.016,1278,1036,2749,51.0,57.4,46,45,22498148,1.179,1.238,605223,47,14,7368352,74,19,6786903,182.5,1.9,42.2,1.350,1.365,1.800,1.815,0.990,5.040,1.375,Ne,Ne,Ne,40.2,1.350,1.365,1.800,1.815,0.990,5.040,0.750,Ne,Ne,Ne,62,78,99.0,100.0,Ne,Ne,30663,54286,0.7,0.2,0.9,5.853,2.355,78208,221815,53.0,62.0,68.0,1.085,1201,3180.0,2238.0,100.0,97.3,19.0,2.0,2.0,21.0,10961,1397,32.0,334261,0.0,44.6,0.725,39.000,19.000,74.000,600.0,3000.0,1200.0,100.0,0.0,0.0,0.0,0.0,0.0,0.0,0.0,0.0,0,0,16.0,246,Ne,Ne,Ne,229.8,229.5,4.35,4.35,0.00,4.23,0.12,0,0,0.0,0.0,0,0,0.0,0.0,0,0,0.0,0.0,157313,4531,1148.0,54.3,0,0.0,
20.5.2026,12:39:13.867,33598,9560,77.8,19610,12285,61.4,0.7,1.180,1.180,1.180,1.180,1.180,1.180,1.180,1.180,1.180,5225.0,5225.0,5225.0,5225.0,5225.0,5225.0,5225.0,5225.0,5225.0,100.0,2918.4,4822.3,3263.9,2568.5,2856.7,3448.8,3325.9,2326.3,2705.6,3788.3,3377.8,3044.2,2985.2,1784.0,2492.9,1501.2,2402.7,2918.4,52.3,81.4,60.4,45.7,52.2,63.6,60.8,41.4,47.6,70.4,61.8,55.3,54.5,30.8,44.1,25.1,41.5,81.4,52.3,60.3,92.4,69.1,52.9,60.4,73.1,70.5,48.0,55.3,80.4,71.6,63.8,63.2,35.8,51.0,29.7,48.2,60.3,52.2,52.2,52.2,52.2,52.2,52.2,52.2,52.2,52.2,0.0,76.5,92.2,73.1,83.1,71.5,87.8,76.9,65.7,61.6,23.5,7.8,26.9,16.9,28.5,12.2,23.1,34.3,38.4,0.0,0.0,0.0,0.0,0.0,0.0,0.0,0.0,0.0,3000.0,30.00,30,40,40,76,116,884,1,59.2,57.5,55.0,52.8,55.0,50.5,56.6,51.2,56.3,52.5,51.7,48.4,44.7,44.7,51.0,42.9,46.0,45.7,59.0,1.183,1.250,1.100,51.173,14.914,51.178,81.000,7.448,94.107,5.990,6.907,5.814,6.610,5.507,6.949,6.301,5.069,4.762,60.489,18.642,87.324,94.120,2000.0,3000.0,5229.1,5229.1,5250.0,58.1,42.6,45.0,58.1,60.5,Ne,Ne,Ne,10.321,5.604,6.1,30,58,47,26,1.181,5.040,3.408,3.328,12.192,1.101,1.243,3.408,3.280,3.328,1.056,1.056,1.048,1.359,1.814,0.920,3.344,0.064,0.048,0.048,0.048,1.016,1.016,1294,1030,2721,51.0,57.4,46,46,22498336,1.179,1.238,605228,31,14,7368508,62,17,6787058,182.5,1.9,42.2,1.350,1.365,1.800,1.815,0.990,5.040,1.250,Ne,Ne,Ne,40.2,1.365,1.365,1.800,1.815,0.990,5.040,0.750,Ne,Ne,Ne,62,78,99.0,100.0,Ne,Ne,30663,54286,0.8,0.2,1.1,2.830,2.312,78214,221820,54.0,62.0,69.0,1.078,1169,3163.0,2238.0,100.0,96.6,20.0,2.0,2.0,20.0,10961,1397,32.0,334261,0.0,44.5,0.725,8.000,20.000,110.000,600.0,3000.0,1200.0,100.0,0.0,0.0,0.0,0.0,0.0,0.0,0.0,0.0,0,0,16.0,246,Ne,Ne,Ne,215.4,214.6,4.64,4.65,0.00,4.52,0.13,0,0,0.0,0.0,0,0,0.0,0.0,0,0,0.0,0.0,157315,4531,1223.6,48.8,0,0.0,
20.5.2026,12:39:15.871,33684,9475,78.0,19648,12247,61.6,0.7,1.179,1.180,1.175,1.175,1.175,1.175,1.175,1.190,1.190,5225.0,5225.0,5225.0,5225.0,5225.0,5225.0,5225.0,5225.0,5225.0,100.0,2632.8,4756.6,3034.4,2423.6,2485.8,3135.6,2987.5,2008.9,2240.1,3455.4,3194.0,2915.6,2603.6,1832.6,1781.8,1682.0,1588.0,2632.8,46.4,79.4,55.8,42.3,43.2,57.4,54.1,34.5,38.6,63.9,58.2,52.8,45.5,31.6,30.6,28.5,26.8,79.4,46.4,54.0,90.1,64.2,49.4,50.6,66.4,63.2,40.7,45.5,73.3,67.7,61.3,53.3,37.1,36.0,33.9,31.9,54.0,52.2,52.2,52.2,52.2,52.2,52.2,52.2,52.2,52.2,0.0,71.4,90.9,68.7,77.6,63.2,84.5,72.9,58.7,54.3,28.6,9.1,31.3,22.4,36.8,15.5,27.1,41.3,45.7,0.0,0.0,0.0,0.0,0.0,0.0,0.0,0.0,0.0,3000.0,30.00,30,40,40,76,116,884,1,58.6,56.0,55.0,52.8,53.9,49.0,55.6,49.5,54.8,50.9,50.2,46.9,44.7,44.0,50.5,42.9,46.0,45.7,59.0,1.182,1.250,1.100,47.984,14.805,47.973,76.750,7.426,90.043,5.990,6.588,5.369,6.382,4.952,6.481,5.855,4.538,4.300,56.663,18.506,83.338,90.047,2000.0,3000.0,5229.1,5230.1,5250.0,58.1,42.6,45.0,58.1,60.5,Ne,Ne,Ne,10.321,5.604,6.1,30,59,48,26,1.190,5.040,3.408,3.328,12.192,1.101,1.243,3.408,3.280,3.328,1.056,1.056,1.048,1.350,1.814,0.920,3.328,0.064,0.048,0.048,0.048,1.016,1.016,1313,1055,2721,51.0,57.4,46,46,22498336,1.187,1.238,605228,32,14,7368508,55,17,6787058,182.5,1.9,42.2,1.365,1.365,1.800,1.815,0.990,5.040,1.500,Ne,Ne,Ne,40.5,1.365,1.365,1.800,1.815,0.990,5.040,1.875,Ne,Ne,Ne,62,78,99.0,100.0,Ne,Ne,30663,54286,0.8,0.2,1.1,2.830,2.312,78214,221820,54.0,62.0,70.0,1.089,1139,3192.0,2238.0,100.0,99.0,22.0,2.4,2.4,20.0,10961,1397,32.0,334261,0.0,44.6,0.725,9.000,18.000,109.000,600.0,3000.0,1200.0,100.0,0.0,0.0,0.0,0.0,0.0,0.0,0.0,0.0,0,0,16.0,246,Ne,Ne,Ne,215.4,214.6,4.64,4.65,0.00,4.52,0.13,0,0,0.0,0.0,0,0,0.0,0.0,0,0,0.0,0.0,157315,4531,1223.6,48.8,0,0.0,
20.5.2026,12:39:17.868,33601,9557,77.8,19595,12300,61.4,0.7,1.187,1.170,1.190,1.190,1.190,1.190,1.190,1.190,1.190,5153.6,5225.0,5225.0,5225.0,5225.0,5225.0,5225.0,5225.0,4653.5,100.0,2647.0,4782.0,3001.4,2511.1,2440.5,3001.2,3151.1,2269.9,2022.7,2938.9,3841.2,2829.6,2722.2,2179.3,1396.9,2113.0,1150.5,2647.0,47.2,81.1,55.3,44.2,43.1,55.0,57.5,39.8,35.3,53.5,71.3,51.3,48.8,38.3,24.4,36.9,19.5,81.1,47.2,54.5,91.8,63.4,51.3,50.0,63.6,66.6,46.4,41.3,61.9,81.5,59.4,56.6,44.4,28.5,42.9,23.2,54.6,51.5,52.2,52.2,52.2,52.2,52.2,52.2,52.2,46.5,0.0,71.6,91.4,69.0,77.3,63.7,86.1,72.9,58.2,54.2,28.4,8.6,31.0,22.7,36.3,13.9,27.1,41.8,45.8,0.0,0.0,0.0,0.0,0.0,0.0,0.0,0.0,0.0,3000.0,30.00,30,40,40,76,116,884,1,58.8,56.3,56.4,51.4,54.3,49.1,55.6,49.6,55.0,50.9,50.1,46.9,44.0,44.0,50.8,43.0,45.9,45.8,59.0,1.183,1.250,1.100,48.175,14.831,48.200,80.750,7.405,90.388,5.558,6.770,5.415,6.372,4.978,6.592,5.885,4.532,4.279,56.904,18.539,83.588,90.407,2000.0,3000.0,5230.1,5229.7,5250.0,55.8,40.2,44.9,55.8,59.3,Ne,Ne,Ne,9.426,5.144,5.7,30,58,47,26,1.163,5.040,3.408,3.328,12.288,1.101,1.234,3.408,3.280,3.328,1.056,1.056,1.048,1.350,1.814,0.920,3.344,0.064,0.048,0.048,0.048,1.016,1.016,1291,1078,2721,51.0,57.4,46,45,22498432,1.175,1.238,605230,54,14,7368572,42,17,6787123,182.5,1.9,42.2,1.365,1.365,1.800,1.815,0.990,5.040,0.625,Ne,Ne,Ne,40.5,1.365,1.365,1.800,1.815,0.990,5.040,0.625,Ne,Ne,Ne,62,78,99.0,100.0,Ne,Ne,30663,54286,0.6,0.3,0.9,1.940,2.383,78218,221824,54.0,62.0,70.0,1.084,1130,3162.0,2238.0,98.0,96.3,21.0,2.4,2.4,21.0,10961,1397,32.0,334261,0.0,44.6,0.725,7.000,18.000,107.000,600.0,3000.0,1200.0,100.0,0.0,0.0,0.0,0.0,0.0,0.0,0.0,0.0,0,0,16.0,246,Ne,Ne,Ne,228.3,228.0,4.38,4.38,0.00,4.26,0.12,0,0,0.0,0.0,0,0,0.0,0.0,0,0,0.0,0.0,157317,4531,1100.8,44.3,0,0.0,
20.5.2026,12:39:19.874,33600,9559,77.8,19595,12300,61.4,0.7,1.173,1.175,1.170,1.170,1.170,1.170,1.170,1.170,1.185,5225.0,5225.0,5225.0,5225.0,5225.0,5225.0,5225.0,5225.0,5225.0,100.0,2783.0,4831.8,3127.9,2737.3,2579.6,3068.9,3301.2,2418.5,2162.3,3366.4,3602.8,2929.6,2887.0,2420.1,1560.3,2317.0,1217.8,2783.0,49.5,82.6,57.5,48.7,45.7,55.9,60.3,42.6,37.3,61.6,66.1,53.1,52.6,42.0,26.6,39.9,20.4,82.6,49.5,57.5,93.7,66.2,56.8,53.3,65.0,69.9,49.8,43.8,71.3,76.4,62.0,61.1,49.0,31.4,46.7,24.3,57.5,52.2,52.2,52.2,52.2,52.2,52.2,52.2,52.2,52.2,0.0,74.1,92.4,72.4,80.0,66.5,86.4,74.8,62.8,57.5,25.9,7.6,27.6,20.0,33.5,13.6,25.2,37.2,42.5,0.0,0.0,0.0,0.0,0.0,0.0,0.0,0.0,0.0,3000.0,30.00,30,40,40,76,116,884,1,58.8,56.7,57.2,51.4,54.6,49.7,56.1,50.3,55.4,51.7,50.9,47.5,44.0,44.3,51.2,43.0,45.9,45.8,59.0,1.183,1.250,1.100,48.175,14.831,48.200,80.750,7.405,90.388,5.603,6.770,5.415,6.372,4.978,6.592,5.885,4.532,4.279,56.904,18.539,83.588,90.407,2000.0,3000.0,5229.7,5229.7,5250.0,55.8,40.2,44.9,55.8,59.3,Ne,Ne,Ne,10.194,5.598,5.7,30,58,47,26,1.172,5.040,3.408,3.328,12.192,1.101,1.243,3.408,3.280,3.328,1.056,1.056,1.048,1.359,1.814,0.920,3.344,0.064,0.048,0.048,0.048,1.016,1.016,1294,1078,2772,51.0,57.4,46,46,22498620,1.175,1.238,605235,57,13,7368794,39,17,6787359,182.5,1.9,42.2,1.365,1.365,1.800,1.800,0.990,5.040,1.375,Ne,Ne,Ne,40.5,1.365,1.365,1.800,1.800,0.990,5.040,2.000,Ne,Ne,Ne,62,78,99.0,100.0,Ne,Ne,30663,54286,0.6,0.3,0.9,3.191,2.778,78224,221830,54.0,64.0,71.0,1.088,1162,3187.0,2238.0,100.0,99.1,23.0,2.3,2.3,23.0,10961,1397,32.0,334261,0.0,44.6,0.725,43.000,19.000,78.000,600.0,3000.0,1200.0,100.0,0.0,0.0,0.0,0.0,0.0,0.0,0.0,0.0,0,0,16.0,246,Ne,Ne,Ne,201.4,202.1,4.97,4.95,0.00,4.84,0.12,0,0,0.0,0.0,0,0,0.0,0.0,0,0,0.0,0.0,157320,4531,1149.2,53.0,0,0.0,
20.5.2026,12:39:21.871,33600,9559,77.8,19595,12300,61.4,0.7,1.173,1.175,1.170,1.170,1.170,1.170,1.170,1.170,1.185,5225.0,5225.0,5225.0,5225.0,5225.0,5225.0,5225.0,5225.0,5225.0,100.0,2783.0,4831.8,3127.9,2737.3,2579.6,3068.9,3301.2,2418.5,2162.3,3366.4,3602.8,2929.6,2887.0,2420.1,1560.3,2317.0,1217.8,2783.0,49.5,82.6,57.5,48.7,45.7,55.9,60.3,42.6,37.3,61.6,66.1,53.1,52.6,42.0,26.6,39.9,20.4,82.6,49.5,57.5,93.7,66.2,56.8,53.3,65.0,69.9,49.8,43.8,71.3,76.4,62.0,61.1,49.0,31.4,46.7,24.3,57.5,52.2,52.2,52.2,52.2,52.2,52.2,52.2,52.2,52.2,0.0,74.1,92.4,72.4,80.0,66.5,86.4,74.8,62.8,57.5,25.9,7.6,27.6,20.0,33.5,13.6,25.2,37.2,42.5,0.0,0.0,0.0,0.0,0.0,0.0,0.0,0.0,0.0,3000.0,30.00,30,40,40,76,116,884,1,58.8,56.7,57.2,52.0,54.6,49.7,56.1,50.3,55.4,51.7,50.9,47.5,44.3,44.3,51.2,43.0,46.0,45.9,59.0,1.183,1.250,1.100,49.753,14.783,49.738,75.750,7.419,92.175,5.794,6.842,5.633,6.511,5.216,6.692,6.118,4.842,4.496,58.786,18.479,85.426,92.145,2000.0,3000.0,5229.0,5229.0,5250.0,56.9,41.4,42.1,56.9,59.7,Ne,Ne,Ne,9.439,5.299,5.9,30,58,47,26,1.172,5.040,3.408,3.328,12.192,1.101,1.243,3.408,3.280,3.328,1.072,1.056,1.048,1.350,1.814,0.920,3.344,0.064,0.056,0.048,0.048,1.016,1.016,1295,1067,2749,51.0,57.4,46,46,22498620,1.175,1.238,605235,30,15,7368794,81,17,6787339,182.5,1.9,42.2,1.365,1.365,1.800,1.800,1.005,5.040,0.375,Ne,Ne,Ne,40.5,1.365,1.365,1.800,1.800,1.005,5.040,1.000,Ne,Ne,Ne,62,78,99.0,100.0,Ne,Ne,30663,54286,0.3,0.3,0.6,1.828,2.494,78227,221835,54.0,64.0,70.0,1.081,1226,3169.0,2238.0,100.0,98.8,22.0,2.2,2.2,25.0,10961,1397,32.0,334261,0.0,44.6,0.725,55.000,19.000,89.000,600.0,3000.0,1200.0,100.0,0.0,0.0,0.0,0.0,0.0,0.0,0.0,0.0,0,0,16.0,246,Ne,Ne,Ne,238.7,238.7,4.19,4.19,0.00,4.07,0.12,0,0,0.0,0.0,0,0,0.0,0.0,0,0,0.0,0.0,157322,4531,1134.8,43.8,0,0.0,
20.5.2026,12:39:23.880,33607,9552,77.8,19602,12293,61.4,0.7,1.181,1.190,1.175,1.175,1.175,1.190,1.180,1.180,1.180,5225.0,5225.0,5225.0,5225.0,5225.0,5225.0,5225.0,5225.0,5225.0,100.0,2668.4,4817.7,2987.1,2693.5,2301.9,3140.2,3020.8,2302.5,1998.2,3465.6,3335.6,2970.1,2669.5,2398.3,1311.5,2245.1,1036.3,2668.4,47.5,82.2,54.9,47.8,40.2,57.2,54.8,40.0,34.8,63.6,61.2,53.9,48.0,41.7,22.5,38.9,17.7,82.2,47.5,55.0,93.2,62.9,55.7,46.8,66.4,63.6,46.7,40.6,73.3,70.6,62.7,55.7,48.5,26.4,45.4,20.8,55.0,52.2,52.2,52.2,52.2,52.2,52.2,52.2,52.2,52.2,0.0,72.3,92.1,69.4,78.0,64.4,85.2,73.7,60.2,55.2,27.4,7.9,30.6,22.0,35.6,14.8,26.3,38.8,43.5,0.3,0.0,0.0,0.0,0.0,0.0,0.0,0.9,1.3,3000.0,30.00,30,40,40,76,116,884,1,58.5,56.4,58.5,51.6,54.0,49.3,55.7,49.7,55.3,51.2,50.4,47.0,44.1,44.1,51.0,42.8,46.0,45.9,59.0,1.182,1.250,1.100,48.067,14.641,48.086,77.250,7.421,89.867,5.641,6.654,5.473,6.412,5.001,6.685,5.980,4.626,4.301,56.763,18.301,83.227,89.902,2000.0,3000.0,5229.9,5229.9,5250.0,55.5,40.1,42.9,55.5,59.3,Ne,Ne,Ne,8.174,4.350,5.8,30,58,47,26,1.172,5.040,3.408,3.328,12.288,1.101,1.243,3.408,3.280,3.328,1.056,1.056,1.048,1.359,1.814,0.920,3.344,0.064,0.048,0.048,0.048,1.016,1.016,1295,1076,2727,51.0,57.4,46,46,22498714,1.171,1.238,605237,44,14,7368854,57,17,6787399,182.5,1.9,42.2,1.365,1.365,1.800,1.800,1.005,5.040,2.375,Ne,Ne,Ne,40.5,1.365,1.365,1.800,1.800,1.005,5.040,1.250,Ne,Ne,Ne,62,78,99.0,100.0,Ne,Ne,30663,54286,0.1,0.1,0.2,0.434,0.913,78228,221836,54.0,64.0,70.0,1.087,1277,3183.0,2238.0,100.0,96.6,23.0,2.0,2.0,25.0,10961,1397,32.0,334261,0.0,44.5,0.725,41.000,17.000,74.000,600.0,3000.0,1200.0,100.0,0.0,0.0,0.0,0.0,0.0,0.0,0.0,0.0,0,0,16.0,246,Ne,Ne,Ne,230.6,230.5,4.34,4.34,0.00,4.22,0.12,0,0,0.0,0.0,0,0,0.0,0.0,0,0,0.0,0.0,157323,4531,677.4,41.8,0,0.0,
20.5.2026,12:39:25.872,33646,9513,77.9,19636,12258,61.5,0.7,1.181,1.180,1.190,1.180,1.180,1.180,1.180,1.180,1.180,5225.0,5225.0,5225.0,5225.0,5225.0,5225.0,5225.0,5225.0,5225.0,100.0,2705.5,4742.2,3025.2,2665.3,2428.3,3101.4,3125.8,2262.0,2168.4,3464.1,3429.0,2927.9,2780.6,2119.7,1720.5,1927.7,1399.6,2705.5,47.6,79.5,55.4,46.6,41.8,56.3,56.5,38.7,37.2,63.6,62.5,52.6,49.6,36.1,29.1,32.6,23.8,79.5,47.6,55.7,90.5,64.0,54.9,49.4,65.7,66.2,45.9,44.0,73.6,72.6,61.7,58.3,42.9,34.8,38.8,28.0,55.7,52.2,52.2,52.2,52.2,52.2,52.2,52.2,52.2,52.2,0.0,73.0,90.7,70.8,78.7,65.7,86.5,74.6,61.7,55.1,27.0,9.3,29.2,21.3,34.3,13.5,25.4,38.3,44.9,0.0,0.0,0.0,0.0,0.0,0.0,0.0,0.0,0.0,3000.0,30.00,30,40,40,76,116,884,1,58.6,56.7,58.1,51.8,54.2,49.4,55.9,50.0,55.6,51.5,50.7,47.2,44.2,44.2,51.0,43.0,46.0,45.9,59.0,1.183,1.250,1.100,48.246,14.673,48.208,80.000,7.433,90.156,5.731,6.716,5.534,6.488,5.150,6.772,6.078,4.767,4.347,56.986,18.342,83.503,90.115,2000.0,3000.0,5230.1,5230.1,5250.0,55.6,40.2,44.4,55.6,59.7,Ne,Ne,Ne,8.586,4.419,5.8,30,58,47,26,1.163,5.040,3.408,3.328,12.192,1.101,1.234,3.408,3.280,3.328,1.056,1.056,1.048,1.350,1.814,0.920,3.344,0.064,0.048,0.048,0.048,1.016,1.016,1313,1092,2721,51.0,57.4,46,46,22498808,1.183,1.238,605240,67,14,7368942,73,17,6787486,182.5,1.9,42.5,1.350,1.365,1.800,1.800,1.005,5.040,0.750,Ne,Ne,Ne,40.5,1.365,1.365,1.800,1.800,1.005,5.040,0.750,Ne,Ne,Ne,62,78,99.0,100.0,Ne,Ne,30663,54286,0.2,0.1,0.3,2.353,1.003,78232,221838,54.0,64.0,70.0,1.081,1297,3171.0,2238.0,100.0,99.0,22.0,2.2,2.2,25.0,10961,1397,32.0,334261,0.0,44.6,0.725,0.000,18.000,99.000,600.0,3000.0,1200.0,100.0,0.0,0.0,0.0,0.0,0.0,0.0,0.0,0.0,0,0,16.0,246,Ne,Ne,Ne,225.7,226.6,4.43,4.42,0.00,4.31,0.12,0,0,0.0,0.0,0,0,0.0,0.0,0,0,0.0,0.0,157324,4531,600.2,38.4,0,0.0,
20.5.2026,12:39:27.873,33553,9606,77.7,19570,12325,61.3,0.7,1.185,1.180,1.175,1.175,1.190,1.190,1.190,1.190,1.190,5225.0,5225.0,5225.0,5225.0,5225.0,5225.0,5225.0,5225.0,5225.0,100.0,2809.8,4770.3,3205.7,2561.7,2739.6,3208.1,3220.2,2191.0,2489.7,3327.1,3740.2,3021.2,2837.6,1712.7,2362.3,1570.3,1998.9,2809.8,49.9,78.4,59.2,44.8,49.1,58.8,58.8,37.7,43.5,61.0,68.9,55.2,51.6,29.3,41.3,26.7,33.8,78.4,49.9,57.9,89.4,67.8,52.2,57.0,68.0,68.2,44.4,51.0,70.5,79.3,63.9,60.0,34.5,48.0,31.5,40.3,57.9,52.2,52.2,52.2,52.2,52.2,52.2,52.2,52.2,52.2,0.0,75.1,91.2,73.0,81.4,68.6,88.1,76.4,64.4,58.0,24.9,8.8,27.0,18.6,31.4,11.9,23.6,35.6,42.0,0.0,0.0,0.0,0.0,0.0,0.0,0.0,0.0,0.0,3000.0,30.00,30,40,40,76,116,884,1,58.5,56.7,57.6,52.2,54.4,49.9,56.3,50.5,55.8,51.9,51.0,47.6,44.4,44.4,50.8,42.7,46.0,45.9,59.0,1.183,1.250,1.100,48.921,14.682,48.947,76.750,7.434,91.022,5.846,6.773,5.704,6.583,5.292,6.831,6.185,4.868,4.529,57.811,18.352,84.340,91.036,2000.0,3000.0,5229.8,5229.8,5250.0,56.2,40.8,42.6,56.2,59.7,Ne,Ne,Ne,8.629,4.435,6.0,30,58,47,26,1.181,5.080,3.408,3.328,12.288,1.101,1.243,3.408,3.280,3.328,1.056,1.056,1.048,1.350,1.814,0.920,3.344,0.064,0.048,0.048,0.048,1.016,1.016,1300,1067,2749,51.0,57.4,46,45,22498904,1.164,1.238,605242,47,14,7369076,69,18,6787615,182.5,1.9,42.2,1.365,1.365,1.800,1.800,1.005,5.040,0.750,Ne,Ne,Ne,40.5,1.365,1.365,1.800,1.800,1.005,5.040,0.750,Ne,Ne,Ne,62,78,99.0,100.0,Ne,Ne,30663,54286,0.1,0.1,0.2,0.641,1.175,78234,221840,54.0,64.0,69.0,1.080,1306,3153.0,2238.0,98.0,95.1,20.0,2.1,2.1,25.0,10961,1397,32.0,334261,0.0,44.6,0.725,9.000,18.000,109.000,600.0,3000.0,1200.0,100.0,0.0,0.0,0.0,0.0,0.0,0.0,0.0,0.0,0,0,16.0,246,Ne,Ne,Ne,245.0,244.8,4.08,4.08,0.00,3.96,0.12,0,0,0.0,0.0,0,0,0.0,0.0,0,0,0.0,0.0,157325,4531,506.5,33.2,0,0.0,
20.5.2026,12:39:29.869,33555,9604,77.7,19577,12318,61.3,0.7,1.179,1.175,1.180,1.180,1.180,1.180,1.180,1.180,1.180,5225.0,5225.0,5225.0,5225.0,5225.0,5225.0,5225.0,5225.0,5225.0,100.0,2679.0,4795.0,3000.1,2449.7,2496.9,3169.7,2987.9,2000.7,2348.7,3520.0,3405.8,2978.5,2678.7,1616.6,2149.2,1319.2,1947.7,2679.0,47.3,80.2,55.1,42.6,43.6,58.2,54.0,34.1,40.3,64.8,62.4,54.2,46.9,27.7,37.2,21.9,33.4,80.2,47.3,55.0,91.1,63.4,49.9,51.0,67.1,63.1,40.4,47.4,74.6,72.1,62.9,54.8,32.7,43.5,26.2,39.2,55.0,52.2,52.2,52.2,52.2,52.2,52.2,52.2,52.2,52.2,0.0,72.7,91.7,69.2,78.8,64.4,88.3,74.9,60.6,53.9,27.3,8.3,30.8,21.2,35.6,11.7,25.1,39.4,46.1,0.0,0.0,0.0,0.0,0.0,0.0,0.0,0.0,0.0,3000.0,30.00,30,40,40,76,116,884,1,58.2,56.1,56.4,51.3,54.0,48.9,55.5,49.5,55.0,51.0,50.2,46.8,44.0,44.0,50.8,42.7,46.0,45.9,59.0,1.182,1.250,1.100,46.660,14.653,46.668,78.750,7.418,88.211,5.590,6.673,5.348,6.362,4.967,6.619,5.912,4.583,4.258,55.105,18.316,81.582,88.252,2000.0,3000.0,5230.8,5230.8,5250.0,54.5,38.9,43.8,54.5,59.1,Ne,Ne,Ne,8.386,4.474,5.8,30,58,47,26,1.181,5.040,3.408,3.328,12.288,1.101,1.243,3.408,3.280,3.328,1.056,1.056,1.048,1.350,1.814,0.920,3.344,0.064,0.048,0.048,0.048,1.016,1.016,1294,1021,2721,51.0,57.4,46,46,22498998,1.179,1.238,605244,18,14,7369170,81,18,6787707,182.5,1.9,42.5,1.365,1.365,1.800,1.800,1.005,5.040,1.375,Ne,Ne,Ne,40.5,1.365,1.365,1.800,1.800,1.005,5.040,0.625,Ne,Ne,Ne,62,78,99.0,100.0,Ne,Ne,30663,54286,0.1,0.1,0.2,0.794,1.091,78235,221843,54.0,64.0,69.0,1.083,1311,3178.0,2238.0,100.0,98.7,22.0,2.2,2.2,25.0,10961,1397,32.0,334261,0.0,44.6,0.725,64.000,18.000,97.000,600.0,3000.0,1200.0,100.0,0.0,0.0,0.0,0.0,0.0,0.0,0.0,0.0,0,0,16.0,246,Ne,Ne,Ne,229.1,229.6,4.36,4.36,0.00,4.24,0.12,0,0,0.0,0.0,0,0,0.0,0.0,0,0,0.0,0.0,157326,4531,525.0,32.7,0,0.0,
20.5.2026,12:39:31.872,33572,9587,77.7,19595,12300,61.4,0.7,1.184,1.175,1.185,1.185,1.185,1.185,1.185,1.185,1.185,5225.0,5225.0,5225.0,5225.0,5225.0,5225.0,5225.0,5225.0,5225.0,100.0,2756.7,4750.4,3088.9,2520.8,2714.7,2995.8,3240.0,2056.1,2543.7,3575.7,3428.8,2879.1,2915.6,1623.8,2339.0,1296.5,2138.2,2756.7,48.4,78.3,56.6,43.8,47.2,54.5,58.9,34.7,43.6,65.7,62.5,51.8,51.1,27.3,40.4,21.0,36.5,78.3,48.4,56.6,89.4,65.4,51.5,55.4,63.5,68.6,41.6,51.6,75.8,72.7,60.5,59.9,32.8,47.6,25.8,43.2,56.6,52.2,52.2,52.2,52.2,52.2,52.2,52.2,52.2,52.2,0.0,74.4,90.8,73.0,80.2,67.7,88.4,76.4,62.6,55.9,25.6,9.2,27.0,19.8,32.3,11.6,23.6,37.4,44.1,0.0,0.0,0.0,0.0,0.0,0.0,0.0,0.0,0.0,3000.0,30.00,30,40,40,76,116,884,1,58.1,56.1,58.1,51.6,53.9,49.5,55.6,50.0,55.1,51.3,50.6,47.2,44.2,44.2,51.2,42.8,46.0,45.9,59.0,1.181,1.250,1.100,47.883,14.684,47.861,76.500,7.415,89.688,5.653,6.569,5.500,6.388,5.111,6.604,5.959,4.747,4.351,56.520,18.356,83.031,89.697,2000.0,3000.0,5230.6,5230.6,5250.0,55.4,39.9,42.5,55.4,59.1,Ne,Ne,Ne,8.835,4.766,6.0,30,58,47,26,1.199,5.040,3.408,3.328,12.192,1.101,1.243,3.408,3.280,3.328,1.072,1.056,1.048,1.350,1.814,0.920,3.344,0.064,0.048,0.048,0.048,1.016,1.016,1278,1038,2749,51.0,57.4,46,46,22499092,1.171,1.238,605247,33,14,7369206,47,17,6787746,182.5,1.9,42.5,1.365,1.365,1.800,1.800,1.005,5.040,1.000,Ne,Ne,Ne,40.5,1.365,1.365,1.800,1.800,1.005,5.040,0.875,Ne,Ne,Ne,62,78,99.0,100.0,Ne,Ne,30663,54286,0.2,0.1,0.3,1.439,1.747,78238,221846,54.0,64.0,69.0,1.082,1311,3175.0,2238.0,100.0,97.6,20.0,2.1,2.1,25.0,10961,1397,32.0,334261,0.0,44.6,0.725,0.000,18.000,99.000,600.0,3000.0,1200.0,100.0,0.0,0.0,0.0,0.0,0.0,0.0,0.0,0.0,0,0,16.0,246,Ne,Ne,Ne,244.6,245.6,4.09,4.01,0.02,3.96,0.13,0,0,0.0,0.0,0,0,0.0,0.0,0,0,0.0,0.0,157328,4531,827.7,39.0,0,0.0,
20.5.2026,12:39:33.875,33559,9600,77.7,19582,12313,61.3,0.7,1.176,1.195,1.170,1.170,1.175,1.175,1.175,1.175,1.175,5225.0,5225.0,5225.0,5225.0,5225.0,5225.0,5225.0,5225.0,5225.0,100.0,2769.2,4808.0,3119.9,2459.9,2710.3,3083.9,3306.7,2123.4,2426.0,3320.7,3718.5,2928.9,2840.4,1853.8,2133.7,1564.1,1909.1,2769.2,49.4,81.3,57.6,43.5,47.9,56.7,60.6,37.2,42.3,61.0,68.7,52.8,51.6,32.4,37.3,26.9,33.2,81.3,49.4,57.0,92.3,66.0,50.3,55.6,65.3,69.9,43.1,49.2,70.2,78.9,61.0,59.8,37.6,43.3,31.4,38.6,57.0,52.2,52.2,52.2,52.2,52.2,52.2,52.2,52.2,52.2,0.0,74.3,91.9,71.3,80.5,67.5,87.8,75.2,63.4,57.0,25.4,8.1,28.7,19.5,32.5,12.2,24.8,35.3,42.2,0.3,0.0,0.0,0.0,0.0,0.0,0.0,1.3,0.8,3000.0,30.00,30,40,40,76,116,884,1,58.4,56.8,55.9,52.0,54.5,49.4,56.2,50.1,55.6,51.6,50.9,47.5,44.4,44.4,50.8,42.8,46.0,46.0,59.0,1.181,1.250,1.100,49.364,14.732,49.393,75.500,7.451,91.672,5.734,6.763,5.498,6.524,5.119,6.699,6.036,4.787,4.444,58.275,18.416,84.886,91.650,2000.0,3000.0,5230.0,5230.0,5250.0,56.6,41.2,41.9,56.6,59.8,Ne,Ne,Ne,9.381,5.147,5.9,30,58,47,26,1.181,5.040,3.408,3.328,12.288,1.101,1.243,3.408,3.280,3.328,1.056,1.056,1.048,1.359,1.814,0.920,3.344,0.064,0.048,0.048,0.048,1.016,1.016,1294,1038,2721,51.0,57.4,46,46,22499280,1.195,1.238,605251,71,14,7369414,93,19,6787949,182.5,1.9,42.5,1.365,1.365,1.800,1.800,1.005,5.040,0.750,Ne,Ne,Ne,40.5,1.365,1.365,1.800,1.800,0.990,5.040,0.750,Ne,Ne,Ne,62,78,99.0,100.0,Ne,Ne,30663,54286,0.6,0.2,0.8,2.490,2.243,78243,221850,54.0,64.0,69.0,1.076,1293,3161.0,2238.0,100.0,96.6,22.0,2.0,2.0,24.0,10961,1397,32.0,334261,0.0,44.6,0.725,13.000,19.000,113.000,600.0,3000.0,1200.0,100.0,0.0,0.0,0.0,0.0,0.0,0.0,0.0,0.0,0,0,16.0,246,Ne,Ne,Ne,222.8,222.7,4.49,4.49,0.00,4.36,0.13,0,0,0.0,0.0,0,0,0.0,0.0,0,0,0.0,0.0,157330,4531,1185.6,49.0,0,0.0,
20.5.2026,12:39:35.872,33592,9567,77.8,19611,12284,61.4,0.7,1.187,1.175,1.190,1.190,1.190,1.190,1.190,1.190,1.180,5225.0,5225.0,5225.0,5225.0,5225.0,5225.0,5225.0,5225.0,5225.0,100.0,2766.8,4775.5,3100.3,2710.2,2514.9,3062.7,3310.2,2418.5,2145.5,3245.9,3753.8,3013.0,2787.6,2428.9,1534.2,2209.2,1257.8,2766.8,49.1,80.8,56.9,48.1,43.7,55.7,60.6,41.9,36.8,59.1,69.2,55.0,50.5,42.0,26.0,37.8,20.9,80.8,49.1,57.1,92.0,65.6,56.2,51.3,64.9,70.2,49.2,43.5,68.8,79.6,63.9,58.8,49.3,31.0,44.6,25.2,57.1,52.2,52.2,52.2,52.2,52.2,52.2,52.2,52.2,52.2,0.0,74.1,91.3,71.5,80.1,67.5,86.9,75.5,63.1,57.2,25.9,8.7,28.5,19.9,32.5,13.1,24.5,36.9,42.8,0.0,0.0,0.0,0.0,0.0,0.0,0.0,0.0,0.0,3000.0,30.00,30,40,40,76,116,884,1,58.8,56.9,60.2,52.2,54.6,49.9,56.3,50.4,55.9,51.9,51.0,47.6,44.5,44.5,51.5,43.1,46.0,46.0,59.0,1.182,1.250,1.100,50.225,14.843,50.194,75.500,7.471,92.777,5.806,6.784,5.654,6.549,5.222,6.804,6.131,4.805,4.499,59.316,18.554,86.088,92.790,2000.0,3000.0,5229.3,5229.3,5250.0,57.3,41.8,41.9,57.3,59.9,Ne,Ne,Ne,9.885,5.185,5.9,30,58,47,26,1.172,5.040,3.408,3.328,12.288,1.101,1.243,3.408,3.280,3.328,1.056,1.056,1.048,1.350,1.814,0.920,3.344,0.064,0.048,0.048,0.048,1.016,1.016,1294,1044,2749,51.0,57.4,46,46,22499374,1.183,1.238,605254,61,15,7369536,70,17,6788067,182.5,1.9,42.5,1.365,1.365,1.800,1.800,0.990,5.040,1.750,Ne,Ne,Ne,40.5,1.365,1.365,1.800,1.800,0.990,5.040,1.875,Ne,Ne,Ne,62,78,99.0,100.0,Ne,Ne,30663,54286,0.1,0.2,0.3,1.049,1.862,78245,221854,54.0,64.0,70.0,1.086,1253,3187.0,2238.0,100.0,98.8,22.0,2.0,2.0,23.0,10961,1397,32.0,334261,0.0,44.6,0.725,12.000,19.000,111.000,600.0,3000.0,1200.0,100.0,0.0,0.0,0.0,0.0,0.0,0.0,0.0,0.0,0,0,16.0,246,Ne,Ne,Ne,217.4,217.4,4.60,4.60,0.00,4.47,0.13,0,0,0.0,0.0,0,0,0.0,0.0,0,0,0.0,0.0,157333,4532,1232.0,44.4,0,0.0,
20.5.2026,12:39:37.872,33563,9596,77.7,19592,12303,61.4,0.7,1.178,1.175,1.180,1.180,1.180,1.180,1.180,1.175,1.175,5225.0,5225.0,5225.0,5225.0,5225.0,5225.0,5225.0,5225.0,5225.0,100.0,2782.9,4793.2,3104.7,2939.8,2376.0,3269.6,2982.0,2602.8,1980.2,3528.1,3416.3,3155.5,2606.5,2650.2,1524.7,2449.6,1147.1,2782.9,49.0,80.3,56.9,53.3,40.3,59.6,53.9,45.3,33.5,64.5,62.2,57.6,45.5,45.8,25.3,42.0,18.5,80.3,49.0,57.3,91.5,65.7,62.3,47.9,69.3,63.1,52.9,39.8,74.8,72.4,66.8,53.7,53.6,30.5,49.3,22.6,57.3,52.2,52.2,52.2,52.2,52.2,52.2,52.2,52.2,52.2,0.0,74.1,91.6,72.0,79.3,66.7,86.7,74.7,64.6,57.3,25.9,8.4,28.0,20.7,33.3,13.3,25.3,35.4,42.7,0.0,0.0,0.0,0.0,0.0,0.0,0.0,0.0,0.0,3000.0,30.00,30,40,40,76,116,884,1,58.6,56.7,53.2,52.1,54.4,49.8,56.3,50.3,55.7,51.7,51.1,47.6,44.6,44.6,51.0,43.1,46.0,46.0,59.0,1.183,1.250,1.100,50.151,14.836,50.156,79.500,7.438,92.683,5.775,6.670,5.632,6.546,5.214,6.707,6.089,4.846,4.495,59.258,18.545,85.985,92.709,2000.0,3000.0,5230.3,5230.3,5250.0,57.2,41.8,44.2,57.2,59.7,Ne,Ne,Ne,9.490,4.928,5.9,30,58,47,26,1.172,5.040,3.408,3.328,12.288,1.101,1.243,3.408,3.280,3.328,1.056,1.056,1.048,1.359,1.814,0.920,3.344,0.064,0.048,0.048,0.048,1.016,1.016,1277,1048,2772,51.0,57.4,46,46,22499468,1.183,1.238,605256,62,14,7369660,50,17,6788187,182.5,1.9,42.5,1.350,1.365,1.800,1.800,0.990,5.040,0.750,Ne,Ne,Ne,40.5,1.350,1.365,1.800,1.800,0.990,5.040,1.375,Ne,Ne,Ne,62,78,99.0,100.0,Ne,Ne,30663,54286,49.4,0.2,49.6,8.005,1.800,78260,221857,55.0,64.0,70.0,1.059,1243,3069.0,2238.0,95.0,94.9,19.0,1.9,1.9,23.0,10961,1397,32.0,334261,0.0,44.6,0.725,63.000,19.000,98.000,600.0,3000.0,1200.0,100.0,0.0,0.0,0.0,0.0,0.0,0.0,0.0,0.0,0,0,16.0,246,Ne,Ne,Ne,214.1,214.1,4.67,4.67,0.00,4.54,0.13,0,0,0.0,0.0,0,0,0.0,0.0,0,0,0.0,0.0,157336,4532,1423.3,55.3,0,0.0,
20.5.2026,12:39:39.869,33616,9543,77.8,19638,12256,61.5,0.7,1.180,1.180,1.180,1.180,1.180,1.180,1.180,1.180,1.180,5225.0,5225.0,5225.0,5225.0,5225.0,5225.0,5225.0,5225.0,5225.0,100.0,2565.1,4688.0,2943.4,2658.5,2162.1,3029.7,2917.6,2271.1,1724.7,3687.7,3024.2,2893.9,2454.0,2410.1,1074.7,2325.8,776.2,2565.1,46.1,79.7,54.5,47.6,38.2,56.0,52.8,40.5,30.5,68.8,55.3,53.3,43.1,43.2,19.0,41.6,13.6,79.7,46.1,52.9,90.1,62.2,54.8,44.2,64.2,60.9,46.4,35.1,78.3,63.8,61.1,50.0,49.5,21.8,47.6,15.7,52.9,52.2,52.2,52.2,52.2,52.2,52.2,52.2,52.2,52.2,0.0,69.8,89.6,67.5,74.7,61.5,85.0,69.6,57.7,52.9,29.1,10.4,32.5,25.3,35.8,15.0,30.4,39.6,44.0,1.1,0.0,0.0,0.0,2.7,0.0,0.0,2.7,3.1,3000.0,30.00,30,40,40,76,116,884,1,58.2,55.9,61.1,51.0,53.7,48.7,55.2,48.9,54.8,50.4,49.9,46.6,43.9,43.9,50.8,42.7,46.0,46.0,59.0,1.182,1.250,1.100,46.713,14.730,46.721,76.750,7.427,88.436,5.460,6.536,5.307,6.242,4.748,6.532,5.700,4.436,4.179,55.143,18.412,81.724,88.428,2000.0,3000.0,5231.5,5231.5,5250.0,54.6,38.9,42.6,54.6,58.9,Ne,Ne,Ne,8.936,4.793,5.6,30,58,47,26,1.181,5.040,3.408,3.328,12.192,1.101,1.243,3.408,3.280,3.328,1.056,1.056,1.048,1.350,1.814,0.920,3.344,0.064,0.048,0.048,0.048,1.016,1.016,1293,1044,2749,51.0,57.4,46,46,22499562,1.179,1.238,605258,25,14,7369710,79,17,6788239,182.5,1.9,42.5,1.350,1.365,1.800,1.800,0.990,5.040,1.000,Ne,Ne,Ne,40.5,1.350,1.365,1.800,1.800,0.990,5.040,1.750,Ne,Ne,Ne,62,78,99.0,100.0,Ne,Ne,30663,54286,0.9,0.2,1.1,4.034,2.262,78268,221862,54.0,64.0,70.0,1.092,1243,3192.0,2238.0,100.0,98.8,23.0,2.1,2.1,23.0,10961,1397,32.0,334261,0.0,44.6,0.725,3.000,18.000,101.000,600.0,3000.0,1200.0,100.0,0.0,0.0,0.0,0.0,0.0,0.0,0.0,0.0,0,0,16.0,246,Ne,Ne,Ne,229.6,229.7,4.35,4.35,0.00,4.23,0.13,0,0,0.0,0.0,0,0,0.0,0.0,0,0,0.0,0.0,157338,4532,1468.1,58.4,0,0.0,
20.5.2026,12:39:41.871,33674,9485,78.0,19678,12216,61.6,0.7,1.171,1.175,1.170,1.170,1.170,1.170,1.170,1.170,1.170,5225.0,5225.0,5225.0,5225.0,5225.0,5225.0,5225.0,5225.0,5225.0,100.0,2780.7,4787.1,3235.8,2621.1,2690.5,3093.9,3215.3,2294.6,2233.5,3492.4,3575.1,2803.3,2940.0,2208.7,1769.0,2088.9,1442.2,2780.7,49.2,78.8,59.5,45.6,47.4,56.6,58.5,40.0,38.7,64.4,65.6,51.1,53.0,38.0,30.1,35.9,24.1,78.8,49.2,57.3,89.7,68.5,53.5,55.7,65.6,68.1,46.8,45.5,74.1,75.8,59.4,62.0,44.8,35.8,42.3,29.0,57.3,52.2,52.2,52.2,52.2,52.2,52.2,52.2,52.2,52.2,0.0,73.9,91.5,72.0,79.6,66.6,87.5,74.3,62.8,57.1,26.1,8.5,28.0,20.4,33.4,12.5,25.7,37.2,42.9,0.0,0.0,0.0,0.0,0.0,0.0,0.0,0.0,0.0,3000.0,30.00,30,40,40,76,116,884,1,59.2,57.2,62.0,52.2,54.5,50.0,56.3,50.3,56.3,51.7,51.0,47.6,44.6,44.6,51.2,43.1,46.0,46.0,59.0,1.183,1.250,1.100,49.550,14.860,49.535,77.000,7.427,91.994,5.794,6.714,5.688,6.497,5.164,6.973,6.038,4.781,4.501,58.546,18.575,85.290,92.003,2000.0,3000.0,5230.6,5230.6,5250.0,56.8,41.3,42.8,56.8,60.2,Ne,Ne,Ne,9.883,5.155,5.9,30,59,48,26,1.181,5.040,3.408,3.328,12.192,1.101,1.243,3.392,3.280,3.328,1.056,1.056,1.048,1.350,1.814,0.920,3.328,0.064,0.048,0.048,0.048,1.016,1.016,1303,1044,2727,51.0,57.4,46,46,22499656,1.171,1.238,605261,47,15,7369804,78,18,6788331,182.5,1.9,42.5,1.350,1.365,1.800,1.800,0.990,5.040,1.875,Ne,Ne,Ne,40.5,1.350,1.365,1.800,1.800,0.990,5.040,0.625,Ne,Ne,Ne,62,78,99.0,100.0,Ne,Ne,30664,54286,0.2,0.2,0.4,1.768,2.543,78271,221866,55.0,64.0,72.0,1.084,1217,3179.0,2238.0,100.0,98.7,22.0,2.3,2.3,22.0,10961,1397,32.0,334261,0.0,44.6,0.725,9.000,18.000,108.000,600.0,3000.0,1200.0,100.0,0.0,0.0,0.0,0.0,0.0,0.0,0.0,0.0,0,0,16.0,246,Ne,Ne,Ne,222.7,222.2,4.49,4.50,0.00,4.36,0.13,0,0,0.0,0.0,0,0,0.0,0.0,0,0,0.0,0.0,157342,4532,1568.4,56.5,0,0.0,
20.5.2026,12:39:43.868,33623,9535,77.9,19634,12261,61.5,0.7,1.189,1.180,1.185,1.185,1.185,1.195,1.195,1.195,1.195,5225.0,5225.0,5225.0,5225.0,5225.0,5225.0,5225.0,5225.0,5225.0,100.0,2744.6,4741.2,3182.3,2239.7,2904.6,2801.3,3408.9,1779.5,2625.1,3090.8,3954.5,2645.6,3140.8,1531.5,2396.6,1368.4,2102.7,2744.6,49.0,77.9,58.6,39.5,52.8,50.6,62.5,31.3,46.7,56.7,73.6,47.3,57.3,26.6,42.4,23.7,36.9,77.9,49.0,56.4,88.4,67.0,45.8,61.0,58.5,72.2,36.1,53.9,65.2,84.0,54.7,66.2,31.0,49.0,27.5,42.7,56.5,52.2,52.2,52.2,52.2,52.2,52.2,52.2,52.2,52.2,0.0,73.2,90.6,70.9,77.3,65.2,87.1,74.8,62.5,57.4,26.8,9.4,29.1,22.7,34.8,12.9,25.2,37.5,42.6,0.0,0.0,0.0,0.0,0.0,0.0,0.0,0.0,0.0,3000.0,30.00,30,40,40,76,116,884,1,59.1,56.9,57.6,52.1,54.4,49.8,56.0,50.2,56.1,51.7,51.0,47.6,44.4,44.4,50.8,42.9,46.0,46.0,59.0,1.183,1.250,1.100,49.121,14.874,49.133,78.000,7.434,91.597,5.764,6.694,5.620,6.424,5.150,6.880,6.031,4.811,4.502,58.061,18.592,84.830,91.596,2000.0,3000.0,5230.5,5230.5,5250.0,56.5,40.9,43.3,56.5,59.9,Ne,Ne,Ne,10.428,5.284,5.9,30,59,48,26,1.172,5.040,3.408,3.328,12.192,1.101,1.243,3.408,3.280,3.328,1.056,1.056,1.048,1.350,1.814,0.920,3.344,0.064,0.048,0.048,0.048,1.016,1.016,1301,1080,2749,51.0,57.4,46,46,22499752,1.183,1.234,605263,71,13,7369946,47,21,6788468,182.5,1.9,42.5,1.350,1.365,1.800,1.800,0.990,5.040,1.250,Ne,Ne,Ne,40.5,1.350,1.365,1.800,1.800,0.990,5.040,1.375,Ne,Ne,Ne,62,78,99.0,100.0,Ne,Ne,30664,54286,0.2,0.2,0.4,1.976,2.223,78275,221871,55.0,64.0,72.0,1.069,1198,3153.0,2238.0,100.0,96.3,22.0,2.3,2.3,22.0,10961,1397,32.0,334261,0.0,44.6,0.725,63.000,18.000,96.000,600.0,3000.0,1200.0,100.0,0.0,0.0,0.0,0.0,0.0,0.0,0.0,0.0,0,0,16.0,246,Ne,Ne,Ne,211.2,211.3,4.74,4.73,0.00,4.61,0.13,0,0,0.0,0.0,0,0,0.0,0.0,0,0,0.0,0.0,157344,4532,1256.6,45.3,0,0.0,
20.5.2026,12:39:45.868,33608,9551,77.8,19622,12273,61.5,0.7,1.188,1.175,1.190,1.190,1.190,1.190,1.190,1.190,1.190,5225.0,5225.0,5225.0,5225.0,5225.0,5225.0,5225.0,5225.0,5225.0,100.0,2397.3,4654.3,2813.2,1798.2,2525.9,2467.7,3103.1,1396.6,2223.8,2973.4,3340.6,2239.9,2804.0,1132.3,2110.0,857.2,1916.7,2397.3,42.0,75.4,50.7,30.9,44.3,43.6,56.6,24.0,39.0,54.3,61.5,38.8,50.0,19.2,36.9,14.0,33.3,75.4,42.0,48.9,85.5,58.4,36.5,51.9,50.7,65.8,28.3,45.5,62.5,70.8,45.7,58.4,22.9,43.0,17.0,38.8,48.9,52.2,52.2,52.2,52.2,52.2,52.2,52.2,52.2,52.2,0.0,65.9,89.0,61.3,72.3,55.6,82.0,67.3,53.1,46.8,34.1,11.0,38.7,27.7,44.4,18.0,32.7,46.9,53.2,0.0,0.0,0.0,0.0,0.0,0.0,0.0,0.0,0.0,3000.0,30.00,30,40,40,76,116,884,1,58.0,54.6,58.1,49.9,52.5,47.5,53.9,47.9,53.4,49.5,48.9,45.6,43.2,43.2,50.5,42.7,45.8,46.0,59.0,1.183,1.250,1.100,42.977,14.656,42.986,76.000,7.399,83.872,5.135,6.226,4.874,5.897,4.451,6.170,5.430,4.197,3.838,50.754,18.320,77.213,83.861,2000.0,3000.0,5232.1,5232.1,5250.0,51.8,35.8,42.2,51.8,57.4,Ne,Ne,Ne,8.297,4.223,5.3,30,58,47,26,1.172,5.040,3.408,3.328,12.192,1.101,1.243,3.408,3.280,3.328,1.056,1.056,1.048,1.350,1.814,0.920,3.344,0.064,0.056,0.048,0.048,1.016,1.016,1305,1050,2772,51.0,57.4,46,46,22499846,1.164,1.238,605265,56,15,7370058,89,18,6788576,182.5,1.9,42.5,1.350,1.365,1.800,1.800,1.005,5.040,1.250,Ne,Ne,Ne,40.5,1.350,1.365,1.800,1.800,1.005,5.040,2.500,Ne,Ne,Ne,62,78,99.0,100.0,Ne,Ne,30664,54286,0.5,0.1,0.6,2.476,1.578,78280,221874,55.0,64.0,71.0,1.077,1213,3166.0,2238.0,100.0,99.3,22.0,2.1,2.1,24.0,10961,1397,32.0,334261,0.0,44.5,0.725,10.000,18.000,108.000,600.0,3000.0,1200.0,100.0,0.0,0.0,0.0,0.0,0.0,0.0,0.0,0.0,0,0,16.0,246,Ne,Ne,Ne,207.8,208.1,4.81,4.81,0.00,4.69,0.12,0,0,0.0,0.0,0,0,0.0,0.0,0,0,0.0,0.0,157346,4532,962.6,40.3,0,0.0,
20.5.2026,12:39:47.873,33695,9464,78.0,19673,12222,61.6,0.7,1.180,1.175,1.185,1.185,1.185,1.175,1.175,1.180,1.180,5225.0,5225.0,5225.0,5225.0,5225.0,5225.0,5225.0,5225.0,5225.0,100.0,2635.4,4713.1,3167.2,1903.4,2874.4,2794.6,3309.7,1635.4,2667.3,3367.1,3431.6,2435.7,3082.1,1262.1,2375.7,921.1,2225.3,2635.4,46.7,75.4,58.6,33.0,51.6,50.7,60.4,28.1,46.6,62.3,63.0,42.9,56.2,21.9,41.7,15.6,39.2,75.4,46.7,54.0,85.6,67.1,38.6,59.8,58.5,70.1,33.0,54.2,71.4,72.8,49.8,65.2,25.5,48.3,18.3,45.2,54.0,52.2,52.2,52.2,52.2,52.2,52.2,52.2,52.2,52.2,0.0,71.1,90.1,67.2,77.4,64.2,85.4,72.2,59.3,53.2,28.9,9.9,32.8,22.6,35.8,14.6,27.8,40.7,46.8,0.0,0.0,0.0,0.0,0.0,0.0,0.0,0.0,0.0,3000.0,30.00,30,40,40,76,116,884,1,57.9,55.9,60.2,51.2,53.7,48.8,55.3,49.4,54.8,50.8,50.1,46.6,43.9,43.9,50.5,42.8,46.0,46.0,59.0,1.182,1.250,1.100,46.631,14.790,46.611,78.500,7.420,88.385,5.557,6.603,5.305,6.296,4.996,6.569,5.851,4.597,4.241,55.053,18.488,81.703,88.386,2000.0,3000.0,5231.0,5231.0,5250.0,54.6,38.8,43.6,54.6,58.8,Ne,Ne,Ne,9.835,4.970,5.7,30,58,47,26,1.181,5.040,3.408,3.328,12.192,1.101,1.243,3.408,3.280,3.328,1.056,1.056,1.048,1.359,1.814,0.920,3.344,0.064,0.048,0.048,0.048,1.016,1.016,1294,1040,2700,51.0,57.4,46,46,22499940,1.191,1.234,605268,58,14,7370174,75,17,6788689,182.5,1.9,42.5,1.350,1.365,1.800,1.800,1.005,5.040,1.375,Ne,Ne,Ne,40.5,1.350,1.365,1.800,1.800,1.005,5.040,0.750,Ne,Ne,Ne,62,78,99.0,100.0,Ne,Ne,30664,54286,10.9,0.1,11.0,2.854,0.933,78285,221875,55.0,64.0,71.0,1.087,1262,3183.0,2238.0,100.0,98.5,24.0,2.3,2.3,25.0,10961,1397,32.0,334261,0.0,44.6,0.725,18.000,18.000,117.000,600.0,3000.0,1200.0,100.0,0.0,0.0,0.0,0.0,0.0,0.0,0.0,0.0,0,0,16.0,246,Ne,Ne,Ne,223.3,223.3,4.48,4.48,0.00,4.36,0.12,0,0,0.0,0.0,0,0,0.0,0.0,0,0,0.0,0.0,157348,4532,832.1,36.3,0,0.0,
20.5.2026,12:39:49.870,33662,9497,77.9,19648,12247,61.6,0.7,1.172,1.190,1.170,1.170,1.170,1.170,1.170,1.170,1.170,5225.0,5225.0,5225.0,5225.0,5225.0,5225.0,5225.0,5225.0,5225.0,100.0,2614.0,4766.1,3193.8,2015.6,2775.0,2616.8,3297.1,1705.5,2523.0,2989.7,3777.8,2481.8,2940.0,1366.1,2180.3,1192.8,2002.9,2614.0,46.0,75.3,59.0,34.8,49.7,46.9,60.0,29.1,43.7,54.6,69.8,43.3,53.4,23.3,37.9,20.0,34.7,75.3,46.0,53.4,85.4,67.7,41.0,58.0,54.7,69.8,34.5,51.3,63.1,80.1,50.7,62.2,27.7,44.3,23.9,40.6,53.4,52.2,52.2,52.2,52.2,52.2,52.2,52.2,52.2,52.2,0.0,70.6,91.1,66.8,75.0,63.4,86.0,71.2,57.5,53.5,28.8,8.9,33.2,25.0,36.6,14.0,28.8,40.3,43.6,0.6,0.0,0.0,0.0,0.0,0.0,0.0,2.2,2.9,3000.0,30.00,30,40,40,76,116,884,1,58.4,56.5,53.2,51.2,53.8,48.7,55.2,49.1,55.4,50.5,50.0,46.5,43.9,43.9,51.0,42.9,46.0,46.0,59.0,1.181,1.250,1.100,47.161,14.737,47.181,78.500,7.428,88.970,5.528,6.604,5.341,6.198,4.903,6.767,5.754,4.452,4.203,55.652,18.422,82.245,88.992,2000.0,3000.0,5231.6,5231.6,5250.0,54.9,39.3,43.6,54.9,59.4,Ne,Ne,Ne,9.345,4.960,5.6,30,58,47,26,1.181,5.040,3.392,3.328,12.288,1.101,1.243,3.408,3.280,3.328,1.056,1.056,1.048,1.350,1.814,0.920,3.344,0.064,0.048,0.048,0.048,1.016,1.016,1294,1043,2721,51.0,57.4,46,46,22500034,1.167,1.234,605270,55,15,7370284,88,17,6788796,182.5,1.9,42.5,1.365,1.365,1.800,1.800,1.005,5.040,1.500,Ne,Ne,Ne,40.5,1.350,1.365,1.800,1.800,1.005,5.040,1.500,Ne,Ne,Ne,62,78,99.0,100.0,Ne,Ne,30664,54286,0.2,0.2,0.4,1.504,2.056,78288,221879,55.0,64.0,71.0,1.088,1293,3186.0,2238.0,100.0,95.6,23.0,1.9,1.9,25.0,10961,1397,32.0,334261,0.0,44.6,0.725,62.000,18.000,78.000,600.0,3000.0,1200.0,100.0,0.0,0.0,0.0,0.0,0.0,0.0,0.0,0.0,0,0,16.0,246,Ne,Ne,Ne,214.0,213.9,4.67,4.67,0.00,4.55,0.12,0,0,0.0,0.0,0,0,0.0,0.0,0,0,0.0,0.0,157349,4532,606.2,38.1,0,0.0,
20.5.2026,12:39:51.870,33643,9515,77.9,19648,12247,61.6,0.7,1.183,1.180,1.180,1.180,1.180,1.185,1.185,1.185,1.185,5225.0,5225.0,5225.0,5225.0,5225.0,5225.0,5225.0,5225.0,5225.0,100.0,2752.3,4813.5,3158.7,2530.3,2627.5,3076.8,3186.2,2271.1,2347.1,3215.7,3670.5,2870.6,2895.8,2073.9,1783.7,1953.7,1561.0,2752.3,48.6,79.0,58.3,44.3,46.5,56.4,58.1,38.9,40.3,59.0,67.7,50.5,52.0,35.9,31.0,33.1,26.4,79.0,48.6,56.4,89.7,66.9,51.5,54.3,65.2,67.5,45.9,47.5,68.2,77.9,58.6,60.7,41.9,36.1,39.1,31.3,56.4,52.2,52.2,52.2,52.2,52.2,52.2,52.2,52.2,52.2,0.0,74.1,92.0,71.6,79.9,67.5,86.3,75.9,62.1,57.3,25.9,8.0,28.4,20.1,32.5,13.7,24.1,37.9,42.7,0.0,0.0,0.0,0.0,0.0,0.0,0.0,0.0,0.0,3000.0,30.00,30,40,40,76,116,884,1,58.1,56.3,55.9,51.8,54.0,49.5,55.8,50.1,55.4,51.3,50.7,47.3,44.3,44.3,51.0,43.1,46.0,46.0,59.0,1.182,1.250,1.100,48.964,14.674,48.962,79.750,7.428,90.981,5.698,6.606,5.575,6.417,5.186,6.658,5.999,4.709,4.431,57.806,18.342,84.319,90.984,2000.0,3000.0,5230.4,5230.4,5250.0,56.2,40.8,44.3,56.2,59.3,Ne,Ne,Ne,8.509,4.429,5.9,30,58,47,26,1.172,5.040,3.408,3.328,12.192,1.101,1.243,3.408,3.280,3.328,1.056,1.056,1.048,1.359,1.814,0.920,3.344,0.064,0.048,0.048,0.048,1.016,1.016,1295,1068,2721,51.0,57.4,46,45,22500128,1.191,1.238,605273,50,14,7370384,81,17,6788894,182.5,1.9,42.5,1.350,1.365,1.800,1.800,1.005,5.040,0.500,Ne,Ne,Ne,40.5,1.350,1.365,1.800,1.800,1.005,5.040,1.250,Ne,Ne,Ne,62,78,99.0,100.0,Ne,Ne,30664,54286,0.1,0.1,0.2,0.240,1.251,78289,221882,55.0,64.0,70.0,1.083,1304,3180.0,2238.0,100.0,98.3,20.0,2.1,2.1,25.0,10961,1397,32.0,334261,0.0,44.6,0.725,55.000,17.000,87.000,600.0,3000.0,1200.0,100.0,0.0,0.0,0.0,0.0,0.0,0.0,0.0,0.0,0,0,16.0,246,Ne,Ne,Ne,230.4,230.1,4.34,4.35,0.00,4.21,0.13,0,0,0.0,0.0,0,0,0.0,0.0,0,0,0.0,0.0,157350,4532,460.4,37.7,0,0.0,
20.5.2026,12:39:53.869,33617,9542,77.8,19625,12270,61.5,0.7,1.183,1.175,1.170,1.170,1.190,1.190,1.190,1.190,1.190,5225.0,5225.0,5225.0,5225.0,5225.0,5225.0,5225.0,5225.0,5225.0,100.0,2561.9,4743.6,3073.5,2508.7,2256.1,2956.0,2857.3,2247.1,1864.5,3477.0,3085.2,2734.3,2615.3,2229.1,1213.5,2181.9,948.0,2561.9,44.6,76.6,56.1,43.5,38.8,53.1,50.9,38.2,31.2,64.2,56.0,48.6,45.3,38.4,20.4,37.1,15.2,76.6,44.6,52.2,87.2,64.6,51.1,45.9,61.9,59.7,45.4,37.6,73.7,65.4,56.7,53.3,45.0,24.5,43.9,18.9,52.2,52.2,52.2,52.2,52.2,52.2,52.2,52.2,52.2,52.2,0.0,69.7,90.7,67.3,74.3,61.7,84.0,70.6,56.6,52.3,30.0,9.3,32.7,25.7,37.9,16.0,29.4,41.8,46.6,0.4,0.0,0.0,0.0,0.4,0.0,0.0,1.6,1.2,3000.0,30.00,30,40,40,76,116,884,1,58.0,55.7,56.8,50.9,53.6,48.6,54.9,48.9,54.8,50.3,49.9,46.5,44.0,44.0,51.0,43.1,46.0,46.0,59.0,1.182,1.250,1.100,46.737,14.635,46.739,74.750,7.419,88.235,5.408,6.493,5.243,6.083,4.755,6.516,5.648,4.397,4.128,55.168,18.293,81.623,88.248,2000.0,3000.0,5231.4,5231.4,5250.0,54.5,38.9,41.5,54.5,58.7,Ne,Ne,Ne,8.344,4.024,5.6,30,58,46,26,1.181,5.040,3.408,3.328,12.192,1.101,1.243,3.408,3.280,3.328,1.056,1.056,1.048,1.350,1.814,0.920,3.344,0.064,0.048,0.048,0.048,1.016,1.016,1295,1048,2721,51.0,57.4,46,46,22500222,1.171,1.238,605275,23,14,7370430,44,17,6788942,182.5,1.9,42.5,1.350,1.365,1.800,1.800,1.005,5.040,0.875,Ne,Ne,Ne,40.5,1.350,1.365,1.800,1.800,1.005,5.040,1.000,Ne,Ne,Ne,62,78,99.0,100.0,Ne,Ne,30664,54286,0.1,0.1,0.1,0.207,0.812,78289,221883,54.0,64.0,70.0,1.085,1307,3182.0,2238.0,100.0,96.5,19.0,2.1,2.1,24.0,10961,1397,32.0,334261,0.0,44.6,0.725,43.000,17.000,75.000,600.0,3000.0,1200.0,100.0,0.0,0.0,0.0,0.0,0.0,0.0,0.0,0.0,0,0,16.0,246,Ne,Ne,Ne,227.9,228.1,4.39,4.38,0.00,4.26,0.13,0,0,0.0,0.0,0,0,0.0,0.0,0,0,0.0,0.0,157351,4532,885.9,42.6,0,0.0,
20.5.2026,12:39:55.871,33638,9521,77.9,19641,12254,61.5,0.7,1.178,1.175,1.175,1.175,1.175,1.175,1.175,1.175,1.200,5225.0,5225.0,5225.0,5225.0,5225.0,5225.0,5225.0,5225.0,5225.0,100.0,2687.5,4725.6,3108.9,2632.9,2359.6,3101.4,3066.9,2368.7,2051.5,3607.7,3159.3,2906.6,2771.8,2385.0,1354.6,2340.9,1059.0,2687.5,47.2,77.4,57.1,45.9,40.6,56.5,55.6,40.4,34.6,66.7,57.4,52.1,49.3,41.7,22.9,40.2,17.1,77.4,47.2,55.0,88.3,65.8,53.7,47.9,65.5,64.9,47.8,41.3,76.5,66.9,60.5,57.7,48.5,27.3,47.3,21.0,55.0,52.2,52.2,52.2,52.2,52.2,52.2,52.2,52.2,52.2,0.0,72.4,90.3,69.3,78.4,65.1,85.5,74.6,60.3,55.3,27.6,9.7,30.7,21.6,34.9,14.5,25.4,39.7,44.7,0.0,0.0,0.0,0.0,0.0,0.0,0.0,0.0,0.0,3000.0,30.00,30,40,40,76,116,884,1,58.1,56.3,55.0,51.6,54.1,49.1,55.8,49.7,55.3,51.3,50.5,47.2,44.2,44.2,50.5,42.9,46.0,46.0,59.0,1.183,1.250,1.100,48.887,14.692,48.888,74.750,7.434,90.963,5.674,6.683,5.414,6.429,5.061,6.671,6.015,4.699,4.418,57.770,18.365,84.312,90.974,2000.0,3000.0,5231.1,5231.1,5250.0,56.2,40.7,41.5,56.2,59.3,Ne,Ne,Ne,8.631,4.375,5.8,30,58,47,26,1.172,5.040,3.408,3.328,12.288,1.101,1.243,3.408,3.280,3.328,1.056,1.056,1.048,1.350,1.814,0.920,3.344,0.064,0.048,0.048,0.048,1.016,1.016,1282,1028,2721,51.0,57.4,46,46,22500316,1.171,1.238,605277,36,15,7370502,67,17,6789014,182.5,1.9,42.5,1.350,1.365,1.800,1.800,1.005,5.040,1.000,Ne,Ne,Ne,40.5,1.350,1.365,1.800,1.800,1.005,5.040,1.000,Ne,Ne,Ne,62,78,99.0,100.0,Ne,Ne,30664,54286,0.1,0.2,0.3,0.693,2.703,78290,221889,55.0,64.0,71.0,1.088,1295,3187.0,2238.0,100.0,98.9,23.0,2.3,2.3,23.0,10961,1397,32.0,334261,0.0,44.6,0.725,5.000,17.000,103.000,600.0,3000.0,1200.0,100.0,0.0,0.0,0.0,0.0,0.0,0.0,0.0,0.0,0,0,16.0,246,Ne,Ne,Ne,239.8,239.4,4.17,4.18,0.00,4.05,0.12,0,0,0.0,0.0,0,0,0.0,0.0,0,0,0.0,0.0,157354,4532,1305.9,51.4,0,0.0,
20.5.2026,12:39:57.870,33705,9454,78.0,19635,12260,61.5,0.7,1.189,1.190,1.175,1.190,1.190,1.190,1.190,1.190,1.195,5225.0,5225.0,5225.0,5225.0,5225.0,5225.0,5225.0,5225.0,5225.0,100.0,2567.4,4797.4,2958.2,2364.4,2362.6,2758.2,3180.4,2097.8,1965.7,2950.4,3657.1,2606.5,2848.3,2188.8,1286.8,2097.7,957.9,2567.4,45.9,80.9,54.8,41.6,41.8,50.2,58.6,37.0,34.7,54.1,68.0,47.5,50.7,38.8,22.8,36.9,16.7,80.9,45.9,52.8,91.5,62.6,48.2,48.3,58.1,67.4,42.7,40.1,62.5,77.6,54.8,58.5,44.6,26.3,42.5,19.3,52.8,52.2,52.2,52.2,52.2,52.2,52.2,52.2,52.2,52.2,0.0,70.4,91.7,66.9,75.4,62.3,83.6,71.5,58.6,52.8,29.6,8.3,33.1,24.6,37.7,16.4,28.5,41.4,47.2,0.0,0.0,0.0,0.0,0.0,0.0,0.0,0.0,0.0,3000.0,30.00,30,40,40,76,116,884,1,58.1,56.2,55.0,51.3,54.2,48.8,55.5,49.3,55.2,50.8,50.3,46.6,44.1,44.1,51.2,43.2,46.0,46.0,59.0,1.182,1.250,1.100,47.195,14.689,47.195,78.250,7.436,88.964,5.508,6.624,5.255,6.258,4.897,6.578,5.801,4.507,4.140,55.715,18.361,82.256,88.970,2000.0,3000.0,5231.0,5231.0,5250.0,54.9,39.3,43.5,54.9,59.2,Ne,Ne,Ne,8.925,4.962,5.6,30,58,47,26,1.190,5.040,3.408,3.328,12.192,1.101,1.234,3.408,3.280,3.328,1.056,1.056,1.048,1.350,1.814,0.920,3.344,0.064,0.048,0.048,0.048,1.016,1.016,1275,1036,2749,51.0,57.4,46,46,22500410,1.183,1.234,605280,60,15,7370622,16,18,6789130,182.5,1.9,42.5,1.350,1.365,1.800,1.800,1.005,5.040,0.750,Ne,Ne,Ne,40.8,1.350,1.365,1.800,1.800,1.005,5.040,1.000,Ne,Ne,Ne,62,78,99.0,100.0,Ne,Ne,30664,54286,0.4,0.1,0.6,4.574,1.429,78299,221891,55.0,64.0,72.0,1.079,1258,3170.0,2238.0,100.0,96.8,23.0,2.1,2.1,23.0,10960,1397,32.0,334261,0.0,44.6,0.725,49.000,18.000,82.000,600.0,3000.0,1200.0,100.0,0.0,0.0,0.0,0.0,0.0,0.0,0.0,0.0,0,0,16.0,246,Ne,Ne,Ne,225.0,225.0,4.44,4.44,0.00,4.32,0.13,0,0,0.0,0.0,0,0,0.0,0.0,0,0,0.0,0.0,157356,4533,1239.9,55.8,0,0.0,
20.5.2026,12:39:59.869,33657,9502,77.9,19618,12277,61.5,0.7,1.172,1.170,1.175,1.175,1.175,1.175,1.175,1.165,1.165,5225.0,5225.0,5225.0,5225.0,5225.0,5225.0,5225.0,5225.0,5225.0,100.0,2503.5,4786.2,2981.5,2113.8,2438.8,2704.3,3190.8,1827.9,1973.5,2794.2,3772.7,2506.6,2750.6,1667.0,1637.7,1571.1,1339.4,2503.5,44.3,78.9,55.3,36.9,43.1,47.8,58.3,32.0,34.5,50.1,70.4,44.6,48.7,29.1,28.7,27.4,23.2,78.9,44.3,51.0,89.1,63.2,42.9,49.8,55.6,67.3,37.0,40.0,57.9,80.2,51.5,56.5,33.6,33.1,31.6,27.0,51.0,52.2,52.2,52.2,52.2,52.2,52.2,52.2,52.2,52.2,0.0,68.3,91.5,64.2,74.8,58.3,84.1,68.1,54.9,50.4,31.0,8.5,35.8,25.2,41.5,15.9,31.9,42.4,46.8,0.7,0.0,0.0,0.0,0.3,0.0,0.0,2.7,2.9,3000.0,30.00,30,40,40,76,116,884,1,57.5,54.9,55.9,50.1,52.8,47.7,54.2,48.0,53.8,49.5,49.1,45.6,43.4,43.4,50.8,42.8,46.0,46.0,59.0,1.181,1.250,1.100,44.588,14.661,44.600,76.750,7.417,85.778,5.240,6.330,5.039,6.001,4.593,6.272,5.496,4.244,3.946,52.598,18.326,79.083,85.781,2000.0,3000.0,5232.3,5232.3,5250.0,53.0,37.2,42.6,53.0,57.8,Ne,Ne,Ne,8.576,4.731,5.5,30,57,46,26,1.172,5.040,3.408,3.328,12.192,1.101,1.243,3.408,3.280,3.328,1.056,1.056,1.048,1.359,1.814,0.920,3.344,0.064,0.048,0.048,0.048,1.016,1.016,1262,1023,2743,51.0,57.4,46,46,22500504,1.175,1.238,605282,20,13,7370662,50,17,6789173,182.5,1.9,42.5,1.350,1.365,1.800,1.800,1.005,5.040,0.625,Ne,Ne,Ne,40.8,1.350,1.365,1.800,1.800,1.005,5.040,2.625,Ne,Ne,Ne,62,78,99.0,100.0,Ne,Ne,30664,54286,0.1,0.4,0.5,0.872,2.028,78301,221895,55.0,64.0,72.0,1.085,1250,3181.0,2238.0,100.0,96.9,23.0,2.0,2.0,23.0,10961,1397,32.0,334261,0.0,44.6,0.725,8.000,17.000,106.000,600.0,3000.0,1200.0,100.0,0.0,0.0,0.0,0.0,0.0,0.0,0.0,0.0,0,0,16.0,246,Ne,Ne,Ne,210.5,210.8,4.75,4.74,0.00,4.63,0.13,0,0,0.0,0.0,0,0,0.0,0.0,0,0,0.0,0.0,157359,4533,1244.9,55.9,0,0.0,
20.5.2026,12:40:1.871,33647,9512,77.9,19646,12249,61.5,0.7,1.181,1.180,1.180,1.180,1.180,1.185,1.185,1.180,1.180,5225.0,5225.0,5225.0,5225.0,5225.0,5225.0,5225.0,5225.0,5225.0,100.0,2743.1,4778.2,3220.3,2286.6,2818.1,2948.1,3394.9,1867.3,2607.5,3472.3,3460.1,2672.7,3071.7,1552.7,2303.9,1248.3,2186.3,2743.1,48.5,78.9,59.2,39.7,51.0,53.1,61.9,32.2,45.1,63.8,63.3,47.9,55.6,26.5,39.8,20.6,37.5,78.9,48.5,56.5,89.8,68.2,46.6,59.7,61.9,71.9,38.0,53.0,73.6,73.3,55.9,64.9,31.4,46.7,24.9,44.1,56.5,52.2,52.2,52.2,52.2,52.2,52.2,52.2,52.2,52.2,0.0,73.5,91.3,70.7,80.2,66.1,86.3,74.7,61.8,56.5,26.5,8.7,29.3,19.8,33.9,13.7,25.3,38.2,43.5,0.0,0.0,0.0,0.0,0.0,0.0,0.0,0.0,0.0,3000.0,30.00,30,40,40,76,116,884,1,58.2,56.7,55.5,51.9,54.4,49.4,56.2,49.9,55.7,51.4,50.8,47.2,44.5,44.5,50.8,43.0,46.0,46.0,59.0,1.182,1.250,1.100,48.761,14.858,48.739,77.750,7.438,91.055,5.736,6.685,5.575,6.504,5.145,6.727,6.082,4.723,4.446,57.581,18.572,84.334,91.076,2000.0,3000.0,5230.9,5230.9,5250.0,56.2,40.6,43.2,56.2,59.7,Ne,Ne,Ne,10.214,5.580,5.9,30,58,47,26,1.181,5.040,3.408,3.328,12.192,1.101,1.243,3.408,3.280,3.328,1.056,1.056,1.048,1.350,1.814,0.920,3.344,0.064,0.048,0.048,0.048,1.016,1.016,1256,1020,2721,51.0,57.4,46,46,22500596,1.187,1.238,605284,54,15,7370770,75,19,6789278,182.5,1.9,42.5,1.350,1.365,1.800,1.800,1.005,5.040,0.750,Ne,Ne,Ne,40.8,1.350,1.365,1.800,1.800,1.005,5.040,1.375,Ne,Ne,Ne,62,78,99.0,100.0,Ne,Ne,30664,54286,23.2,0.4,23.6,4.951,1.271,78310,221898,55.0,64.0,71.0,1.082,1249,3176.0,2238.0,100.0,98.8,22.0,2.1,2.1,23.0,10961,1397,32.0,334261,0.0,44.6,0.725,4.000,18.000,104.000,600.0,3000.0,1200.0,100.0,0.0,0.0,0.0,0.0,0.0,0.0,0.0,0.0,0,0,16.0,246,Ne,Ne,Ne,229.7,229.2,4.35,4.36,0.00,4.22,0.13,0,0,0.0,0.0,0,0,0.0,0.0,0,0,0.0,0.0,157361,4533,1220.5,47.9,0,0.0,
20.5.2026,12:40:3.870,33655,9504,77.9,19670,12225,61.6,0.6,1.186,1.185,1.185,1.185,1.185,1.185,1.185,1.185,1.190,5225.0,5225.0,5225.0,5225.0,5225.0,5225.0,5225.0,5225.0,5225.0,100.0,2728.2,4800.3,3274.6,2364.8,2766.8,3038.6,3184.9,2049.9,2389.0,3662.6,3254.8,2808.3,2883.0,1587.7,2235.0,1284.4,2066.6,2728.2,48.3,76.2,60.5,41.5,48.8,55.5,57.8,36.1,41.5,67.9,59.4,51.5,52.1,27.7,38.9,22.1,35.8,76.2,48.3,56.0,86.7,69.3,48.3,56.9,64.2,67.3,41.9,48.5,77.7,68.9,59.4,60.6,32.3,45.3,25.9,41.8,56.0,52.2,52.2,52.2,52.2,52.2,52.2,52.2,52.2,52.2,0.0,73.2,91.8,71.1,79.0,65.7,86.8,74.7,60.7,55.4,26.7,8.2,28.9,21.0,34.3,13.2,25.3,39.0,43.6,0.2,0.0,0.0,0.0,0.0,0.0,0.0,0.3,1.0,3000.0,30.00,30,40,40,76,116,884,1,58.6,56.8,59.4,51.8,54.6,49.3,56.1,49.8,55.7,51.3,50.8,47.0,44.5,44.5,51.2,43.2,46.0,46.0,59.0,1.182,1.250,1.100,48.488,14.837,48.485,75.500,7.430,90.761,5.709,6.771,5.519,6.432,5.100,6.756,6.019,4.701,4.374,57.269,18.547,83.989,90.724,2000.0,3000.0,5230.6,5230.6,5250.0,56.0,40.4,41.9,56.0,59.8,Ne,Ne,Ne,9.320,5.328,5.9,30,58,47,26,1.181,5.040,3.408,3.328,12.288,1.101,1.243,3.408,3.280,3.328,1.056,1.056,1.048,1.359,1.814,0.920,3.328,0.064,0.056,0.048,0.048,1.016,1.016,1273,1045,2721,51.0,57.4,46,46,22500690,1.171,1.238,605287,69,14,7370908,58,17,6789411,182.5,1.9,42.5,1.350,1.365,1.800,1.800,1.005,5.040,1.250,Ne,Ne,Ne,40.8,1.350,1.365,1.800,1.800,1.005,5.040,2.000,Ne,Ne,Ne,62,78,99.0,100.0,Ne,Ne,30664,54286,2.2,0.3,2.5,6.250,2.670,78322,221903,55.0,64.0,70.0,1.074,1249,3161.0,2238.0,100.0,96.5,22.0,2.2,2.2,23.0,10961,1397,32.0,334261,0.0,44.6,0.725,53.000,18.000,74.000,600.0,3000.0,1200.0,100.0,0.0,0.0,0.0,0.0,0.0,0.0,0.0,0.0,0,0,16.0,246,Ne,Ne,Ne,237.4,237.5,4.21,4.21,0.00,4.09,0.13,0,0,0.0,0.0,0,0,0.0,0.0,0,0,0.0,0.0,157364,4533,1204.1,47.7,0,0.0,
20.5.2026,12:40:5.869,33628,9531,77.9,19627,12267,61.5,0.6,1.178,1.175,1.185,1.190,1.190,1.175,1.170,1.170,1.170,5225.0,5225.0,5225.0,5225.0,5225.0,5225.0,5225.0,5225.0,5225.0,100.0,2543.3,4809.2,2913.0,2238.5,2458.0,2936.6,2971.3,1763.2,2208.0,3104.8,3469.2,2728.1,2660.8,1316.8,2076.3,1173.1,1866.5,2543.3,45.4,83.1,53.3,39.3,43.6,53.9,54.5,30.8,39.0,57.1,64.2,49.7,46.7,22.8,36.3,20.0,32.3,83.1,45.4,52.4,93.8,61.2,45.6,50.7,62.3,63.0,35.8,45.2,65.8,73.6,57.3,54.4,26.6,42.0,23.5,37.5,52.4,52.2,52.2,52.2,52.2,52.2,52.2,52.2,52.2,52.2,0.0,69.5,91.9,66.8,74.7,61.0,82.9,70.1,56.5,52.4,30.5,8.1,33.2,25.3,39.0,17.1,29.9,43.5,47.6,0.0,0.0,0.0,0.0,0.0,0.0,0.0,0.0,0.0,3000.0,30.00,30,40,40,76,116,884,1,58.2,55.8,54.6,50.8,53.4,48.4,55.1,48.8,54.7,50.2,49.7,46.3,43.9,43.9,51.2,43.0,46.0,46.0,59.0,1.182,1.250,1.100,46.187,14.764,46.188,81.750,7.423,87.799,5.417,6.423,5.220,6.229,4.788,6.494,5.690,4.364,4.126,54.514,18.455,81.134,87.833,2000.0,3000.0,5231.2,5231.2,5250.0,54.2,38.5,45.4,54.2,58.8,Ne,Ne,Ne,8.766,4.901,5.6,30,58,47,26,1.172,5.040,3.392,3.328,12.288,1.101,1.243,3.408,3.280,3.328,1.056,1.056,1.048,1.350,1.814,0.920,3.344,0.064,0.048,0.048,0.048,1.016,1.016,1291,1047,2721,51.0,57.4,46,46,22500784,1.183,1.238,605289,28,14,7370964,73,19,6789468,182.5,1.9,42.8,1.350,1.365,1.800,1.800,1.005,5.040,1.000,Ne,Ne,Ne,40.8,1.350,1.365,1.800,1.800,1.005,5.040,0.750,Ne,Ne,Ne,62,78,99.0,100.0,Ne,Ne,30664,54286,0.2,0.0,0.3,1.400,0.719,78325,221904,55.0,64.0,72.0,1.075,1248,3161.0,2238.0,100.0,98.7,23.0,2.2,2.2,23.0,10961,1397,32.0,334261,0.0,44.7,0.725,14.000,19.000,115.000,600.0,3000.0,1200.0,100.0,0.0,0.0,0.0,0.0,0.0,0.0,0.0,0.0,0,0,16.0,246,Ne,Ne,Ne,224.6,224.5,4.45,4.45,0.00,4.33,0.13,0,0,0.0,0.0,0,0,0.0,0.0,0,0,0.0,0.0,157366,4533,998.8,48.1,0,0.0,
20.5.2026,12:40:7.869,33634,9525,77.9,19634,12261,61.5,0.6,1.176,1.185,1.175,1.175,1.175,1.175,1.175,1.175,1.175,5225.0,5225.0,5225.0,5225.0,5225.0,5225.0,5225.0,5225.0,5225.0,100.0,2534.2,4747.3,2893.9,2409.4,2285.5,3024.9,2946.7,1910.1,2027.1,3392.4,3207.0,2915.6,2429.1,1791.8,1574.9,1521.3,1469.5,2534.2,45.0,81.3,53.3,42.4,39.8,55.2,53.8,33.4,35.3,62.8,59.0,51.9,42.2,31.2,27.2,26.2,25.4,81.3,45.0,52.1,92.0,61.1,49.3,46.6,64.1,62.4,38.9,41.2,72.0,68.0,60.1,49.5,36.4,31.8,30.7,29.7,52.1,52.2,52.2,52.2,52.2,52.2,52.2,52.2,52.2,52.2,0.0,69.4,90.8,66.7,75.7,60.8,83.7,69.8,56.1,51.7,30.6,9.2,33.3,24.3,39.2,16.3,30.2,43.9,48.3,0.0,0.0,0.0,0.0,0.0,0.0,0.0,0.0,0.0,3000.0,30.00,30,40,40,76,116,884,1,57.9,55.6,56.8,50.7,53.6,48.3,55.1,48.7,54.4,50.1,49.6,46.1,43.7,43.7,50.5,42.9,46.0,46.0,59.0,1.181,1.250,1.100,46.759,14.732,46.764,78.250,7.433,88.417,5.439,6.544,5.244,6.295,4.777,6.438,5.702,4.382,4.131,55.160,18.414,81.751,88.426,2000.0,3000.0,5231.1,5231.1,5250.0,54.6,39.0,43.5,54.6,58.5,Ne,Ne,Ne,8.638,4.691,5.6,30,57,46,26,1.172,5.040,3.408,3.328,12.192,1.101,1.243,3.408,3.280,3.328,1.056,1.056,1.048,1.359,1.814,0.920,3.344,0.064,0.048,0.048,0.048,1.016,1.016,1256,1035,2749,51.0,57.4,46,46,22500876,1.171,1.238,605291,37,13,7371038,23,18,6789542,182.5,1.9,42.5,1.350,1.365,1.800,1.800,1.005,5.040,1.375,Ne,Ne,Ne,40.8,1.350,1.365,1.800,1.815,1.005,5.040,0.375,Ne,Ne,Ne,62,78,99.0,100.0,Ne,Ne,30664,54286,0.4,2.2,2.5,0.570,0.920,78326,221906,55.0,64.0,71.0,1.086,1248,3184.0,2238.0,100.0,98.9,23.0,2.1,2.1,23.0,10961,1397,32.0,334261,0.0,44.7,0.725,2.000,17.000,99.000,600.0,3000.0,1200.0,100.0,0.0,0.0,0.0,0.0,0.0,0.0,0.0,0.0,0,0,16.0,246,Ne,Ne,Ne,218.5,218.6,4.58,4.58,0.00,4.46,0.12,0,0,0.0,0.0,0,0,0.0,0.0,0,0,0.0,0.0,157367,4533,513.9,48.2,0,0.0,
20.5.2026,12:40:9.874,33604,9555,77.8,19609,12286,61.4,0.6,1.179,1.175,1.175,1.190,1.190,1.175,1.175,1.175,1.175,5225.0,5225.0,5225.0,5225.0,5225.0,5225.0,5225.0,5225.0,5225.0,100.0,2660.3,4837.8,2996.2,2552.5,2392.1,3178.6,3045.1,2282.5,1957.1,3544.0,3294.0,2950.0,2703.6,2301.6,1322.4,2210.4,997.3,2660.3,47.3,82.3,54.9,44.7,41.8,58.0,55.2,40.0,34.1,65.7,60.6,53.5,48.0,40.3,22.8,38.6,16.8,82.3,47.3,54.7,93.2,62.9,52.1,48.8,67.1,64.1,46.5,39.9,75.2,69.7,61.8,55.8,46.8,26.8,44.8,20.0,54.7,52.2,52.2,52.2,52.2,52.2,52.2,52.2,52.2,52.2,0.0,72.3,92.5,69.4,77.9,64.5,86.1,74.2,59.5,54.6,27.0,7.5,30.6,22.1,34.1,13.9,25.8,38.8,43.6,0.6,0.0,0.0,0.0,1.4,0.0,0.0,1.8,1.8,3000.0,30.00,30,40,40,76,116,884,1,58.1,56.3,56.4,51.4,54.0,49.0,55.7,49.4,55.3,51.0,50.3,46.8,44.1,44.1,51.0,43.2,46.0,46.0,59.0,1.181,1.250,1.100,48.498,14.831,48.487,80.500,7.430,90.665,5.608,6.638,5.404,6.388,4.954,6.712,5.933,4.550,4.287,57.241,18.538,83.952,90.671,2000.0,3000.0,5230.3,5230.3,5250.0,56.0,40.4,44.7,56.0,59.2,Ne,Ne,Ne,9.698,5.245,5.8,30,58,46,26,1.181,5.040,3.408,3.328,12.192,1.101,1.243,3.392,3.280,3.328,1.056,1.056,1.048,1.350,1.814,0.920,3.344,0.064,0.048,0.048,0.048,1.016,1.016,1266,1039,2721,51.0,57.4,46,46,22500968,1.179,1.234,605294,65,14,7371168,79,17,6789667,182.5,1.9,42.8,1.350,1.365,1.800,1.815,0.990,5.040,1.250,Ne,Ne,Ne,40.8,1.350,1.365,1.800,1.815,1.005,5.040,1.500,Ne,Ne,Ne,62,78,99.0,100.0,Ne,Ne,30664,54286,0.2,0.4,0.6,1.997,1.244,78330,221908,55.0,64.0,70.0,1.086,1249,3180.0,2238.0,100.0,95.5,22.0,2.1,2.1,23.0,10961,1397,32.0,334261,0.0,44.6,0.725,43.000,18.000,76.000,600.0,3000.0,1200.0,100.0,0.0,0.0,0.0,0.0,0.0,0.0,0.0,0.0,0,0,16.0,246,Ne,Ne,Ne,247.9,248.5,4.03,3.96,0.00,3.91,0.13,0,0,0.0,0.0,0,0,0.0,0.0,0,0,0.0,0.0,157367,4533,419.7,35.1,0,0.0,
20.5.2026,12:40:11.876,33652,9507,77.9,19636,12258,61.5,0.6,1.185,1.185,1.185,1.185,1.185,1.185,1.185,1.185,1.185,5225.0,5225.0,5225.0,5225.0,5225.0,5225.0,5225.0,5225.0,5225.0,100.0,2798.9,4784.8,3170.9,2788.3,2554.2,3166.0,3275.3,2441.3,2181.2,3418.3,3608.4,2900.3,2979.5,2488.1,1556.4,2328.8,1141.2,2798.9,49.5,79.3,58.4,48.8,44.2,57.7,59.6,42.5,37.5,62.8,66.2,52.9,54.1,43.4,26.4,40.2,18.8,79.3,49.5,57.6,90.3,67.1,57.0,52.0,67.1,69.3,49.7,44.2,72.4,76.5,61.5,63.1,50.6,31.4,47.1,22.7,57.6,52.2,52.2,52.2,52.2,52.2,52.2,52.2,52.2,52.2,0.0,75.1,91.5,74.0,80.8,68.4,87.7,76.7,64.2,57.3,24.9,8.5,26.0,19.2,31.6,12.3,23.3,35.8,42.7,0.0,0.0,0.0,0.0,0.0,0.0,0.0,0.0,0.0,3000.0,30.00,30,40,40,76,116,884,1,58.8,57.1,58.5,52.3,54.7,50.0,56.7,50.6,56.0,52.0,51.3,47.5,44.7,44.7,51.2,43.2,46.0,46.0,59.0,1.182,1.250,1.100,50.760,14.823,50.738,76.750,7.437,93.373,5.828,6.753,5.698,6.648,5.287,6.771,6.169,4.852,4.444,59.956,18.529,86.666,93.376,2000.0,3000.0,5229.9,5229.9,5250.0,57.6,42.3,42.6,57.6,60.1,Ne,Ne,Ne,9.608,5.343,6.0,30,58,47,26,1.181,5.040,3.408,3.328,12.192,1.101,1.243,3.408,3.280,3.328,1.056,1.056,1.048,1.350,1.814,0.920,3.344,0.064,0.056,0.048,0.048,1.016,1.016,1284,1062,2743,51.0,57.4,46,46,22501062,1.187,1.238,605296,49,14,7371266,76,18,6789763,182.5,1.9,42.8,1.350,1.365,1.800,1.815,1.005,5.040,0.750,Ne,Ne,Ne,40.8,1.350,1.365,1.800,1.815,1.005,5.040,1.500,Ne,Ne,Ne,62,78,99.0,100.0,Ne,Ne,30664,54286,0.2,0.1,0.3,0.913,1.157,78331,221910,55.0,64.0,70.0,1.089,1223,3189.0,2238.0,98.0,97.0,20.0,2.6,2.6,22.0,10961,1397,32.0,334261,0.0,44.7,0.725,56.000,17.000,89.000,600.0,3000.0,1200.0,100.0,0.0,0.0,0.0,0.0,0.0,0.0,0.0,0.0,0,0,16.0,246,Ne,Ne,Ne,224.7,224.7,4.45,4.44,0.00,4.33,0.13,0,0,0.0,0.0,0,0,0.0,0.0,0,0,0.0,0.0,157368,4533,447.6,41.0,0,0.0,
20.5.2026,12:40:13.880,33652,9506,77.9,19618,12276,61.5,0.6,1.184,1.180,1.185,1.185,1.185,1.185,1.185,1.185,1.185,5225.0,5225.0,5225.0,5225.0,5225.0,5225.0,5225.0,5225.0,5225.0,100.0,2748.8,4754.1,3133.4,2673.0,2544.0,3090.2,3204.3,2333.3,2139.1,3212.9,3807.3,2856.5,2940.3,2352.0,1503.6,2252.8,1184.4,2748.8,48.7,77.5,57.4,47.4,44.0,56.0,58.2,40.8,37.0,58.9,70.4,51.9,52.7,41.0,25.8,39.1,20.3,77.5,48.7,56.4,88.6,66.2,55.6,51.9,65.1,67.7,47.4,43.3,68.1,80.7,60.0,61.3,47.6,30.3,45.4,23.8,56.4,52.2,52.2,52.2,52.2,52.2,52.2,52.2,52.2,52.2,0.0,73.6,90.9,71.5,80.0,65.2,88.7,75.5,60.9,56.1,26.4,9.1,28.5,20.0,34.8,11.3,24.5,39.1,43.9,0.0,0.0,0.0,0.0,0.0,0.0,0.0,0.0,0.0,3000.0,30.00,30,40,40,76,116,884,1,58.9,57.1,59.4,52.2,54.7,50.0,56.5,50.3,56.0,51.8,51.1,47.5,44.7,44.7,51.5,43.1,46.0,46.0,59.0,1.183,1.250,1.100,49.852,14.752,49.883,76.000,7.426,92.261,5.738,6.715,5.665,6.495,5.103,6.780,6.052,4.695,4.401,58.922,18.440,85.531,92.269,2000.0,3000.0,5230.4,5230.4,5250.0,57.0,41.6,42.2,57.0,60.1,Ne,Ne,Ne,9.119,4.870,5.9,30,58,47,26,1.172,5.040,3.408,3.328,12.192,1.101,1.243,3.408,3.280,3.328,1.056,1.056,1.048,1.350,1.814,0.920,3.344,0.064,0.056,0.048,0.048,1.016,1.016,1289,1091,2749,51.0,57.4,46,46,22501158,1.175,1.238,605298,62,14,7371390,53,18,6789883,182.5,1.9,42.8,1.350,1.365,1.800,1.815,1.005,5.040,1.750,Ne,Ne,Ne,40.8,1.365,1.365,1.800,1.815,1.005,5.040,0.875,Ne,Ne,Ne,62,78,99.0,100.0,Ne,Ne,30664,54286,0.1,0.2,0.3,0.632,1.482,78333,221913,55.0,64.0,70.0,1.084,1203,3182.0,2238.0,100.0,96.3,22.0,2.1,2.1,21.0,10961,1397,32.0,334261,0.0,44.7,0.725,48.000,18.000,81.000,600.0,3000.0,1200.0,100.0,0.0,0.0,0.0,0.0,0.0,0.0,0.0,0.0,0,0,16.0,246,Ne,Ne,Ne,213.6,213.6,4.68,4.68,0.00,4.56,0.12,0,0,0.0,0.0,0,0,0.0,0.0,0,0,0.0,0.0,157369,4533,363.6,41.6,0,0.0,
20.5.2026,12:40:15.871,33617,9542,77.8,19623,12271,61.5,0.6,1.180,1.180,1.180,1.180,1.180,1.175,1.175,1.175,1.195,5225.0,5225.0,5225.0,5225.0,5225.0,5225.0,5225.0,5225.0,5225.0,100.0,2673.6,4711.0,3097.2,2607.2,2434.3,3101.5,3063.8,2249.8,2081.4,3395.5,3482.8,2718.7,2783.9,2122.1,1664.9,1907.0,1357.1,2673.6,47.0,76.8,56.6,46.4,42.2,56.4,55.6,38.7,35.3,61.8,63.8,48.9,49.6,36.4,28.1,32.0,22.5,76.8,47.0,54.8,87.4,64.9,53.9,49.3,65.7,64.9,45.6,42.0,71.6,73.9,57.0,58.3,42.8,33.5,38.1,27.1,54.7,52.2,52.2,52.2,52.2,52.2,52.2,52.2,52.2,52.2,0.0,71.9,90.1,70.0,78.6,64.5,86.6,71.7,60.3,53.7,28.1,9.9,30.0,21.4,35.5,13.4,28.3,39.7,46.3,0.0,0.0,0.0,0.0,0.0,0.0,0.0,0.0,0.0,3000.0,30.00,30,40,40,76,116,884,1,58.5,56.0,56.8,51.3,53.7,49.1,55.4,49.5,54.8,50.9,50.4,46.8,44.1,44.1,50.5,42.9,46.0,46.0,59.0,1.183,1.250,1.100,47.294,14.738,47.289,76.000,7.426,89.162,5.545,6.483,5.442,6.286,4.975,6.489,5.844,4.606,4.233,55.860,18.422,82.451,89.166,2000.0,3000.0,5230.6,5230.6,5250.0,55.0,39.4,42.2,55.0,58.9,Ne,Ne,Ne,9.618,5.070,5.8,30,58,47,26,1.172,5.040,3.408,3.328,12.288,1.101,1.243,3.408,3.280,3.328,1.056,1.056,1.048,1.350,1.814,0.920,3.344,0.064,0.048,0.048,0.048,1.016,1.016,1275,1040,2727,51.0,57.4,46,46,22501252,1.187,1.234,605301,25,14,7371440,56,18,6789935,182.5,1.9,42.8,1.365,1.365,1.800,1.815,1.005,5.040,2.625,Ne,Ne,Ne,40.8,1.365,1.365,1.800,1.815,1.005,5.040,1.375,Ne,Ne,Ne,62,78,99.0,100.0,Ne,Ne,30664,54286,3.6,0.7,4.3,2.249,0.937,78337,221915,55.0,64.0,71.0,1.091,1182,3194.0,2238.0,100.0,98.7,23.0,2.2,2.2,21.0,10961,1397,32.0,334261,0.0,44.7,0.725,54.000,18.000,86.000,600.0,3000.0,1200.0,100.0,0.0,0.0,0.0,0.0,0.0,0.0,0.0,0.0,0,0,16.0,246,Ne,Ne,Ne,232.9,232.4,4.29,4.30,0.00,4.17,0.13,0,0,0.0,0.0,0,0,0.0,0.0,0,0,0.0,0.0,157371,4533,927.9,45.3,0,0.0,
20.5.2026,12:40:17.873,33660,9498,77.9,19657,12238,61.6,0.6,1.185,1.190,1.180,1.180,1.180,1.180,1.190,1.190,1.190,5225.0,5225.0,5225.0,5225.0,5225.0,5225.0,5225.0,5225.0,5225.0,100.0,2750.4,4767.2,3134.5,2549.9,2686.6,3210.2,3128.3,1993.6,2496.6,3687.2,3227.8,2836.1,2935.7,1751.7,2157.6,1461.8,1982.1,2750.4,49.1,78.9,57.6,45.1,48.3,59.0,57.0,34.9,43.9,68.4,58.9,52.2,53.5,30.8,37.6,25.3,34.4,78.9,49.1,56.7,89.6,66.0,52.2,56.2,68.0,66.2,40.6,51.0,78.2,68.4,60.1,62.2,35.7,43.7,29.5,40.0,56.7,52.2,52.2,52.2,52.2,52.2,52.2,52.2,52.2,52.2,0.0,73.8,91.2,72.4,80.2,66.2,86.2,75.0,62.5,57.0,26.2,8.8,27.6,19.8,33.8,13.8,25.0,37.5,43.0,0.0,0.0,0.0,0.0,0.0,0.0,0.0,0.0,0.0,3000.0,30.00,30,40,40,76,116,884,1,58.8,56.7,58.1,52.0,54.2,49.7,56.2,50.1,55.7,51.6,50.9,47.4,44.4,44.4,51.2,43.3,46.0,46.0,59.0,1.183,1.250,1.100,48.968,14.715,48.941,77.250,7.429,91.154,5.771,6.667,5.654,6.546,5.167,6.750,6.106,4.780,4.496,57.853,18.394,84.418,91.122,2000.0,3000.0,5229.8,5229.8,5250.0,56.2,40.8,42.9,56.2,59.7,Ne,Ne,Ne,9.641,5.192,5.9,31,58,47,26,1.181,5.040,3.408,3.328,12.192,1.101,1.243,3.408,3.280,3.328,1.056,1.056,1.048,1.359,1.814,0.920,3.344,0.064,0.048,0.048,0.048,1.016,1.016,1293,1052,2777,51.0,57.4,46,46,22501346,1.183,1.238,605303,59,15,7371558,34,18,6790049,182.5,1.9,42.8,1.365,1.365,1.800,1.815,1.005,5.040,1.250,Ne,Ne,Ne,40.8,1.365,1.365,1.815,1.815,1.005,5.040,1.625,Ne,Ne,Ne,62,78,99.0,100.0,Ne,Ne,30664,54286,0.2,1.1,1.4,2.041,2.633,78341,221920,55.0,64.0,70.0,1.088,1170,3188.0,2238.0,100.0,98.6,21.0,2.1,2.1,21.0,10961,1397,32.0,334261,0.0,44.7,0.725,12.000,20.000,113.000,600.0,3000.0,1200.0,100.0,0.0,0.0,0.0,0.0,0.0,0.0,0.0,0.0,0,0,16.0,246,Ne,Ne,Ne,242.9,243.9,4.12,4.10,0.00,3.99,0.12,0,0,0.0,0.0,0,0,0.0,0.0,0,0,0.0,0.0,157373,4533,1212.9,52.8,0,0.0,
20.5.2026,12:40:19.869,33656,9503,77.9,19630,12265,61.5,0.6,1.182,1.185,1.190,1.185,1.185,1.185,1.175,1.175,1.175,5225.0,5225.0,5225.0,5225.0,5225.0,5225.0,5225.0,5225.0,5225.0,100.0,2757.6,4764.0,3097.8,2456.3,2759.0,3159.1,3180.6,2015.7,2529.2,3470.6,3535.0,2812.5,2927.5,1568.7,2350.9,1383.9,2111.0,2757.6,48.6,78.1,56.8,42.5,48.2,57.7,57.7,34.7,43.3,63.7,64.7,51.4,52.7,26.6,40.6,23.1,36.1,78.1,48.6,56.6,89.1,65.5,50.0,56.7,66.9,67.3,40.8,51.0,73.6,74.8,59.5,61.8,31.5,47.7,27.6,42.5,56.6,52.2,52.2,52.2,52.2,52.2,52.2,52.2,52.2,52.2,0.0,73.8,91.1,71.5,81.4,65.7,88.4,75.2,61.1,55.6,26.2,8.9,28.5,18.6,34.3,11.6,24.8,38.9,44.4,0.0,0.0,0.0,0.0,0.0,0.0,0.0,0.0,0.0,3000.0,30.00,30,40,40,76,116,884,1,58.8,56.9,55.9,52.0,54.6,49.6,56.2,50.3,55.7,51.7,50.7,47.5,44.5,44.5,51.2,43.2,46.0,46.0,59.0,1.183,1.250,1.100,48.048,14.755,48.074,75.250,7.414,90.113,5.749,6.780,5.574,6.516,5.197,6.727,6.103,4.664,4.431,56.789,18.443,83.388,90.144,2000.0,3000.0,5230.3,5230.3,5250.0,55.6,40.1,41.8,55.6,59.9,Ne,Ne,Ne,9.965,5.009,5.9,30,58,47,26,1.190,5.040,3.408,3.328,12.192,1.101,1.243,3.408,3.280,3.328,1.056,1.056,1.048,1.359,1.814,0.912,3.344,0.064,0.048,0.048,0.048,1.016,1.016,1294,1033,2772,51.0,57.4,46,46,22501440,1.195,1.238,605305,57,14,7371672,81,18,6790160,182.5,1.9,42.8,1.365,1.365,1.815,1.800,1.005,5.040,0.750,Ne,Ne,Ne,40.8,1.365,1.365,1.815,1.800,1.005,5.040,0.875,Ne,Ne,Ne,62,78,99.0,100.0,Ne,Ne,30664,54286,4.9,0.5,5.3,9.393,1.886,78359,221924,55.0,64.0,70.0,1.092,1158,3196.0,2238.0,100.0,95.0,23.0,2.2,2.2,20.0,10961,1397,32.0,334261,0.0,44.7,0.725,17.000,18.000,116.000,600.0,3000.0,1200.0,100.0,0.0,0.0,0.0,0.0,0.0,0.0,0.0,0.0,0,0,16.0,246,Ne,Ne,Ne,219.5,220.5,4.56,4.54,0.00,4.43,0.12,0,0,0.0,0.0,0,0,0.0,0.0,0,0,0.0,0.0,157375,4534,1162.0,50.7,0,0.0,
20.5.2026,12:40:21.871,33647,9511,77.9,19653,12242,61.6,0.6,1.187,1.190,1.180,1.180,1.180,1.190,1.190,1.190,1.195,5225.0,5225.0,5225.0,5225.0,5225.0,5225.0,5225.0,5225.0,5225.0,100.0,2673.9,4804.8,3095.7,2152.8,2837.4,2931.0,3290.1,1730.1,2526.1,3025.7,3856.0,2593.1,3046.0,1263.2,2385.3,1106.2,2138.8,2673.9,47.5,80.1,57.1,37.2,51.2,53.3,60.2,29.9,44.2,55.1,71.5,46.1,55.4,21.4,41.6,18.5,37.2,80.1,47.5,55.1,90.9,65.5,43.8,59.5,61.8,69.7,35.2,51.6,64.1,81.8,53.7,64.5,25.5,48.6,22.2,43.5,55.1,52.2,52.2,52.2,52.2,52.2,52.2,52.2,52.2,52.2,0.0,72.6,91.9,69.7,78.9,64.9,86.4,74.1,60.0,54.8,27.4,8.1,30.3,21.1,35.1,13.6,25.9,40.0,45.2,0.0,0.0,0.0,0.0,0.0,0.0,0.0,0.0,0.0,3000.0,30.00,30,40,40,76,116,884,1,58.6,56.7,59.9,51.9,54.5,49.5,56.1,49.9,55.6,51.5,50.7,47.3,44.4,44.4,51.0,43.0,46.0,46.0,59.0,1.183,1.250,1.100,47.799,14.809,47.790,76.250,7.428,89.912,5.705,6.741,5.527,6.499,5.069,6.736,6.030,4.670,4.370,56.483,18.512,83.165,89.917,2000.0,3000.0,5230.3,5230.3,5250.0,55.5,39.8,42.4,55.5,59.6,Ne,Ne,Ne,10.434,5.747,5.8,31,58,47,26,1.172,5.040,3.408,3.328,12.192,1.101,1.243,3.408,3.280,3.328,1.056,1.056,1.048,1.359,1.814,0.912,3.344,0.064,0.048,0.048,0.048,1.016,1.016,1278,1057,2727,51.0,57.4,46,46,22501534,1.171,1.238,605308,74,15,7371820,72,17,6790302,182.5,1.9,42.8,1.365,1.365,1.815,1.800,1.005,5.040,1.875,Ne,Ne,Ne,40.8,1.365,1.365,1.815,1.800,1.005,5.040,1.250,Ne,Ne,Ne,62,78,99.0,100.0,Ne,Ne,30664,54286,0.2,0.1,0.3,2.906,1.670,78364,221927,55.0,64.0,71.0,1.095,1134,3205.0,2238.0,100.0,98.9,23.0,2.3,2.3,20.0,10961,1397,32.0,334261,0.0,44.7,0.725,59.000,18.000,93.000,600.0,3000.0,1200.0,100.0,0.0,0.0,0.0,0.0,0.0,0.0,0.0,0.0,0,0,16.0,246,Ne,Ne,Ne,225.6,225.4,4.43,4.43,0.00,4.31,0.13,0,0,0.0,0.0,0,0,0.0,0.0,0,0,0.0,0.0,157378,4534,1177.0,43.6,0,0.0,
20.5.2026,12:40:23.870,33598,9561,77.8,19614,12281,61.4,0.6,1.184,1.180,1.180,1.185,1.185,1.185,1.185,1.185,1.185,5225.0,5225.0,5225.0,5225.0,5225.0,5225.0,5225.0,5225.0,5225.0,100.0,2555.0,4842.6,2985.9,2151.4,2558.9,2823.8,3125.6,1737.8,2321.1,3237.1,3303.5,2611.0,2737.3,1426.4,2010.9,1251.1,1754.9,2555.0,45.3,80.4,55.2,37.7,45.7,49.9,57.1,30.2,40.7,59.6,60.7,46.9,49.4,24.7,35.1,21.3,30.5,80.4,45.3,52.4,91.1,63.1,43.9,53.2,58.0,66.1,35.3,47.4,68.7,70.0,54.3,57.6,28.8,40.9,25.1,35.6,52.4,52.2,52.2,52.2,52.2,52.2,52.2,52.2,52.2,52.2,0.0,70.1,92.6,67.0,76.7,61.9,83.9,70.8,56.8,51.1,29.8,7.4,33.0,23.3,38.1,16.1,29.2,42.9,48.6,0.1,0.0,0.0,0.0,0.0,0.0,0.0,0.3,0.3,3000.0,30.00,30,40,40,76,116,884,1,58.4,55.9,55.5,51.1,53.8,48.7,55.3,49.2,54.7,50.5,49.8,46.4,43.9,43.9,51.0,43.2,46.0,46.0,59.0,1.181,1.250,1.100,45.929,14.751,45.953,74.750,7.442,87.554,5.436,6.571,5.243,6.217,4.847,6.466,5.687,4.376,4.083,54.183,18.439,80.808,87.562,2000.0,3000.0,5231.0,5231.0,5250.0,54.1,38.3,41.5,54.1,58.9,Ne,Ne,Ne,9.978,5.117,5.6,31,58,47,26,1.181,5.040,3.408,3.328,12.192,1.101,1.243,3.408,3.280,3.328,1.072,1.056,1.048,1.350,1.814,0.912,3.344,0.064,0.048,0.048,0.048,1.016,1.016,1293,1077,2772,51.0,57.4,46,46,22501628,1.179,1.238,605310,31,15,7371882,61,18,6790365,182.5,1.9,42.8,1.365,1.365,1.815,1.800,1.005,5.040,1.875,Ne,Ne,Ne,40.8,1.365,1.365,1.815,1.800,1.005,5.110,0.625,Ne,Ne,Ne,62,78,99.0,100.0,Ne,Ne,30664,54286,0.1,0.2,0.4,0.639,2.270,78366,221931,55.0,64.0,70.0,1.088,1126,3189.0,2238.0,100.0,96.5,22.0,2.4,2.4,20.0,10961,1397,32.0,334261,0.0,44.7,0.725,42.000,18.000,75.000,600.0,3000.0,1200.0,100.0,0.0,0.0,0.0,0.0,0.0,0.0,0.0,0.0,0,0,16.0,246,Ne,Ne,Ne,212.0,214.9,4.72,4.66,0.00,4.59,0.13,0,0,0.0,0.0,0,0,0.0,0.0,0,0,0.0,0.0,157380,4534,1115.4,47.3,0,0.0,
20.5.2026,12:40:25.876,33659,9500,77.9,19659,12236,61.6,0.6,1.186,1.180,1.195,1.195,1.195,1.180,1.180,1.180,1.185,5225.0,5225.0,5225.0,5225.0,5225.0,5225.0,5225.0,5225.0,5225.0,100.0,2635.6,4820.0,3047.3,2469.9,2404.8,3093.6,3081.1,2275.3,1981.0,3455.1,3183.5,2792.0,2729.4,2199.0,1441.6,1946.0,1249.5,2635.6,47.0,81.8,56.5,43.5,42.1,56.5,56.5,40.4,34.6,63.8,58.5,49.5,49.6,38.8,25.1,33.7,21.5,81.8,47.0,54.3,92.6,64.5,50.6,49.1,65.3,65.3,46.7,40.4,73.2,67.5,57.2,57.6,44.7,29.2,39.2,25.2,54.3,52.2,52.2,52.2,52.2,52.2,52.2,52.2,52.2,52.2,0.0,71.7,92.2,68.5,78.4,64.4,84.3,72.5,59.4,53.7,28.3,7.8,31.5,21.6,35.6,15.7,27.5,40.6,46.3,0.0,0.0,0.0,0.0,0.0,0.0,0.0,0.0,0.0,3000.0,30.00,30,40,40,76,116,884,1,58.6,56.4,58.5,51.5,54.0,49.1,55.9,49.7,55.1,51.1,50.4,46.9,44.2,44.2,51.0,43.0,46.0,46.0,59.0,1.182,1.250,1.100,47.655,14.823,47.626,77.250,7.449,89.704,5.586,6.591,5.363,6.452,5.014,6.553,5.881,4.590,4.249,56.247,18.529,82.969,89.674,2000.0,3000.0,5230.2,5230.2,5250.0,55.4,39.7,42.9,55.4,59.4,Ne,Ne,Ne,9.978,5.397,5.7,30,58,47,26,1.190,5.040,3.408,3.328,12.192,1.101,1.243,3.408,3.280,3.328,1.056,1.056,1.048,1.350,1.814,0.912,3.344,0.064,0.048,0.048,0.048,1.016,1.016,1293,1084,2772,51.0,57.4,46,46,22501722,1.175,1.238,605312,49,15,7371968,20,17,6790450,182.5,1.9,42.8,1.350,1.365,1.815,1.800,1.005,5.110,1.250,Ne,Ne,Ne,40.8,1.365,1.365,1.815,1.800,1.005,5.110,0.750,Ne,Ne,Ne,62,78,99.0,100.0,Ne,Ne,30664,54286,0.1,0.1,0.2,0.572,1.484,78367,221934,55.0,64.0,71.0,1.089,1120,3194.0,2238.0,100.0,98.9,22.0,2.6,2.6,20.0,10961,1397,32.0,334261,0.0,44.7,0.725,27.000,18.000,61.000,600.0,3000.0,1200.0,100.0,0.0,0.0,0.0,0.0,0.0,0.0,0.0,0.0,0,0,16.0,246,Ne,Ne,Ne,232.5,232.2,4.30,4.30,0.00,4.18,0.12,0,0,0.0,0.0,0,0,0.0,0.0,0,0,0.0,0.0,157382,4534,1257.8,46.1,0,0.0,
20.5.2026,12:40:27.870,33684,9475,78.0,19658,12237,61.6,0.6,1.188,1.185,1.180,1.190,1.190,1.190,1.190,1.190,1.190,5225.0,5225.0,5225.0,5225.0,5225.0,5225.0,5225.0,5225.0,5225.0,100.0,2937.7,4776.4,3293.9,2889.5,2691.5,3396.9,3375.3,2679.0,2368.3,3627.8,3545.7,3056.2,3031.4,2586.5,1755.2,2587.3,1341.9,2937.7,51.8,78.7,60.4,51.3,46.9,61.6,61.2,47.1,40.6,66.6,64.9,55.3,54.6,45.0,29.7,43.9,21.7,78.7,51.8,60.6,90.0,69.7,60.2,55.3,71.9,71.5,55.3,48.1,77.0,75.2,64.4,63.9,52.7,35.4,52.0,26.6,60.6,52.2,52.2,52.2,52.2,52.2,52.2,52.2,52.2,52.2,0.0,77.3,91.3,74.7,83.9,72.6,88.5,78.3,67.3,61.7,22.7,8.7,25.3,16.1,27.4,11.5,21.7,32.7,38.3,0.0,0.0,0.0,0.0,0.0,0.0,0.0,0.0,0.0,3000.0,30.00,30,40,40,76,116,884,1,59.5,57.7,59.4,53.0,55.2,50.6,57.2,51.4,56.4,52.7,52.0,48.5,44.9,44.9,51.2,43.4,46.0,46.0,59.0,1.183,1.250,1.100,52.072,14.990,52.094,77.750,7.479,95.363,6.045,6.904,5.897,6.805,5.567,6.870,6.375,5.148,4.796,61.561,18.737,88.525,95.381,2000.0,3000.0,5229.0,5229.0,5250.0,58.9,43.4,43.2,58.9,60.7,Ne,Ne,Ne,11.237,6.106,6.2,30,59,48,26,1.181,5.040,3.392,3.328,12.192,1.101,1.234,3.408,3.280,3.328,1.056,1.056,1.048,1.359,1.814,0.912,3.344,0.064,0.048,0.048,0.048,1.016,1.016,1294,1048,2749,51.0,57.4,46,46,22501818,1.183,1.238,605315,54,14,7372066,97,18,6790546,182.5,1.9,42.8,1.365,1.365,1.815,1.800,1.005,5.110,1.000,Ne,Ne,Ne,41.0,1.365,1.365,1.815,1.800,1.005,5.110,1.250,Ne,Ne,Ne,62,78,99.0,100.0,Ne,Ne,30664,54286,0.2,0.1,0.3,0.772,1.208,78368,221936,55.0,64.0,72.0,1.085,1118,3183.0,2238.0,100.0,98.6,22.0,2.2,2.2,20.0,10961,1397,32.0,334261,0.0,44.8,0.725,4.000,18.000,102.000,600.0,3000.0,1200.0,100.0,0.0,0.0,0.0,0.0,0.0,0.0,0.0,0.0,0,0,16.0,246,Ne,Ne,Ne,231.8,231.4,4.31,4.32,0.00,4.19,0.13,0,0,0.0,0.0,0,0,0.0,0.0,0,0,0.0,0.0,157384,4534,1004.1,47.4,0,0.0,
20.5.2026,12:40:29.875,33594,9564,77.8,19600,12295,61.4,0.6,1.169,1.175,1.165,1.165,1.165,1.165,1.165,1.165,1.185,5225.0,5225.0,5225.0,5225.0,5225.0,5225.0,5225.0,5225.0,5225.0,100.0,2615.7,4749.2,2945.5,2628.2,2263.1,3102.5,2858.0,2359.5,1854.7,3150.9,3506.0,2813.3,2591.4,2324.4,1220.5,2366.9,1117.6,2615.7,46.4,78.4,54.2,46.4,39.7,56.5,51.8,41.5,32.0,57.7,64.8,51.3,46.4,40.6,21.0,41.4,19.2,78.4,46.4,53.8,88.9,62.2,54.0,46.4,65.6,60.3,48.3,37.5,66.6,74.3,59.4,54.1,47.2,24.6,48.1,22.6,53.8,52.2,52.2,52.2,52.2,52.2,52.2,52.2,52.2,52.2,0.0,71.3,90.8,68.0,75.8,62.7,86.1,71.1,57.7,58.2,27.6,9.2,31.7,24.2,34.8,13.9,28.9,39.5,39.0,1.1,0.0,0.3,0.0,2.5,0.0,0.0,2.8,2.8,3000.0,30.00,30,40,40,76,116,884,1,58.8,56.0,56.8,51.2,53.8,48.8,55.2,49.2,54.8,50.8,50.2,47.3,44.2,44.2,51.0,43.1,46.0,46.0,59.0,1.183,1.250,1.100,46.822,14.867,46.832,76.000,7.455,88.858,5.464,6.503,5.281,6.145,4.793,6.449,5.748,4.437,4.356,55.340,18.584,82.124,88.928,2000.0,3000.0,5230.6,5230.6,5250.0,54.9,39.0,42.2,54.9,58.9,Ne,Ne,Ne,10.581,5.558,5.7,30,58,47,26,1.172,5.040,3.408,3.328,12.192,1.101,1.243,3.408,3.280,3.328,1.056,1.056,1.048,1.350,1.814,0.920,3.344,0.064,0.048,0.048,0.048,1.016,1.016,1322,1094,2749,51.0,57.4,46,46,22501914,1.171,1.238,605317,44,14,7372174,88,18,6790651,182.5,1.9,42.8,1.365,1.365,1.800,1.800,1.005,5.110,0.750,Ne,Ne,Ne,41.0,1.365,1.365,1.815,1.800,1.005,5.110,0.875,Ne,Ne,Ne,62,78,99.0,100.0,Ne,Ne,30664,54286,1.1,0.5,1.6,1.173,1.515,78370,221939,55.0,64.0,71.0,1.083,1117,3175.0,2238.0,100.0,95.2,19.0,2.3,2.3,20.0,10961,1397,32.0,334261,0.0,44.8,0.725,5.000,18.000,104.000,600.0,3000.0,1200.0,100.0,0.0,0.0,0.0,0.0,0.0,0.0,0.0,0.0,0,0,16.0,246,Ne,Ne,Ne,240.3,240.1,4.16,4.16,0.00,4.03,0.13,0,0,0.0,0.0,0,0,0.0,0.0,0,0,0.0,0.0,157385,4534,567.3,39.9,0,0.0,
20.5.2026,12:40:31.868,33674,9484,78.0,19617,12278,61.5,0.6,1.183,1.170,1.185,1.185,1.185,1.185,1.185,1.185,1.185,5225.0,5225.0,5225.0,5225.0,5225.0,5225.0,5225.0,5225.0,5225.0,100.0,2567.0,4757.6,2840.1,2593.9,2239.9,3000.4,2968.0,2234.4,1873.3,3570.0,3044.0,2758.6,2646.3,2209.6,1285.1,2021.1,1029.2,2567.0,45.2,80.1,52.0,45.3,38.5,54.8,54.1,38.7,32.0,65.5,55.1,48.7,46.3,38.2,21.7,34.4,17.1,80.1,45.2,52.5,90.7,59.9,52.7,45.3,63.6,62.9,45.2,37.7,75.7,64.4,56.5,54.4,44.5,25.7,40.3,20.5,52.5,52.2,52.2,52.2,52.2,52.2,52.2,52.2,52.2,52.2,0.0,70.2,91.0,68.1,77.1,62.0,83.4,71.7,56.8,51.3,29.8,9.0,31.9,22.9,38.0,16.6,28.3,43.2,48.7,0.0,0.0,0.0,0.0,0.0,0.0,0.0,0.0,0.0,3000.0,30.00,30,40,40,76,116,884,1,58.2,55.5,57.6,50.7,53.5,48.4,54.6,48.8,54.4,50.1,49.6,46.1,43.7,43.7,50.8,43.1,46.0,46.0,59.0,1.182,1.250,1.100,46.321,14.745,46.312,78.500,7.436,87.958,5.384,6.493,5.217,6.046,4.776,6.503,5.658,4.347,4.033,54.658,18.432,81.270,87.929,2000.0,3000.0,5230.9,5230.9,5250.0,54.3,38.6,43.6,54.3,58.5,Ne,Ne,Ne,8.872,4.552,5.6,30,58,47,26,1.190,5.040,3.408,3.328,12.192,1.101,1.243,3.408,3.280,3.328,1.056,1.056,1.048,1.359,1.814,0.920,3.344,0.064,0.048,0.048,0.048,1.016,1.016,1279,1053,2749,51.0,57.4,46,46,22502008,1.175,1.238,605320,35,14,7372262,77,19,6790738,182.5,1.9,42.8,1.365,1.365,1.815,1.800,1.005,5.110,1.375,Ne,Ne,Ne,41.0,1.365,1.365,1.815,1.800,1.005,5.110,1.250,Ne,Ne,Ne,62,78,99.0,100.0,Ne,Ne,30664,54286,0.3,0.7,1.0,2.082,1.293,78374,221942,56.0,64.0,72.0,1.089,1119,3192.0,2238.0,100.0,98.9,21.0,2.4,2.4,20.0,10961,1397,32.0,334261,0.0,44.7,0.725,59.000,18.000,92.000,600.0,3000.0,1200.0,100.0,0.0,0.0,0.0,0.0,0.0,0.0,0.0,0.0,0,0,16.0,246,Ne,Ne,Ne,218.2,217.9,4.58,4.59,0.00,4.46,0.13,0,0,0.0,0.0,0,0,0.0,0.0,0,0,0.0,0.0,157386,4534,437.1,34.9,0,0.0,
20.5.2026,12:40:33.870,33634,9525,77.9,19589,12305,61.4,0.6,1.186,1.180,1.180,1.180,1.190,1.190,1.190,1.190,1.190,5225.0,5225.0,5225.0,5225.0,5225.0,5225.0,5225.0,5225.0,5225.0,100.0,2430.4,4787.1,2733.4,2270.8,2239.9,2786.6,2765.6,1782.1,1980.4,3573.3,2884.3,2465.7,2599.1,1638.8,1563.6,1483.9,1331.8,2430.4,43.4,81.0,50.4,40.7,39.5,51.1,50.4,31.5,34.9,66.5,52.8,45.0,45.4,29.0,27.5,25.8,23.3,81.0,43.4,49.8,91.4,57.5,46.7,45.6,58.7,58.3,36.2,40.2,75.7,61.0,51.8,52.8,33.2,31.6,29.8,26.8,49.8,52.2,52.2,52.2,52.2,52.2,52.2,52.2,52.2,52.2,0.0,67.4,91.5,64.6,72.3,58.2,83.7,67.6,53.1,48.1,32.0,8.5,35.4,27.7,40.3,16.3,32.4,45.1,50.0,0.6,0.0,0.0,0.0,1.5,0.0,0.0,1.8,1.8,3000.0,30.00,30,40,40,76,116,884,1,57.9,55.1,55.5,50.1,52.9,47.8,54.2,48.1,54.0,49.4,49.0,45.5,43.5,43.5,50.8,43.0,46.0,46.0,59.0,1.181,1.250,1.100,44.387,14.730,44.393,78.500,7.428,85.653,5.204,6.345,5.025,5.924,4.550,6.349,5.437,4.151,3.848,52.372,18.412,78.955,85.663,2000.0,3000.0,5231.6,5231.6,5250.0,52.9,37.0,43.6,52.9,58.0,Ne,Ne,Ne,9.154,4.902,5.4,30,57,47,26,1.172,5.040,3.408,3.328,12.192,1.101,1.243,3.408,3.280,3.328,1.056,1.056,1.048,1.350,1.814,0.920,3.344,0.064,0.048,0.048,0.048,1.016,1.016,1294,1035,2772,51.0,57.4,46,46,22502102,1.187,1.238,605322,40,14,7372332,21,17,6790808,182.5,1.9,42.8,1.365,1.365,1.815,1.800,1.005,5.110,1.375,Ne,Ne,Ne,41.0,1.365,1.365,1.815,1.800,0.990,5.110,1.000,Ne,Ne,Ne,62,78,99.0,100.0,Ne,Ne,30664,54286,3.2,0.5,3.7,1.087,0.711,78376,221943,56.0,64.0,73.0,1.084,1119,3180.0,2238.0,100.0,96.7,20.0,2.2,2.2,20.0,10961,1397,32.0,334261,0.0,44.7,0.725,14.000,18.000,87.000,600.0,3000.0,1200.0,100.0,0.0,0.0,0.0,0.0,0.0,0.0,0.0,0.0,0,0,16.0,246,Ne,Ne,Ne,188.4,189.3,5.31,5.29,0.00,5.19,0.12,0,0,0.0,0.0,0,0,0.0,0.0,0,0,0.0,0.0,157387,4534,396.2,32.6,0,0.0,
20.5.2026,12:40:35.872,33589,9570,77.8,19587,12308,61.4,0.6,1.170,1.170,1.170,1.170,1.170,1.170,1.170,1.170,1.170,5225.0,5225.0,5225.0,5225.0,5225.0,5225.0,5225.0,5225.0,5225.0,100.0,2641.6,4735.5,2955.3,2087.2,2751.1,2719.8,3359.2,1628.1,2524.8,3046.8,3680.9,2471.6,3043.9,1419.1,2404.7,1231.0,2206.5,2641.6,46.5,79.6,53.8,36.1,48.6,48.0,61.1,27.8,43.9,55.3,67.8,43.2,55.1,23.8,41.8,20.4,38.2,79.6,46.5,54.3,90.4,62.2,42.6,56.8,56.3,71.0,33.1,51.4,64.5,78.1,50.6,64.4,28.7,49.0,24.8,44.9,54.3,52.2,52.2,52.2,52.2,52.2,52.2,52.2,52.2,52.2,0.0,71.8,90.5,67.8,77.2,62.9,85.0,72.4,61.7,56.5,28.2,9.5,32.2,22.8,37.1,15.0,27.6,38.3,43.5,0.0,0.0,0.0,0.0,0.0,0.0,0.0,0.0,0.0,3000.0,30.00,30,40,40,76,116,884,1,57.8,55.6,61.6,51.0,53.5,48.6,55.0,49.0,54.8,50.5,49.9,46.6,43.7,43.7,50.2,42.8,46.0,46.0,59.0,1.182,1.250,1.100,47.344,14.774,47.334,78.750,7.442,89.253,5.542,6.531,5.338,6.259,4.883,6.603,5.809,4.596,4.316,55.884,18.468,82.538,89.263,2000.0,3000.0,5230.5,5230.5,5250.0,55.1,39.4,43.8,55.1,58.5,Ne,Ne,Ne,9.742,5.290,5.7,30,57,46,26,1.172,5.040,3.408,3.328,12.192,1.101,1.234,3.408,3.280,3.328,1.056,1.056,1.048,1.359,1.814,0.920,3.344,0.064,0.048,0.048,0.048,1.016,1.016,1271,1018,2694,51.0,57.4,46,46,22502194,1.175,1.234,605324,56,15,7372412,77,20,6790887,182.5,1.9,42.8,1.365,1.365,1.815,1.800,0.990,5.040,1.500,Ne,Ne,Ne,41.0,1.365,1.365,1.815,1.800,0.990,5.040,1.625,Ne,Ne,Ne,62,78,99.0,100.0,Ne,Ne,30664,54286,1.6,0.3,1.9,2.605,0.437,78381,221944,56.0,65.0,74.0,1.083,1136,3175.0,2238.0,100.0,98.8,21.0,2.4,2.4,21.0,10961,1397,32.0,334261,0.0,44.7,0.725,7.000,18.000,106.000,600.0,3000.0,1200.0,100.0,0.0,0.0,0.0,0.0,0.0,0.0,0.0,0.0,0,0,16.0,246,Ne,Ne,Ne,233.0,232.7,4.29,4.29,0.00,4.17,0.12,0,0,0.0,0.0,0,0,0.0,0.0,0,0,0.0,0.0,157388,4534,361.5,39.7,0,0.0,
20.5.2026,12:40:37.869,33543,9616,77.7,19552,12343,61.3,0.6,1.184,1.170,1.180,1.180,1.180,1.195,1.195,1.185,1.185,5082.1,5225.0,5225.0,5225.0,5225.0,5225.0,5225.0,4653.5,4653.5,100.0,2698.0,4782.2,3114.4,2189.5,2879.0,2734.0,3427.4,1701.7,2714.5,2936.4,3873.0,2529.4,3084.1,1340.8,2440.5,1106.5,2315.0,2698.0,48.2,79.4,57.6,38.5,52.7,50.0,62.8,29.3,49.0,53.5,71.7,44.9,56.1,23.3,43.0,18.6,40.7,79.4,48.2,55.6,90.0,65.9,44.7,61.0,57.9,72.6,34.3,56.8,62.1,82.2,52.0,65.3,27.0,49.6,21.9,47.0,55.7,50.8,52.2,52.2,52.2,52.2,52.2,52.2,46.5,46.5,0.0,72.5,91.4,69.9,78.0,65.1,85.8,73.1,60.7,56.3,27.5,8.6,30.1,22.0,34.9,14.2,26.9,39.3,43.7,0.0,0.0,0.0,0.0,0.0,0.0,0.0,0.0,0.0,3000.0,30.00,30,40,40,76,116,884,1,58.9,57.3,59.0,52.0,55.0,49.6,56.3,50.0,56.1,51.3,50.9,47.2,44.4,44.4,51.0,43.2,46.0,46.0,59.0,1.183,1.250,1.100,48.902,14.791,48.902,79.250,7.448,91.194,5.744,6.834,5.576,6.491,5.141,6.835,5.947,4.717,4.413,57.764,18.489,84.446,91.164,2000.0,3000.0,5229.6,5229.6,5250.0,56.3,40.8,44.0,56.3,60.3,Ne,Ne,Ne,9.770,5.086,5.8,30,58,47,26,1.181,5.040,3.408,3.328,12.288,1.101,1.243,3.408,3.280,3.328,1.056,1.056,1.048,1.359,1.814,0.920,3.328,0.064,0.056,0.048,0.048,1.016,1.016,1265,1048,2743,51.0,57.4,46,46,22502288,1.175,1.238,605327,19,14,7372524,82,18,6790996,182.5,1.9,42.8,1.350,1.365,1.815,1.800,0.990,5.040,2.250,Ne,Ne,Ne,41.0,1.350,1.365,1.815,1.800,0.990,5.040,1.750,Ne,Ne,Ne,62,78,99.0,100.0,Ne,Ne,30664,54286,2.6,0.3,2.9,2.227,1.278,78386,221946,56.0,66.0,73.0,1.084,1184,3178.0,2238.0,100.0,98.7,23.0,2.3,2.3,23.0,10961,1397,32.0,334261,0.0,44.7,0.725,12.000,18.000,110.000,600.0,3000.0,1200.0,100.0,0.0,0.0,0.0,0.0,0.0,0.0,0.0,0.0,0,0,16.0,246,Ne,Ne,Ne,225.9,225.6,4.43,4.43,0.00,4.31,0.12,0,0,0.0,0.0,0,0,0.0,0.0,0,0,0.0,0.0,157389,4534,661.7,41.3,0,0.0,
20.5.2026,12:40:39.869,33638,9521,77.9,19623,12272,61.5,0.6,1.191,1.180,1.195,1.195,1.195,1.195,1.195,1.195,1.175,5225.0,5225.0,5225.0,5225.0,5225.0,5225.0,5225.0,5225.0,5225.0,100.0,2663.5,4813.2,2924.9,2154.9,2831.0,2871.2,3195.6,1762.7,2624.1,3332.9,3394.8,2600.0,3069.0,1373.3,2361.0,1138.0,2169.4,2663.5,47.3,82.6,53.1,37.3,50.8,51.9,58.0,30.1,46.7,61.4,62.4,46.0,55.7,23.1,41.4,18.7,37.4,82.6,47.3,54.9,93.5,61.4,43.8,58.9,60.2,67.2,35.7,54.3,70.7,72.0,53.8,64.9,27.6,48.2,22.7,43.8,54.9,52.2,52.2,52.2,52.2,52.2,52.2,52.2,52.2,52.2,0.0,71.6,92.0,68.5,76.5,64.5,84.8,73.1,59.7,54.2,27.8,8.0,31.5,23.5,34.3,15.2,26.9,38.9,43.8,0.6,0.0,0.0,0.0,1.3,0.0,0.0,1.5,2.0,3000.0,30.00,30,40,40,76,116,884,1,58.9,56.8,58.1,51.6,54.8,49.2,55.8,49.5,55.6,50.9,50.3,46.9,44.2,44.2,51.5,43.3,46.0,46.0,59.0,1.182,1.250,1.100,47.763,14.758,47.761,79.500,7.427,89.707,5.602,6.780,5.430,6.281,4.935,6.696,5.814,4.577,4.299,56.396,18.448,83.013,89.724,2000.0,3000.0,5230.2,5230.2,5250.0,55.4,39.8,44.2,55.4,59.7,Ne,Ne,Ne,9.773,4.930,5.7,30,59,48,26,1.172,5.040,3.408,3.328,12.192,1.101,1.243,3.392,3.280,3.328,1.056,1.056,1.048,1.350,1.814,0.920,3.344,0.064,0.048,0.048,0.048,1.016,1.016,1274,1038,2721,51.0,57.4,46,46,22502382,1.171,1.238,605329,33,14,7372562,59,19,6791036,182.5,1.9,42.8,1.350,1.365,1.815,1.800,0.990,5.040,1.375,Ne,Ne,Ne,41.0,1.350,1.365,1.815,1.800,0.990,5.040,0.875,Ne,Ne,Ne,62,78,99.0,100.0,Ne,Ne,30664,54286,0.3,0.3,0.6,2.810,2.430,78391,221951,56.0,66.0,72.0,1.091,1233,3194.0,2238.0,100.0,96.2,22.0,2.1,2.1,24.0,10961,1397,32.0,334261,0.0,44.8,0.725,18.000,18.000,117.000,600.0,3000.0,1200.0,100.0,0.0,0.0,0.0,0.0,0.0,0.0,0.0,0.0,0,0,16.0,246,Ne,Ne,Ne,237.2,236.6,4.22,4.22,0.00,4.09,0.12,0,0,0.0,0.0,0,0,0.0,0.0,0,0,0.0,0.0,157392,4534,1523.5,65.2,0,0.0,
20.5.2026,12:40:41.869,33600,9558,77.8,19587,12307,61.4,0.6,1.181,1.190,1.180,1.180,1.180,1.180,1.180,1.180,1.180,5225.0,5225.0,5225.0,5225.0,5225.0,5225.0,5225.0,5225.0,5225.0,100.0,2791.4,4827.9,3208.2,2536.5,2701.1,3188.7,3122.2,2236.1,2422.4,3862.5,3138.3,2982.5,2904.9,2033.9,1939.2,1770.7,1787.8,2791.4,49.8,80.4,59.4,44.6,48.4,58.6,57.2,39.2,42.9,71.8,57.5,54.5,52.7,35.1,33.6,30.1,31.0,80.4,49.8,57.5,91.2,67.9,51.7,56.0,67.6,66.1,45.6,49.7,81.9,66.5,63.1,61.1,40.9,39.1,35.3,36.0,57.5,52.2,52.2,52.2,52.2,52.2,52.2,52.2,52.2,52.2,0.0,74.5,92.3,72.1,79.8,68.2,87.2,76.7,62.5,57.4,25.5,7.7,27.9,20.2,31.8,12.8,23.3,37.5,42.6,0.0,0.0,0.0,0.0,0.0,0.0,0.0,0.0,0.0,3000.0,30.00,30,40,40,76,116,884,1,59.1,57.7,58.5,52.8,55.5,50.4,57.0,50.9,56.7,52.3,51.5,47.9,44.9,44.9,50.8,42.9,46.0,46.0,59.0,1.182,1.250,1.100,50.109,14.884,50.101,78.500,7.441,92.722,5.876,6.907,5.714,6.630,5.301,6.921,6.172,4.843,4.522,59.194,18.605,85.984,92.709,2000.0,3000.0,5229.1,5229.1,5250.0,57.2,41.8,43.6,57.2,60.7,Ne,Ne,Ne,10.515,5.224,6.0,30,59,48,26,1.181,5.040,3.408,3.328,12.192,1.101,1.243,3.408,3.280,3.328,1.056,1.056,1.048,1.350,1.814,0.920,3.344,0.064,0.048,0.048,0.048,1.016,1.016,1301,1086,2700,51.0,57.4,46,46,22502478,1.187,1.238,605331,35,14,7372628,15,18,6791103,182.5,1.9,43.0,1.350,1.365,1.800,1.800,0.990,5.040,0.750,Ne,Ne,Ne,41.0,1.350,1.365,1.815,1.800,0.990,5.040,0.625,Ne,Ne,Ne,62,78,99.0,100.0,Ne,Ne,30664,54286,0.2,0.6,0.8,2.467,2.220,78396,221955,56.0,66.0,72.0,1.090,1255,3191.0,2238.0,100.0,98.6,22.0,2.3,2.3,24.0,10961,1397,32.0,334261,0.0,44.9,0.725,23.000,19.000,124.000,600.0,3000.0,1200.0,100.0,0.0,0.0,0.0,0.0,0.0,0.0,0.0,0.0,0,0,16.0,246,Ne,Ne,Ne,229.9,229.6,4.35,4.36,0.00,4.23,0.12,0,0,0.0,0.0,0,0,0.0,0.0,0,0,0.0,0.0,157395,4535,1395.0,48.6,0,0.1,
20.5.2026,12:40:43.869,33567,9591,77.7,19572,12323,61.3,0.6,1.172,1.190,1.170,1.170,1.170,1.170,1.170,1.170,1.170,5225.0,5225.0,5225.0,5225.0,5225.0,5225.0,5225.0,5225.0,5225.0,100.0,2634.3,4748.8,3001.0,2586.4,2278.0,3159.9,2908.2,2347.9,1879.2,3328.4,3511.6,2870.6,2690.8,2427.6,1187.2,2254.6,968.9,2634.3,46.8,80.0,55.2,45.3,39.9,57.5,52.9,40.9,32.6,61.2,65.0,52.3,48.0,42.5,20.2,39.0,16.1,80.0,46.8,54.3,90.9,63.5,53.0,46.7,66.7,61.4,47.9,38.4,70.5,74.5,60.9,55.9,49.7,24.2,45.8,19.6,54.3,52.2,52.2,52.2,52.2,52.2,52.2,52.2,52.2,52.2,0.0,71.6,90.8,67.8,77.0,64.0,86.7,72.7,59.3,54.4,28.1,9.2,32.2,23.0,35.7,13.3,27.3,39.5,44.3,0.3,0.0,0.0,0.0,0.4,0.0,0.0,1.1,1.2,3000.0,30.00,30,40,40,76,116,884,1,59.1,57.1,55.9,52.0,54.8,49.4,56.2,50.0,56.0,51.5,50.7,47.2,44.4,44.4,51.5,43.2,46.0,46.0,59.0,1.182,1.250,1.100,48.684,14.811,48.705,80.750,7.434,90.899,5.642,6.740,5.394,6.406,5.003,6.787,5.957,4.584,4.262,57.491,18.514,84.183,90.936,2000.0,3000.0,5229.9,5229.9,5250.0,56.1,40.6,44.9,56.1,60.1,Ne,Ne,Ne,10.190,5.127,5.7,30,59,48,26,1.172,5.040,3.392,3.328,12.192,1.101,1.243,3.408,3.280,3.328,1.056,1.056,1.048,1.350,1.814,0.920,3.344,0.064,0.056,0.048,0.048,1.016,1.016,1319,1068,2749,51.0,57.4,46,46,22502574,1.187,1.238,605334,41,15,7372698,82,20,6791173,182.5,1.9,43.0,1.350,1.365,1.815,1.800,0.990,5.040,0.625,Ne,Ne,Ne,41.0,1.350,1.365,1.815,1.800,0.990,5.040,0.875,Ne,Ne,Ne,62,78,99.0,100.0,Ne,Ne,30664,54286,0.5,0.5,1.0,2.556,2.266,78401,221960,56.0,66.0,72.0,1.089,1263,3186.0,2238.0,100.0,97.0,22.0,2.1,2.1,24.0,10961,1397,32.0,334261,0.0,44.8,0.725,7.000,18.000,107.000,600.0,3000.0,1200.0,100.0,0.0,0.0,0.0,0.0,0.0,0.0,0.0,0.0,0,0,16.0,246,Ne,Ne,Ne,214.4,215.4,4.67,4.65,0.00,4.54,0.12,0,0,0.0,0.0,0,0,0.0,0.0,0,0,0.0,0.0,157397,4535,1395.3,49.8,0,0.0,
20.5.2026,12:40:45.875,33627,9532,77.9,19612,12283,61.4,0.6,1.179,1.190,1.190,1.190,1.175,1.175,1.170,1.170,1.170,5225.0,5225.0,5225.0,5225.0,5225.0,5225.0,5225.0,5225.0,5225.0,100.0,2555.4,4737.5,2885.8,2614.9,2148.9,2949.1,2889.0,2266.1,1781.6,3094.2,3493.0,2815.7,2639.4,2387.6,1090.3,2161.9,931.5,2555.4,45.7,80.1,53.4,46.7,37.9,53.5,53.2,40.0,31.2,57.0,65.2,50.4,47.0,41.8,19.5,37.3,16.5,80.1,45.7,52.6,90.8,60.9,54.2,44.0,62.3,61.0,46.2,36.3,65.5,74.1,58.6,54.6,48.5,22.1,43.6,18.8,52.6,52.2,52.2,52.2,52.2,52.2,52.2,52.2,52.2,52.2,0.0,70.1,90.6,67.6,74.5,61.9,84.4,72.0,57.3,52.3,29.9,9.4,32.4,25.5,38.1,15.6,28.0,42.7,47.7,0.0,0.0,0.0,0.0,0.0,0.0,0.0,0.0,0.0,3000.0,30.00,30,40,40,76,116,884,1,58.5,56.1,54.6,51.3,54.2,48.8,55.4,49.3,55.1,50.8,50.1,46.6,44.0,44.0,51.0,43.1,46.0,46.0,59.0,1.182,1.250,1.100,47.247,14.761,47.234,79.500,7.429,89.117,5.477,6.590,5.253,6.220,4.832,6.544,5.797,4.453,4.128,55.785,18.451,82.408,89.118,2000.0,3000.0,5230.4,5230.4,5250.0,55.0,39.4,44.2,55.0,59.0,Ne,Ne,Ne,9.741,5.134,5.6,30,58,47,26,1.163,5.040,3.408,3.328,12.192,1.101,1.234,3.408,3.280,3.328,1.056,1.056,1.048,1.350,1.814,0.920,3.344,0.064,0.048,0.048,0.048,1.016,1.016,1320,1060,2749,51.0,57.4,46,46,22502670,1.195,1.234,605336,45,15,7372780,14,18,6791255,182.5,1.9,43.0,1.350,1.365,1.815,1.800,0.990,5.040,1.000,Ne,Ne,Ne,41.0,1.350,1.365,1.815,1.800,0.990,5.040,0.875,Ne,Ne,Ne,62,78,99.0,100.0,Ne,Ne,30664,54286,0.5,0.4,0.9,2.636,1.744,78406,221963,56.0,66.0,71.0,1.087,1266,3182.0,2238.0,99.0,98.8,20.0,2.2,2.2,24.0,10961,1397,32.0,334261,0.0,44.8,0.725,38.000,17.000,71.000,600.0,3000.0,1200.0,100.0,0.0,0.0,0.0,0.0,0.0,0.0,0.0,0.0,0,0,16.0,246,Ne,Ne,Ne,233.5,233.8,4.28,4.28,0.00,4.16,0.12,0,0,0.0,0.0,0,0,0.0,0.0,0,0,0.0,0.0,157400,4535,1522.5,48.4,0,0.0,
20.5.2026,12:40:47.869,33565,9594,77.7,19565,12330,61.3,0.6,1.179,1.175,1.180,1.180,1.180,1.180,1.180,1.180,1.180,5225.0,5225.0,5225.0,5225.0,5225.0,5225.0,5225.0,5225.0,5225.0,100.0,2709.2,4806.8,3107.0,2737.8,2374.8,3036.7,3007.7,2378.3,2142.8,3504.2,3260.7,2877.6,2843.8,2418.4,1485.6,2224.9,1140.2,2709.2,47.8,78.7,57.0,48.6,41.8,55.3,54.5,40.4,37.3,64.2,59.6,51.5,51.6,42.1,25.3,38.1,18.9,78.7,47.8,55.6,89.8,65.7,56.4,48.5,64.3,63.7,48.0,43.5,74.3,69.1,59.9,59.8,49.0,30.1,44.7,22.8,55.6,52.2,52.2,52.2,52.2,52.2,52.2,52.2,52.2,52.2,0.0,73.0,91.9,70.8,78.2,66.1,87.0,74.8,61.2,54.2,27.0,8.1,29.2,21.8,33.9,13.0,25.2,38.8,45.8,0.0,0.0,0.0,0.0,0.0,0.0,0.0,0.0,0.0,3000.0,30.00,30,40,40,76,116,884,1,58.6,56.7,59.0,51.9,54.7,49.5,55.9,50.0,55.6,51.5,50.7,47.1,44.3,44.3,50.8,43.2,46.0,46.0,59.0,1.183,1.250,1.100,49.678,14.804,49.685,80.250,7.457,92.106,5.693,6.813,5.508,6.386,5.098,6.698,6.024,4.711,4.307,58.690,18.505,85.398,92.134,2000.0,3000.0,5229.9,5229.9,5250.0,56.9,41.4,44.6,56.9,59.7,Ne,Ne,Ne,9.707,5.107,5.8,30,58,47,26,1.172,5.040,3.408,3.344,12.288,1.101,1.243,3.408,3.280,3.328,1.056,1.056,1.048,1.359,1.814,0.920,3.344,0.064,0.048,0.048,0.048,1.016,1.016,1298,1057,2721,51.0,57.4,46,46,22502764,1.175,1.238,605338,69,14,7372870,18,17,6791343,182.5,1.9,43.0,1.350,1.365,1.815,1.800,0.990,5.040,0.875,Ne,Ne,Ne,41.0,1.350,1.365,1.815,1.800,0.990,5.040,0.750,Ne,Ne,Ne,62,78,99.0,100.0,Ne,Ne,30664,54286,3.1,0.4,3.6,5.535,2.980,78416,221969,56.0,66.0,73.0,1.083,1269,3174.0,2238.0,100.0,98.7,21.0,2.3,2.3,24.0,10961,1397,32.0,334261,0.0,44.8,0.725,52.000,21.000,88.000,600.0,3000.0,1200.0,100.0,0.0,0.0,0.0,0.0,0.0,0.0,0.0,0.0,0,0,16.0,246,Ne,Ne,Ne,212.0,211.6,4.72,4.73,0.00,4.58,0.13,0,0,0.0,0.0,0,0,0.0,0.0,0,0,0.0,0.0,157403,4535,1216.1,57.8,0,0.0,
20.5.2026,12:40:49.868,33627,9532,77.9,19577,12318,61.3,0.6,1.182,1.175,1.175,1.190,1.190,1.190,1.180,1.180,1.180,5225.0,5225.0,5225.0,5225.0,5225.0,5225.0,5225.0,5225.0,5225.0,100.0,2609.8,4767.1,2949.8,2422.0,2387.0,2870.0,3043.9,2081.8,2218.9,3394.5,3433.7,2509.7,2830.5,2015.4,1626.2,1882.8,1323.8,2609.8,46.1,80.0,54.1,41.8,41.8,51.8,55.4,35.3,39.1,62.3,63.1,44.9,51.1,34.4,27.9,31.7,22.2,80.0,46.1,53.6,90.8,62.2,49.1,48.8,60.4,64.3,41.9,45.7,72.0,72.8,52.6,59.6,40.6,32.9,37.6,26.6,53.6,52.2,52.2,52.2,52.2,52.2,52.2,52.2,52.2,52.2,0.0,70.6,91.1,66.7,75.8,63.3,86.9,70.0,58.2,52.7,28.8,8.9,33.3,24.2,35.3,13.1,30.0,39.9,45.4,0.6,0.0,0.0,0.0,1.4,0.0,0.0,1.9,1.9,3000.0,30.00,30,40,40,76,116,884,1,58.6,56.6,57.6,51.4,54.5,48.8,55.4,49.2,55.5,50.7,50.2,46.7,44.1,44.1,51.0,43.3,46.0,46.0,59.0,1.182,1.250,1.100,46.970,14.780,46.967,84.500,7.425,88.841,5.488,6.677,5.211,6.175,4.807,6.682,5.740,4.463,4.153,55.471,18.475,82.114,88.834,2000.0,3000.0,5230.0,5230.0,5250.0,54.8,39.1,46.9,54.8,59.6,Ne,Ne,Ne,9.673,4.968,5.6,30,58,47,26,1.190,5.040,3.408,3.328,12.288,1.101,1.243,3.408,3.280,3.328,1.056,1.056,1.048,1.350,1.814,0.920,3.344,0.064,0.056,0.048,0.048,1.016,1.016,1296,1054,2749,51.0,57.4,46,46,22502858,1.179,1.238,605341,70,14,7373008,80,17,6791476,182.5,1.9,43.0,1.350,1.365,1.815,1.800,0.990,5.040,0.875,Ne,Ne,Ne,41.0,1.365,1.365,1.815,1.800,0.990,5.040,0.750,Ne,Ne,Ne,62,78,99.0,100.0,Ne,Ne,30664,54286,0.3,0.4,0.7,0.986,2.094,78418,221973,56.0,66.0,73.0,1.083,1269,3173.0,2238.0,100.0,95.8,20.0,2.0,2.0,24.0,10961,1397,32.0,334261,0.0,44.8,0.725,1.000,17.000,99.000,600.0,3000.0,1200.0,100.0,0.0,0.0,0.0,0.0,0.0,0.0,0.0,0.0,0,0,16.0,246,Ne,Ne,Ne,212.3,212.6,4.71,4.69,0.00,4.59,0.12,0,0,0.0,0.0,0,0,0.0,0.0,0,0,0.0,0.0,157405,4535,1315.7,51.1,0,0.0,
20.5.2026,12:40:51.869,33610,9549,77.8,19554,12341,61.3,0.6,1.179,1.190,1.180,1.180,1.180,1.175,1.175,1.175,1.175,5225.0,5225.0,5225.0,5225.0,5225.0,5225.0,5225.0,5225.0,5225.0,100.0,2494.8,4760.4,2885.8,2169.6,2440.1,2621.9,3143.4,1655.1,2244.6,2890.1,3594.3,2504.0,2721.3,1369.3,1982.6,1193.3,1741.0,2494.8,44.7,81.2,53.4,38.3,43.3,46.7,57.9,29.2,39.9,52.1,67.1,44.6,49.9,24.0,35.2,20.8,30.8,81.2,44.7,51.2,91.5,60.9,44.3,49.9,54.1,66.6,33.6,45.8,60.2,76.3,51.3,57.6,27.6,40.2,24.0,35.2,51.2,52.2,52.2,52.2,52.2,52.2,52.2,52.2,52.2,52.2,0.0,68.3,91.0,65.0,73.3,60.2,81.6,67.9,56.1,51.1,31.7,9.0,35.0,26.7,39.8,18.4,32.1,43.9,48.9,0.0,0.0,0.0,0.0,0.0,0.0,0.0,0.0,0.0,3000.0,30.00,30,40,40,76,116,884,1,58.4,55.9,59.4,50.8,54.3,48.2,54.9,48.6,54.5,50.1,49.6,46.1,43.7,43.7,50.5,43.1,46.0,46.0,59.0,1.181,1.250,1.100,45.815,14.745,45.819,77.000,7.416,87.328,5.341,6.647,5.071,6.048,4.657,6.374,5.583,4.343,4.006,54.054,18.432,80.644,87.349,2000.0,3000.0,5230.6,5230.6,5250.0,53.9,38.2,42.8,53.9,58.9,Ne,Ne,Ne,9.061,4.896,5.5,30,58,47,26,1.181,5.040,3.408,3.328,12.192,1.101,1.243,3.408,3.280,3.328,1.056,1.056,1.048,1.359,1.814,0.920,3.344,0.064,0.056,0.048,0.048,1.016,1.016,1274,1077,2772,51.0,57.4,46,46,22502952,1.191,1.238,605343,24,14,7373148,72,19,6791611,182.5,1.9,43.0,1.365,1.365,1.815,1.800,0.990,5.040,0.750,Ne,Ne,Ne,41.0,1.365,1.365,1.815,1.800,0.990,5.040,1.125,Ne,Ne,Ne,62,78,99.0,100.0,Ne,Ne,30664,54286,0.1,0.5,0.6,1.037,1.176,78420,221975,56.0,66.0,72.0,1.094,1269,3200.0,2238.0,100.0,98.8,22.0,2.2,2.2,24.0,10961,1397,32.0,334261,0.0,44.7,0.725,62.000,20.000,98.000,600.0,3000.0,1200.0,100.0,0.0,0.0,0.0,0.0,0.0,0.0,0.0,0.0,0,0,16.0,246,Ne,Ne,Ne,233.9,233.7,4.27,4.27,0.00,4.15,0.12,0,0,0.0,0.0,0,0,0.0,0.0,0,0,0.0,0.0,157407,4535,739.1,52.2,0,0.0,
20.5.2026,12:40:53.871,33575,9584,77.7,19549,12345,61.2,0.6,1.174,1.185,1.170,1.170,1.170,1.170,1.170,1.170,1.190,5225.0,5225.0,5225.0,5225.0,5225.0,5225.0,5225.0,5225.0,5225.0,100.0,2807.4,4784.7,3092.5,2566.8,2964.6,3010.7,3286.7,2018.1,2646.7,3276.6,3748.0,2857.7,2970.0,1685.6,2415.2,1441.2,2154.3,2807.4,49.7,80.0,56.7,45.0,53.8,54.0,59.8,34.1,46.7,59.9,69.3,51.2,53.9,28.5,42.4,23.7,36.7,80.0,49.7,57.9,91.0,65.4,52.8,62.6,62.9,69.5,40.6,54.6,69.5,79.5,59.6,62.8,34.0,49.5,28.6,43.3,57.9,52.2,52.2,52.2,52.2,52.2,52.2,52.2,52.2,52.2,0.0,74.8,91.5,75.0,79.0,67.8,87.7,75.1,64.2,58.1,25.1,8.5,25.0,21.0,32.2,12.3,24.9,35.2,41.7,0.1,0.0,0.0,0.0,0.0,0.0,0.0,0.6,0.2,3000.0,30.00,30,40,40,76,116,884,1,58.6,57.3,56.8,52.4,55.0,49.8,56.5,50.4,56.4,52.0,51.3,47.7,44.6,44.6,50.8,43.2,46.0,46.0,59.0,1.183,1.250,1.100,49.389,14.884,49.392,78.750,7.435,91.879,5.829,6.826,5.640,6.522,5.221,6.901,6.135,4.881,4.506,58.375,18.606,85.159,91.901,2000.0,3000.0,5229.8,5229.8,5250.0,56.7,41.2,43.8,56.7,60.3,Ne,Ne,Ne,9.812,5.341,6.0,30,58,47,26,1.181,5.040,3.408,3.328,12.288,1.101,1.243,3.408,3.280,3.328,1.056,1.056,1.048,1.359,1.814,0.920,3.344,0.064,0.056,0.048,0.048,1.016,1.016,1278,1047,2721,51.0,57.4,46,46,22503046,1.183,1.234,605345,62,14,7373196,79,19,6791661,182.5,1.9,43.0,1.365,1.365,1.800,1.800,0.990,5.040,2.250,Ne,Ne,Ne,41.0,1.365,1.365,1.815,1.800,0.990,5.040,0.750,Ne,Ne,Ne,62,78,99.0,100.0,Ne,Ne,30664,54286,0.5,0.4,0.9,0.511,0.988,78421,221977,55.0,66.0,71.0,1.088,1270,3187.0,2238.0,100.0,96.3,21.0,2.1,2.1,24.0,10961,1397,32.0,334261,0.0,44.8,0.725,46.000,18.000,79.000,600.0,3000.0,1200.0,100.0,0.0,0.0,0.0,0.0,0.0,0.0,0.0,0.0,0,0,16.0,246,Ne,Ne,Ne,217.0,217.5,4.61,4.53,0.00,4.48,0.13,0,0,0.0,0.0,0,0,0.0,0.0,0,0,0.0,0.0,157408,4535,542.1,37.0,0,0.0,
20.5.2026,12:40:55.868,33586,9572,77.8,19576,12319,61.3,0.6,1.177,1.195,1.175,1.175,1.175,1.175,1.175,1.175,1.175,5225.0,5225.0,5225.0,5225.0,5225.0,5225.0,5225.0,5225.0,5225.0,100.0,2673.8,4844.4,2998.7,2532.1,2575.6,3139.5,2975.2,1977.9,2318.0,3740.9,3044.9,2873.5,2700.9,1596.5,2161.5,1281.3,2020.7,2673.8,47.6,82.4,55.2,44.8,45.1,57.5,54.2,34.4,40.3,69.4,55.6,52.7,47.5,27.8,37.7,21.7,35.1,82.4,47.6,55.0,93.4,63.2,52.0,52.6,66.5,63.0,40.2,47.0,79.4,64.5,60.9,55.4,32.4,43.8,25.7,40.8,55.0,52.2,52.2,52.2,52.2,52.2,52.2,52.2,52.2,52.2,0.0,72.6,92.6,71.2,77.7,64.9,85.0,73.1,60.6,55.3,27.4,7.4,28.8,22.3,35.1,15.0,26.9,39.4,44.7,0.0,0.0,0.0,0.0,0.0,0.0,0.0,0.0,0.0,3000.0,30.00,30,40,40,76,116,884,1,58.9,57.0,58.1,52.0,55.1,49.5,56.1,49.9,55.8,51.4,50.8,47.2,44.5,44.5,51.2,43.0,46.0,46.0,59.0,1.183,1.250,1.100,48.061,14.866,48.056,76.750,7.418,90.322,5.654,6.834,5.490,6.360,4.999,6.699,5.934,4.620,4.299,56.784,18.582,83.526,90.293,2000.0,3000.0,5230.2,5230.2,5250.0,55.7,40.0,42.6,55.7,60.0,Ne,Ne,Ne,10.075,5.749,5.8,30,59,48,26,1.190,5.040,3.408,3.328,12.192,1.101,1.243,3.392,3.280,3.328,1.072,1.056,1.048,1.359,1.814,0.920,3.344,0.064,0.048,0.048,0.048,1.016,1.016,1304,1064,2772,51.0,57.4,46,46,22503142,1.195,1.238,605348,49,14,7373320,77,18,6791781,182.6,1.9,43.0,1.365,1.365,1.815,1.800,0.990,5.040,1.625,Ne,Ne,Ne,41.0,1.365,1.365,1.815,1.800,0.990,5.040,1.000,Ne,Ne,Ne,62,78,99.0,100.0,Ne,Ne,30664,54286,0.1,0.1,0.2,1.109,1.085,78423,221979,56.0,66.0,71.0,1.089,1270,3188.0,2238.0,100.0,98.3,19.0,2.2,2.2,23.0,10961,1397,32.0,334261,0.0,44.8,0.725,54.000,18.000,88.000,600.0,3000.0,1200.0,100.0,0.0,0.0,0.0,0.0,0.0,0.0,0.0,0.0,0,0,16.0,246,Ne,Ne,Ne,243.9,244.0,4.10,4.10,0.00,3.97,0.13,0,0,0.0,0.0,0,0,0.0,0.0,0,0,0.0,0.0,157409,4535,427.3,35.9,0,0.0,
20.5.2026,12:40:57.869,33560,9599,77.7,19546,12349,61.2,0.6,1.187,1.170,1.190,1.190,1.190,1.190,1.190,1.190,1.190,5225.0,5225.0,5225.0,5225.0,5225.0,5225.0,5225.0,5225.0,5225.0,100.0,2809.2,4834.7,3079.6,2778.6,2773.1,3384.8,2876.7,2365.0,2391.5,3752.6,3198.5,3158.1,2662.5,2038.9,2066.0,1747.2,1840.0,2809.2,50.1,81.8,56.6,49.3,49.9,62.2,52.4,41.5,41.9,69.5,58.6,58.0,47.3,35.2,36.4,29.7,31.5,81.8,50.1,57.9,92.8,64.8,57.3,57.7,71.8,60.9,48.3,48.8,79.6,67.7,66.9,55.1,41.0,42.3,34.8,36.7,57.9,52.2,52.2,52.2,52.2,52.2,52.2,52.2,52.2,52.2,0.0,75.7,92.4,76.1,80.1,69.9,88.1,76.1,64.7,58.2,24.3,7.6,23.9,19.9,30.1,11.9,23.9,35.3,41.8,0.0,0.0,0.0,0.0,0.0,0.0,0.0,0.0,0.0,3000.0,30.00,30,40,40,76,116,884,1,59.0,57.0,58.1,52.1,54.7,49.8,56.2,50.2,55.8,51.7,50.9,47.6,44.6,44.6,51.2,43.4,46.0,46.0,59.0,1.183,1.250,1.100,48.041,14.848,48.043,78.250,7.424,90.256,5.731,6.746,5.609,6.419,5.126,6.736,6.035,4.733,4.445,56.785,18.560,83.511,90.270,2000.0,3000.0,5230.8,5230.8,5250.0,55.7,40.0,43.5,55.7,59.9,Ne,Ne,Ne,9.633,5.602,6.1,30,58,48,26,1.181,5.040,3.408,3.328,12.192,1.101,1.243,3.408,3.280,3.328,1.056,1.056,1.048,1.359,1.814,0.920,3.344,0.064,0.056,0.048,0.048,1.016,1.016,1322,1089,2721,51.0,57.4,46,46,22503238,1.179,1.238,605350,25,14,7373418,45,17,6791877,182.6,1.9,43.0,1.365,1.365,1.815,1.800,0.990,5.040,1.250,Ne,Ne,Ne,41.0,1.365,1.365,1.815,1.800,1.005,5.040,0.500,Ne,Ne,Ne,62,78,99.0,100.0,Ne,Ne,30664,54286,0.1,0.1,0.1,1.154,0.326,78426,221979,56.0,66.0,72.0,1.084,1240,3181.0,2238.0,100.0,95.2,22.0,2.1,2.1,22.0,10961,1397,32.0,334261,0.0,44.8,0.725,37.000,19.000,71.000,600.0,3000.0,1200.0,100.0,0.0,0.0,0.0,0.0,0.0,0.0,0.0,0.0,0,0,16.0,246,Ne,Ne,Ne,235.2,234.3,4.25,4.24,0.00,4.13,0.13,0,0,0.0,0.0,0,0,0.0,0.0,0,0,0.0,0.0,157409,4535,148.9,29.0,0,0.0,
20.5.2026,12:40:59.868,33621,9538,77.8,19590,12304,61.4,0.6,1.177,1.175,1.175,1.175,1.175,1.175,1.175,1.175,1.190,5225.0,5225.0,5225.0,5225.0,5225.0,5225.0,5225.0,5225.0,5225.0,100.0,2339.3,4747.7,2637.2,2259.6,1964.0,2794.4,2622.4,1896.7,1623.4,3003.8,3199.7,2667.5,2265.0,1957.0,1129.2,1663.8,997.5,2339.3,41.6,83.3,47.4,39.7,34.4,50.9,47.2,33.1,28.3,55.0,59.3,47.9,39.9,34.4,19.6,28.9,17.1,83.3,41.6,48.0,93.9,54.4,46.0,40.0,59.0,54.5,38.5,32.9,63.5,67.9,55.3,46.3,39.7,22.9,33.5,20.0,48.0,52.2,52.2,52.2,52.2,52.2,52.2,52.2,52.2,52.2,0.0,65.1,90.7,60.8,68.9,55.5,80.1,64.8,52.7,47.3,33.9,9.3,38.7,31.1,42.3,19.9,35.2,44.9,50.2,0.9,0.0,0.4,0.0,2.1,0.0,0.0,2.4,2.5,3000.0,30.00,30,40,40,76,116,884,1,58.0,54.7,57.6,49.7,52.9,47.2,53.7,47.5,53.3,49.0,48.6,45.1,43.2,43.2,50.8,43.1,46.0,46.0,59.0,1.181,1.250,1.100,42.691,14.670,42.682,73.250,7.403,83.500,5.032,6.370,4.757,5.742,4.326,6.107,5.275,4.017,3.665,50.333,18.338,76.813,83.485,2000.0,3000.0,5232.9,5232.9,5250.0,51.5,35.6,40.7,51.5,57.6,Ne,Ne,Ne,8.712,4.833,5.2,30,58,47,26,1.172,5.040,3.408,3.328,12.288,1.101,1.243,3.408,3.280,3.328,1.056,1.056,1.048,1.350,1.814,0.920,3.344,0.064,0.056,0.048,0.048,1.016,1.016,1285,1059,2721,51.0,57.4,46,46,22503334,1.175,1.238,605352,55,14,7373468,12,18,6791929,182.6,1.9,43.0,1.365,1.365,1.815,1.800,1.005,5.040,0.625,Ne,Ne,Ne,41.0,1.365,1.365,1.815,1.800,1.005,5.040,1.375,Ne,Ne,Ne,62,78,99.0,100.0,Ne,Ne,30664,54286,1.6,0.4,1.9,0.322,0.149,78426,221980,56.0,66.0,71.0,1.091,1200,3192.0,2238.0,100.0,95.5,22.0,2.3,2.3,21.0,10961,1397,32.0,334261,0.0,44.7,0.725,62.000,18.000,95.000,600.0,3000.0,1200.0,100.0,0.0,0.0,0.0,0.0,0.0,0.0,0.0,0.0,0,0,16.0,246,Ne,Ne,Ne,215.3,215.8,4.65,4.63,0.00,4.52,0.12,0,0,0.0,0.0,0,0,0.0,0.0,0,0,0.0,0.0,157409,4535,93.2,38.1,0,0.0,
20.5.2026,12:41:1.872,33566,9592,77.7,19556,12339,61.3,0.6,1.183,1.170,1.185,1.185,1.185,1.185,1.185,1.185,1.185,5225.0,5225.0,5225.0,5225.0,5225.0,5225.0,5225.0,5225.0,5225.0,100.0,2777.6,4837.3,3063.9,2904.6,2411.2,3175.9,3151.3,2559.1,2001.1,3282.9,3675.6,3024.3,2864.0,2552.6,1404.1,2490.5,1042.9,2777.6,49.4,83.2,56.1,52.0,41.9,57.6,57.6,44.3,34.5,59.7,68.1,54.8,52.1,44.4,24.1,43.1,17.4,83.2,49.4,57.5,94.4,64.5,60.8,49.1,67.2,66.8,52.0,40.7,69.5,78.0,63.9,60.4,52.0,28.5,50.4,21.0,57.5,52.2,52.2,52.2,52.2,52.2,52.2,52.2,52.2,52.2,0.0,74.5,92.5,72.7,79.8,67.2,86.6,76.3,63.0,58.0,25.5,7.5,27.3,20.2,32.8,13.4,23.7,37.0,42.0,0.0,0.0,0.0,0.0,0.0,0.0,0.0,0.0,0.0,3000.0,30.00,30,40,40,76,116,884,1,58.8,57.2,54.6,52.5,55.2,50.3,56.6,50.7,56.2,52.2,51.2,47.9,44.5,44.5,51.2,43.4,46.0,46.0,59.0,1.182,1.250,1.100,50.546,14.865,50.558,76.500,7.482,93.252,5.875,6.905,5.758,6.608,5.248,6.867,6.195,4.888,4.530,59.707,18.581,86.518,93.284,2000.0,3000.0,5230.6,5230.6,5250.0,57.6,42.1,42.5,57.6,60.2,Ne,Ne,Ne,10.609,5.323,6.0,30,58,47,26,1.181,5.040,3.408,3.328,12.192,1.101,1.243,3.408,3.280,3.328,1.056,1.056,1.048,1.341,1.814,0.920,3.344,0.064,0.048,0.048,0.048,1.016,1.016,1278,1044,2721,51.0,57.4,46,46,22503428,1.191,1.238,605355,53,15,7373578,33,18,6792036,182.6,1.9,43.0,1.350,1.365,1.815,1.800,1.005,5.040,1.750,Ne,Ne,Ne,41.0,1.350,1.365,1.815,1.800,1.005,5.040,1.625,Ne,Ne,Ne,62,78,99.0,100.0,Ne,Ne,30664,54286,0.4,0.4,0.8,0.531,0.543,78427,221981,56.0,66.0,72.0,1.088,1176,3187.0,2238.0,100.0,98.5,21.0,2.2,2.2,20.0,10961,1397,32.0,334261,0.0,44.8,0.725,54.000,19.000,88.000,600.0,3000.0,1200.0,100.0,0.0,0.0,0.0,0.0,0.0,0.0,0.0,0.0,0,0,16.0,246,Ne,Ne,Ne,240.5,239.6,4.16,4.16,0.00,4.03,0.13,0,0,0.0,0.0,0,0,0.0,0.0,0,0,0.0,0.0,157409,4535,66.2,38.7,0,0.0,
20.5.2026,12:41:3.875,33561,9597,77.7,19568,12327,61.3,0.6,1.171,1.175,1.170,1.170,1.170,1.170,1.170,1.170,1.170,5225.0,5225.0,5225.0,5225.0,5225.0,5225.0,5225.0,5225.0,5225.0,100.0,2705.9,4792.0,2963.2,2734.8,2450.2,3035.5,3097.3,2445.7,1982.9,3743.2,3183.6,2917.4,2756.6,2462.8,1382.2,2252.4,1094.7,2705.9,48.3,81.3,54.7,48.9,43.3,55.2,56.8,42.6,34.6,69.3,58.5,53.1,49.0,43.0,24.2,38.8,19.0,81.3,48.3,55.7,92.3,62.6,56.9,50.1,64.1,65.5,49.5,40.2,79.4,67.4,61.6,56.7,49.8,27.9,45.2,22.0,55.7,52.2,52.2,52.2,52.2,52.2,52.2,52.2,52.2,52.2,0.0,72.8,91.6,70.9,77.5,65.2,87.3,73.8,61.2,55.1,27.2,8.4,29.1,22.5,34.8,12.7,26.2,38.8,44.9,0.0,0.0,0.0,0.0,0.0,0.0,0.0,0.0,0.0,3000.0,30.00,30,40,40,76,116,884,1,58.8,56.9,54.1,52.1,55.0,49.8,56.1,50.2,55.8,51.7,50.8,47.4,44.5,44.5,51.2,43.2,46.0,46.0,59.0,1.182,1.250,1.100,49.033,14.842,49.035,78.000,7.451,91.438,5.652,6.769,5.503,6.351,5.053,6.682,5.956,4.641,4.265,57.913,18.552,84.661,91.428,2000.0,3000.0,5231.3,5231.3,5250.0,56.4,40.9,43.3,56.4,59.9,Ne,Ne,Ne,10.113,5.537,5.8,30,58,47,26,1.172,5.040,3.408,3.328,12.192,1.101,1.243,3.408,3.280,3.328,1.056,1.056,1.048,1.350,1.814,0.920,3.344,0.064,0.056,0.048,0.048,1.016,1.016,1277,1039,2749,51.9,57.4,46,46,22503522,1.183,1.238,605357,20,13,7373684,51,17,6792140,182.6,1.9,43.0,1.350,1.365,1.815,1.800,1.005,5.040,2.125,Ne,Ne,Ne,41.0,1.350,1.365,1.815,1.800,1.005,5.040,1.250,Ne,Ne,Ne,61,78,99.0,100.0,Ne,Ne,30664,54286,0.3,0.9,1.2,0.012,0.474,78427,221982,56.0,65.0,72.0,1.084,1142,3173.0,2238.0,100.0,96.7,20.0,2.1,2.1,20.0,10961,1397,32.0,334261,0.0,44.8,0.725,9.000,18.000,107.000,600.0,3000.0,1200.0,100.0,0.0,0.0,0.0,0.0,0.0,0.0,0.0,0.0,0,0,16.0,246,Ne,Ne,Ne,210.7,212.0,4.75,4.72,0.00,4.63,0.12,0,0,0.0,0.0,0,0,0.0,0.0,0,0,0.0,0.0,157410,4535,63.5,32.2,0,0.0,
20.5.2026,12:41:5.871,33562,9596,77.7,19552,12343,61.3,0.6,1.167,1.180,1.165,1.165,1.165,1.165,1.165,1.165,1.165,5225.0,5225.0,5225.0,5225.0,5225.0,5225.0,5225.0,5225.0,5225.0,100.0,2888.5,4823.7,3250.5,2839.0,2668.9,3353.2,3223.4,2589.1,2288.4,3599.8,3494.5,3046.5,2984.3,2495.1,1847.1,2361.0,1351.7,2888.5,50.8,80.2,59.2,50.6,46.7,60.1,58.4,44.3,39.3,65.5,63.6,54.4,53.7,42.6,32.1,39.6,22.3,80.2,50.8,59.4,92.1,68.5,59.6,54.7,70.5,68.3,52.5,46.3,76.2,73.8,64.0,62.7,50.2,37.7,47.0,26.8,59.4,52.2,52.2,52.2,52.2,52.2,52.2,52.2,52.2,52.2,0.0,76.6,92.2,75.1,83.3,70.1,88.0,78.1,67.1,59.0,23.4,7.8,24.9,16.7,29.9,12.0,21.9,32.9,41.0,0.0,0.0,0.0,0.0,0.0,0.0,0.0,0.0,0.0,3000.0,30.00,30,40,40,76,116,884,1,59.4,57.7,56.8,53.0,55.5,50.8,57.1,51.3,56.6,52.6,51.8,48.2,44.9,44.9,51.5,43.2,46.0,46.0,59.0,1.184,1.250,1.100,51.937,14.819,51.934,80.500,7.440,94.863,5.959,6.954,5.860,6.686,5.400,6.911,6.231,5.031,4.598,61.426,18.523,88.133,94.856,2000.0,3000.0,5230.5,5230.5,5250.0,58.6,43.3,44.7,58.6,60.8,Ne,Ne,Ne,9.700,5.132,6.1,30,59,48,26,1.181,5.040,3.408,3.328,12.192,1.101,1.243,3.408,3.280,3.328,1.056,1.056,1.048,1.359,1.814,0.920,3.344,0.064,0.048,0.048,0.048,1.016,1.016,1291,1056,2721,51.9,57.4,46,46,22503616,1.175,1.238,605360,59,17,7373724,47,17,6792182,182.6,1.9,43.0,1.350,1.365,1.800,1.800,1.005,5.040,0.750,Ne,Ne,Ne,41.0,1.350,1.365,1.815,1.800,1.005,5.040,1.625,Ne,Ne,Ne,61,78,99.0,100.0,Ne,Ne,30664,54286,5.1,0.4,5.5,5.385,0.728,78437,221983,56.0,65.0,71.0,1.088,1127,3187.0,2238.0,99.0,95.6,18.0,2.2,2.2,20.0,10961,1397,32.0,334261,0.0,44.9,0.725,61.000,19.000,95.000,600.0,3000.0,1200.0,100.0,0.0,0.0,0.0,0.0,0.0,0.0,0.0,0.0,0,0,16.0,246,Ne,Ne,Ne,242.7,242.2,4.12,4.09,0.00,4.00,0.13,0,0,0.0,0.0,0,0,0.0,0.0,0,0,0.0,0.0,157410,4536,88.2,40.5,0,0.0,
20.5.2026,12:41:7.871,33610,9549,77.8,19583,12311,61.3,0.6,1.187,1.175,1.185,1.185,1.190,1.190,1.190,1.190,1.190,5225.0,5225.0,5225.0,5225.0,5225.0,5225.0,5225.0,5225.0,5225.0,100.0,2789.9,4876.3,3240.9,2674.8,2660.5,3185.1,3127.9,2269.1,2291.4,3404.5,3598.2,2890.7,2965.2,1981.3,1989.4,1834.3,1648.3,2789.9,49.2,80.9,59.5,46.9,46.7,57.8,56.8,38.9,39.3,62.1,66.3,52.3,53.4,34.0,34.1,30.6,27.8,80.9,49.2,57.4,92.4,68.6,55.0,54.6,67.4,66.2,46.1,46.2,72.2,76.3,61.2,62.2,40.2,40.1,36.4,32.9,57.4,52.2,52.2,52.2,52.2,52.2,52.2,52.2,52.2,52.2,0.0,75.3,93.2,74.5,81.5,67.5,89.1,77.0,62.7,56.9,24.7,6.8,25.5,18.5,32.5,10.9,23.0,37.3,43.1,0.0,0.0,0.0,0.0,0.0,0.0,0.0,0.0,0.0,3000.0,30.00,30,40,40,76,116,884,1,59.2,57.4,59.9,52.4,55.3,50.1,56.6,50.5,56.2,51.9,51.2,47.7,44.7,44.7,51.2,43.4,46.0,46.0,59.0,1.183,1.250,1.100,49.735,14.758,49.722,78.250,7.435,92.063,5.764,6.855,5.610,6.501,5.181,6.777,6.034,4.739,4.416,58.770,18.448,85.395,92.093,2000.0,3000.0,5231.1,5231.1,5250.0,56.8,41.4,43.5,56.8,60.4,Ne,Ne,Ne,9.488,5.125,6.0,30,59,48,26,1.172,5.040,3.408,3.328,12.192,1.101,1.243,3.408,3.280,3.328,1.056,1.056,1.048,1.350,1.814,0.920,3.344,0.064,0.056,0.048,0.048,1.016,1.016,1301,1104,2749,51.9,57.4,46,46,22503712,1.191,1.238,605362,60,14,7373842,76,17,6792297,182.6,1.9,43.0,1.350,1.365,1.815,1.800,1.005,5.040,2.125,Ne,Ne,Ne,41.0,1.350,1.365,1.815,1.800,1.005,5.040,1.375,Ne,Ne,Ne,61,78,99.0,100.0,Ne,Ne,30664,54286,1.7,0.4,2.1,0.496,0.394,78438,221984,56.0,66.0,73.0,1.085,1122,3182.0,2238.0,100.0,96.2,21.0,2.3,2.3,20.0,10961,1397,32.0,334261,0.0,44.9,0.725,58.000,19.000,92.000,600.0,3000.0,1200.0,100.0,0.0,0.0,0.0,0.0,0.0,0.0,0.0,0.0,0,0,16.0,246,Ne,Ne,Ne,235.8,235.6,4.24,4.24,0.00,4.12,0.12,0,0,0.0,0.0,0,0,0.0,0.0,0,0,0.0,0.0,157410,4536,40.7,33.8,0,0.0,
20.5.2026,12:41:9.872,33610,9548,77.8,19579,12316,61.3,0.6,1.185,1.190,1.180,1.185,1.185,1.185,1.185,1.185,1.185,5225.0,5225.0,5225.0,5225.0,5225.0,5225.0,5225.0,5225.0,5225.0,100.0,2715.5,4866.1,3155.7,2357.0,2775.1,3121.3,3110.5,1956.6,2394.2,3338.8,3604.6,2795.2,2893.2,1447.1,2285.4,1231.1,2115.4,2715.5,48.2,80.7,58.4,41.1,49.0,56.8,56.7,33.8,41.7,61.2,66.6,49.9,52.7,24.8,39.9,20.7,36.6,80.7,48.2,55.7,91.6,66.7,48.0,56.8,65.8,65.7,39.6,48.6,70.6,76.5,58.0,61.1,29.2,46.4,24.6,42.7,55.7,52.2,52.2,52.2,52.2,52.2,52.2,52.2,52.2,52.2,0.0,73.2,93.0,71.3,78.5,65.2,87.9,73.7,60.3,55.8,26.5,7.0,28.7,21.5,34.8,12.1,26.3,38.6,43.1,0.3,0.0,0.0,0.0,0.0,0.0,0.0,1.1,1.1,3000.0,30.00,30,40,40,76,116,884,1,59.2,57.4,58.1,52.3,55.4,49.8,56.7,50.2,56.3,51.7,51.0,47.4,44.6,44.6,51.5,43.3,46.0,46.0,59.0,1.183,1.250,1.100,49.239,14.797,49.232,80.000,7.448,91.600,5.759,6.906,5.567,6.573,5.067,6.838,6.072,4.677,4.372,58.174,18.496,84.863,91.590,2000.0,3000.0,5231.1,5231.1,5250.0,56.5,41.0,44.4,56.5,60.4,Ne,Ne,Ne,10.142,5.207,5.9,30,59,48,26,1.181,5.000,3.408,3.328,12.192,1.101,1.243,3.408,3.280,3.328,1.056,1.056,1.048,1.350,1.814,0.920,3.344,0.064,0.056,0.048,0.048,1.016,1.016,1304,1107,2721,51.9,57.4,46,46,22503808,1.179,1.238,605364,59,14,7373962,82,17,6792413,182.6,1.9,43.0,1.350,1.365,1.815,1.800,0.990,5.040,0.750,Ne,Ne,Ne,41.0,1.350,1.365,1.815,1.800,0.990,5.040,1.250,Ne,Ne,Ne,61,78,99.0,100.0,Ne,Ne,30664,54286,0.1,1.0,1.1,0.038,0.256,78438,221984,56.0,66.0,72.0,1.091,1119,3195.0,2238.0,100.0,95.1,22.0,2.3,2.3,20.0,10961,1397,32.0,334261,0.0,44.8,0.725,26.000,17.000,57.000,600.0,3000.0,1200.0,100.0,0.0,0.0,0.0,0.0,0.0,0.0,0.0,0.0,0,0,16.0,246,Ne,Ne,Ne,231.6,231.5,4.32,4.32,0.00,4.20,0.12,0,0,0.0,0.0,0,0,0.0,0.0,0,0,0.0,0.0,157410,4536,115.1,43.8,0,0.0,
20.5.2026,12:41:11.869,33577,9582,77.7,19557,12338,61.3,0.6,1.190,1.190,1.190,1.190,1.190,1.190,1.190,1.190,1.190,5225.0,5225.0,5225.0,5225.0,5225.0,5225.0,5225.0,5225.0,5225.0,100.0,2657.9,4804.4,2979.0,2266.2,2732.2,3031.5,3132.8,1765.6,2466.4,3538.0,3258.0,2707.2,2880.9,1329.4,2304.6,1152.3,2178.3,2657.9,47.3,82.0,55.0,39.7,48.3,55.4,57.4,30.5,43.3,65.4,60.0,48.3,52.5,22.7,40.4,18.9,37.7,82.0,47.3,54.8,92.9,63.1,46.4,55.9,64.2,66.4,35.8,50.2,75.0,69.1,56.1,60.8,26.8,46.8,22.8,44.0,54.8,52.2,52.2,52.2,52.2,52.2,52.2,52.2,52.2,52.2,0.0,72.2,91.8,70.1,78.2,64.0,85.1,73.5,59.5,55.3,27.8,8.2,29.9,21.8,36.0,14.9,26.5,40.5,44.7,0.0,0.0,0.0,0.0,0.0,0.0,0.0,0.0,0.0,3000.0,30.00,30,40,40,76,116,884,1,59.0,57.2,57.6,52.2,55.2,49.7,56.5,50.1,56.1,51.6,50.8,47.4,44.5,44.5,51.2,43.0,46.0,46.0,59.0,1.183,1.250,1.100,48.710,14.789,48.731,79.250,7.454,90.949,5.715,6.850,5.558,6.478,5.055,6.784,6.001,4.624,4.370,57.549,18.486,84.234,90.962,2000.0,3000.0,5231.0,5231.0,5250.0,56.1,40.6,44.0,56.1,60.2,Ne,Ne,Ne,9.950,4.919,5.8,30,59,48,26,1.172,5.040,3.408,3.328,12.288,1.101,1.243,3.408,3.280,3.328,1.056,1.056,1.048,1.350,1.814,0.920,3.344,0.064,0.048,0.048,0.048,1.016,1.016,1320,1062,2772,51.9,57.4,46,46,22503904,1.183,1.238,605367,35,15,7374080,35,17,6792527,182.6,1.9,43.0,1.350,1.365,1.815,1.800,0.990,5.040,1.875,Ne,Ne,Ne,41.0,1.350,1.365,1.815,1.800,0.990,5.040,2.250,Ne,Ne,Ne,61,78,99.0,100.0,Ne,Ne,30664,54286,0.0,0.9,0.9,0.006,0.482,78438,221985,57.0,66.0,74.0,1.089,1117,3187.0,2238.0,100.0,98.9,24.0,2.0,2.0,20.0,10961,1397,32.0,334261,0.0,44.8,0.725,9.000,18.000,107.000,600.0,3000.0,1200.0,100.0,0.0,0.0,0.0,0.0,0.0,0.0,0.0,0.0,0,0,16.0,246,Ne,Ne,Ne,214.1,213.9,4.67,4.67,0.00,4.55,0.12,0,0,0.0,0.0,0,0,0.0,0.0,0,0,0.0,0.0,157410,4536,40.4,29.6,0,0.0,
20.5.2026,12:41:13.870,33582,9577,77.8,19561,12333,61.3,0.6,1.181,1.175,1.170,1.170,1.195,1.195,1.195,1.175,1.175,5225.0,5225.0,5225.0,5225.0,5225.0,5225.0,5225.0,5225.0,5225.0,100.0,2654.7,4759.9,2981.7,2078.9,2758.0,2899.3,3226.2,1673.7,2540.2,3310.3,3569.9,2644.5,3005.1,1412.7,2315.4,1155.9,2143.8,2654.7,47.1,80.0,54.8,35.6,50.1,52.6,59.0,28.6,44.6,60.7,65.9,46.2,54.6,23.9,40.4,19.0,37.2,80.0,47.1,54.7,90.9,63.1,42.1,58.1,61.3,68.3,33.9,51.8,70.1,75.7,54.0,63.3,28.4,47.1,23.0,43.5,54.7,52.2,52.2,52.2,52.2,52.2,52.2,52.2,52.2,52.2,0.0,72.0,91.0,67.5,77.2,64.0,86.5,73.4,60.6,55.5,27.7,9.0,32.5,22.8,35.1,13.5,26.6,38.7,43.3,0.3,0.0,0.0,0.0,0.9,0.0,0.0,0.7,1.2,3000.0,30.00,30,40,40,76,116,884,1,58.9,57.0,55.5,52.0,55.0,49.3,56.2,49.8,55.9,51.4,50.9,47.1,44.4,44.4,50.8,43.1,46.0,46.0,59.0,1.183,1.250,1.100,48.181,14.715,48.169,79.000,7.452,90.218,5.659,6.817,5.407,6.414,4.988,6.720,5.947,4.688,4.292,56.914,18.394,83.505,90.223,2000.0,3000.0,5230.9,5230.9,5250.0,55.7,40.1,43.9,55.7,60.0,Ne,Ne,Ne,9.501,5.281,5.8,30,58,48,26,1.181,5.040,3.408,3.328,12.192,1.101,1.243,3.408,3.280,3.328,1.056,1.056,1.048,1.359,1.814,0.920,3.344,0.064,0.048,0.048,0.048,1.016,1.016,1322,1062,2721,51.9,57.4,46,46,22504000,1.175,1.238,605369,65,14,7374150,61,17,6792598,182.6,1.9,43.0,1.350,1.365,1.815,1.800,0.990,5.040,1.000,Ne,Ne,Ne,41.0,1.365,1.365,1.815,1.800,0.990,5.040,1.125,Ne,Ne,Ne,61,78,99.0,100.0,Ne,Ne,30664,54286,0.1,1.2,1.3,0.365,0.272,78439,221986,56.0,66.0,72.0,1.078,1144,3162.0,2238.0,99.0,94.9,20.0,2.0,2.0,22.0,10961,1397,32.0,334261,0.0,44.8,0.725,62.000,17.000,94.000,600.0,3000.0,1200.0,100.0,0.0,0.0,0.0,0.0,0.0,0.0,0.0,0.0,0,0,16.0,246,Ne,Ne,Ne,222.4,224.4,4.50,4.41,0.02,4.37,0.13,0,0,0.0,0.0,0,0,0.0,0.0,0,0,0.0,0.0,157410,4536,83.4,22.8,0,0.0,
20.5.2026,12:41:15.870,33580,9579,77.8,19556,12338,61.3,0.6,1.172,1.170,1.170,1.170,1.170,1.170,1.170,1.170,1.185,5225.0,5225.0,5225.0,5225.0,5225.0,5225.0,5225.0,5225.0,5225.0,100.0,2751.3,4793.6,3116.3,2396.9,2750.5,3052.9,3340.7,1973.0,2467.3,3082.2,3943.6,2900.2,2913.7,1989.5,2003.6,1649.2,1647.7,2751.3,48.8,80.2,57.5,41.6,49.1,55.2,61.3,33.9,43.5,56.1,73.6,51.4,53.0,33.7,34.5,28.0,28.4,80.2,48.8,56.6,91.1,65.9,48.8,57.0,64.3,70.8,39.9,50.5,65.3,83.8,59.9,61.5,40.0,40.6,33.1,33.3,56.6,52.2,52.2,52.2,52.2,52.2,52.2,52.2,52.2,52.2,0.0,74.7,91.7,72.6,81.1,67.8,88.3,76.0,63.9,56.3,25.3,8.3,27.4,18.9,32.2,11.7,24.0,36.1,43.7,0.0,0.0,0.0,0.0,0.0,0.0,0.0,0.0,0.0,3000.0,30.00,30,40,40,76,116,884,1,59.0,57.4,58.5,52.4,55.2,49.8,56.7,50.3,56.4,51.8,51.3,47.4,44.6,44.6,51.0,43.2,46.0,46.0,59.0,1.182,1.250,1.100,49.324,14.736,49.335,76.750,7.450,91.517,5.768,6.826,5.540,6.561,5.141,6.851,6.057,4.836,4.333,58.242,18.420,84.857,91.558,2000.0,3000.0,5230.1,5230.1,5250.0,56.5,41.1,42.6,56.5,60.4,Ne,Ne,Ne,9.304,4.791,6.0,30,59,48,26,1.181,5.040,3.408,3.328,12.288,1.101,1.243,3.408,3.280,3.328,1.056,1.056,1.048,1.350,1.814,0.920,3.344,0.064,0.056,0.048,0.048,1.016,1.016,1305,1073,2721,51.9,57.4,46,46,22504096,1.171,1.238,605371,50,13,7374280,86,23,6792723,182.6,1.9,43.0,1.365,1.365,1.815,1.800,0.990,5.040,0.875,Ne,Ne,Ne,41.0,1.365,1.365,1.815,1.800,0.990,5.040,0.625,Ne,Ne,Ne,60,78,99.0,100.0,Ne,Ne,30664,54286,1.1,0.4,1.5,1.933,0.619,78443,221987,56.0,66.0,72.0,1.088,1181,3188.0,2238.0,100.0,96.1,23.0,2.2,2.2,22.0,10961,1397,32.0,334261,0.0,44.8,0.725,50.000,18.000,85.000,600.0,3000.0,1200.0,100.0,0.0,0.0,0.0,0.0,0.0,0.0,0.0,0.0,0,0,16.0,246,Ne,Ne,Ne,227.3,226.7,4.40,4.41,0.00,4.27,0.13,0,0,0.0,0.0,0,0,0.0,0.0,0,0,0.0,0.0,157410,4536,78.5,43.9,0,0.0,
20.5.2026,12:41:17.872,33570,9588,77.7,19551,12344,61.2,0.6,1.184,1.175,1.185,1.185,1.185,1.185,1.185,1.185,1.185,5225.0,5225.0,5225.0,5225.0,5225.0,5225.0,5225.0,5225.0,5225.0,100.0,2759.6,4770.0,3150.3,2784.3,2433.8,3306.4,3093.6,2446.1,2005.2,3545.4,3390.3,2993.8,2778.5,2639.4,1444.8,2391.1,980.6,2759.6,49.0,79.7,58.1,48.8,42.8,60.6,56.5,42.4,34.8,65.3,62.3,54.6,50.3,45.4,24.4,41.4,16.7,79.7,49.0,56.8,90.6,66.7,56.8,49.8,70.1,65.5,49.6,40.7,75.2,71.9,63.4,58.2,53.3,29.1,48.3,19.8,56.8,52.2,52.2,52.2,52.2,52.2,52.2,52.2,52.2,52.2,0.0,74.4,91.2,72.7,80.8,66.6,86.4,75.4,64.9,57.0,25.6,8.8,27.3,19.2,33.4,13.6,24.6,35.1,43.0,0.0,0.0,0.0,0.0,0.0,0.0,0.0,0.0,0.0,3000.0,30.00,30,40,40,76,116,884,1,59.5,57.9,58.1,52.8,55.4,50.3,57.3,50.7,56.8,52.3,51.7,47.9,44.9,44.9,51.2,43.1,46.0,46.0,59.0,1.183,1.250,1.100,50.551,14.919,50.544,78.250,7.456,93.319,5.862,6.867,5.672,6.702,5.213,6.900,6.164,4.915,4.462,59.715,18.649,86.566,93.312,2000.0,3000.0,5230.0,5230.0,5250.0,57.6,42.1,43.5,57.6,61.0,Ne,Ne,Ne,10.259,5.544,5.9,30,59,48,26,1.172,5.040,3.408,3.328,12.288,1.101,1.243,3.408,3.280,3.328,1.056,1.056,1.048,1.359,1.814,0.920,3.344,0.064,0.048,0.048,0.048,1.016,1.016,1323,1086,2772,51.9,57.4,46,46,22504192,1.179,1.238,605374,59,14,7374380,72,21,6792821,182.6,1.9,43.0,1.365,1.365,1.800,1.800,0.990,5.040,0.875,Ne,Ne,Ne,41.2,1.365,1.365,1.815,1.800,0.990,5.040,1.750,Ne,Ne,Ne,60,78,99.0,100.0,Ne,Ne,30664,54286,0.1,0.5,0.6,0.126,0.307,78443,221988,56.0,66.0,72.0,1.088,1192,3187.0,2238.0,100.0,98.8,21.0,2.2,2.2,22.0,10961,1397,32.0,334261,0.0,44.8,0.725,60.000,18.000,93.000,600.0,3000.0,1200.0,100.0,0.0,0.0,0.0,0.0,0.0,0.0,0.0,0.0,0,0,16.0,246,Ne,Ne,Ne,246.4,246.1,4.06,4.06,0.00,3.94,0.12,0,0,0.0,0.0,0,0,0.0,0.0,0,0,0.0,0.0,157410,4536,38.6,25.9,0,0.0,
20.5.2026,12:41:19.877,33693,9466,78.0,19629,12265,61.5,0.6,1.177,1.175,1.180,1.180,1.180,1.170,1.170,1.180,1.180,5225.0,5225.0,5225.0,5225.0,5225.0,5225.0,5225.0,5225.0,5225.0,100.0,2622.7,4751.6,2979.7,2678.5,2179.1,3175.7,2861.3,2427.2,1681.8,3721.0,3058.9,2944.4,2530.4,2585.8,1313.5,2250.2,823.9,2622.7,46.6,79.7,55.1,47.4,38.2,58.3,51.5,42.7,29.2,69.2,56.0,53.2,44.4,44.8,22.6,39.2,14.2,79.7,46.6,53.8,90.3,63.0,54.9,44.4,67.2,59.6,49.4,34.0,78.9,64.7,61.5,51.5,52.2,26.5,45.3,16.5,53.8,52.2,52.2,52.2,52.2,52.2,52.2,52.2,52.2,52.2,0.0,71.2,90.8,68.4,76.4,62.0,86.5,71.7,61.7,52.3,28.5,9.2,31.6,23.6,38.0,13.5,28.3,38.3,45.7,0.2,0.0,0.0,0.0,0.0,0.0,0.0,0.0,2.0,3000.0,30.00,30,40,40,76,116,884,1,59.2,56.8,60.8,51.6,54.7,49.1,55.7,49.5,55.7,50.8,50.8,46.6,44.2,44.2,51.0,43.3,46.0,46.0,59.1,1.182,1.250,1.100,48.201,14.837,48.206,78.250,7.452,90.396,5.552,6.712,5.312,6.262,4.863,6.711,5.773,4.686,4.094,56.914,18.546,83.658,90.394,2000.0,3000.0,5231.3,5231.3,5250.0,55.8,40.2,43.5,55.8,59.7,Ne,Ne,Ne,9.718,5.279,5.7,30,59,48,26,1.181,5.040,3.408,3.328,12.192,1.101,1.243,3.408,3.280,3.328,1.056,1.056,1.048,1.350,1.814,0.920,3.344,0.064,0.048,0.048,0.048,1.016,1.016,1323,1061,2749,51.9,57.4,46,46,22504288,1.191,1.234,605376,37,14,7374498,54,17,6792935,182.6,1.9,43.0,1.365,1.365,1.815,1.800,0.990,5.040,1.500,Ne,Ne,Ne,41.2,1.365,1.365,1.815,1.815,0.990,5.040,1.250,Ne,Ne,Ne,60,78,99.0,100.0,Ne,Ne,30664,54286,0.0,1.5,1.5,0.006,0.448,78443,221988,56.0,66.0,71.0,1.093,1182,3194.0,2238.0,100.0,95.0,18.0,2.0,2.0,21.0,10961,1397,32.0,334261,0.0,44.8,0.725,2.000,18.000,101.000,600.0,3000.0,1200.0,100.0,0.0,0.0,0.0,0.0,0.0,0.0,0.0,0.0,0,0,16.0,246,Ne,Ne,Ne,244.3,245.8,4.09,4.06,0.01,3.97,0.13,0,0,0.0,0.0,0,0,0.0,0.0,0,0,0.0,0.0,157411,4536,104.2,23.4,0,0.0,
20.5.2026,12:41:21.869,33572,9587,77.7,19556,12338,61.3,0.6,1.177,1.190,1.175,1.175,1.175,1.175,1.175,1.175,1.175,5225.0,5225.0,5225.0,5225.0,5225.0,5225.0,5225.0,5225.0,5225.0,100.0,2788.5,4801.4,3142.4,2865.4,2391.6,3258.5,3125.2,2618.2,1973.2,3606.9,3295.8,3148.9,2729.8,2719.5,1543.2,2403.9,992.8,2788.5,49.4,80.4,57.8,51.2,41.7,59.5,56.9,45.8,33.9,66.3,60.2,57.4,47.9,47.5,25.2,41.8,16.5,80.4,49.4,57.5,91.6,66.5,59.7,48.9,69.1,66.2,53.6,40.0,76.5,69.8,66.8,56.0,56.1,30.7,48.9,19.9,57.5,52.2,52.2,52.2,52.2,52.2,52.2,52.2,52.2,52.2,0.0,75.0,91.8,72.9,80.9,68.4,86.7,76.9,65.7,56.6,25.0,8.2,27.1,19.1,31.6,13.3,23.1,34.3,43.4,0.0,0.0,0.0,0.0,0.0,0.0,0.0,0.0,0.0,3000.0,30.00,30,40,40,76,116,884,1,59.2,57.2,56.4,52.4,55.0,50.0,56.5,50.6,56.1,51.9,51.5,47.6,44.6,44.6,51.5,43.3,46.0,46.0,59.2,1.182,1.250,1.100,50.469,14.894,50.483,79.750,7.448,93.250,5.808,6.813,5.641,6.534,5.216,6.791,6.093,4.981,4.392,59.622,18.618,86.432,93.237,2000.0,3000.0,5230.2,5230.2,5250.0,57.6,42.1,44.3,57.6,60.2,Ne,Ne,Ne,10.415,5.793,6.0,30,59,48,26,1.190,5.040,3.408,3.328,12.288,1.101,1.234,3.392,3.280,3.328,1.056,1.056,1.048,1.350,1.814,0.920,3.344,0.064,0.056,0.048,0.048,1.016,1.016,1306,1075,2772,51.9,58.3,46,46,22504384,1.191,1.238,605378,36,14,7374572,14,17,6793009,182.6,1.9,43.2,1.365,1.365,1.815,1.815,1.005,5.040,1.875,Ne,Ne,Ne,41.2,1.365,1.365,1.815,1.815,1.005,5.040,1.625,Ne,Ne,Ne,60,78,99.0,100.0,Ne,Ne,30664,54286,0.2,0.4,0.6,0.264,0.527,78444,221989,56.0,66.0,71.0,1.095,1170,3198.0,2238.0,97.0,97.1,16.0,2.3,2.3,20.0,10961,1397,32.0,334261,0.0,44.8,0.725,2.000,18.000,101.000,600.0,3000.0,1200.0,100.0,0.0,0.0,0.0,0.0,0.0,0.0,0.0,0.0,0,0,16.0,246,Ne,Ne,Ne,248.5,247.3,4.02,4.01,0.01,3.89,0.13,0,0,0.0,0.0,0,0,0.0,0.0,0,0,0.0,0.0,157411,4536,39.3,31.6,0,0.0,
20.5.2026,12:41:23.878,33627,9531,77.9,19565,12330,61.3,0.6,1.172,1.185,1.170,1.170,1.170,1.170,1.170,1.170,1.170,5225.0,5225.0,5225.0,5225.0,5225.0,5225.0,5225.0,5225.0,5225.0,100.0,2677.7,4806.6,3130.3,2547.8,2443.2,2903.1,3181.0,2169.6,2145.4,3004.3,3755.0,2793.0,2753.8,2146.4,1862.5,1729.8,1471.1,2677.7,47.2,77.1,57.7,45.5,42.8,52.4,58.0,37.5,37.1,54.3,69.2,50.1,49.4,37.4,31.6,29.6,25.1,77.1,47.2,54.9,87.9,66.3,53.1,49.9,61.4,67.3,43.9,43.4,63.6,79.6,58.4,57.6,44.1,37.5,34.7,29.5,54.9,52.2,52.2,52.2,52.2,52.2,52.2,52.2,52.2,52.2,0.0,72.0,91.9,69.0,77.2,64.0,85.4,72.8,62.4,53.4,27.2,8.1,31.0,22.8,34.1,14.6,27.2,35.6,44.3,0.8,0.0,0.0,0.0,1.9,0.0,0.0,1.9,2.2,3000.0,30.00,30,40,40,76,116,884,1,59.1,57.2,55.0,52.2,55.2,49.7,56.3,50.0,56.1,51.4,51.3,47.1,44.7,44.7,50.8,43.1,46.0,46.0,59.8,1.183,1.250,1.100,48.390,14.751,48.392,82.750,7.450,90.504,5.611,6.779,5.428,6.312,4.939,6.680,5.856,4.745,4.152,57.183,18.439,83.817,90.502,2000.0,3000.0,5230.8,5230.8,5250.0,55.9,40.3,46.0,55.9,60.2,Ne,Ne,Ne,9.000,4.673,5.8,30,59,48,26,1.172,5.040,3.408,3.328,12.192,1.101,1.243,3.408,3.280,3.328,1.056,1.056,1.048,1.350,1.814,0.920,3.344,0.064,0.048,0.048,0.048,1.016,1.016,1301,1094,2749,51.9,58.3,46,46,22504480,1.187,1.234,605381,32,14,7374644,42,17,6793081,182.6,1.9,43.2,1.365,1.365,1.815,1.815,1.005,5.040,0.625,Ne,Ne,Ne,41.2,1.365,1.365,1.815,1.815,1.005,5.040,0.875,Ne,Ne,Ne,60,78,99.0,100.0,Ne,Ne,30664,54286,0.1,0.7,0.8,0.247,0.513,78444,221990,56.0,66.0,72.0,1.073,1140,3151.0,2238.0,100.0,95.2,19.0,2.4,2.4,20.0,10961,1397,32.0,334261,0.0,44.8,0.725,0.000,19.000,100.000,600.0,3000.0,1200.0,100.0,0.0,0.0,0.0,0.0,0.0,0.0,0.0,0.0,0,0,16.0,246,Ne,Ne,Ne,227.8,188.0,4.39,5.33,0.00,4.27,0.12,0,0,0.0,0.0,0,0,0.0,0.0,0,0,0.0,0.0,157411,4536,110.6,43.1,0,0.0,
20.5.2026,12:41:25.868,33597,9561,77.8,19574,12320,61.3,0.6,1.182,1.175,1.190,1.180,1.180,1.180,1.180,1.180,1.190,5225.0,5225.0,5225.0,5225.0,5225.0,5225.0,5225.0,5225.0,5225.0,100.0,2617.4,4718.8,3037.2,2225.0,2615.0,2853.6,3221.9,1831.9,2319.1,3355.8,3456.5,2709.9,2765.9,1520.5,2195.1,1098.0,1953.8,2617.4,46.5,78.3,56.1,39.2,46.3,51.6,58.7,32.2,40.7,61.9,63.9,48.5,49.0,26.1,38.1,18.9,34.4,78.3,46.5,53.6,88.8,64.2,45.4,53.6,59.8,67.9,37.3,47.1,71.1,73.3,56.1,56.8,30.6,44.3,22.0,39.6,53.6,52.2,52.2,52.2,52.2,52.2,52.2,52.2,52.2,52.2,0.0,71.0,90.2,68.3,76.3,63.5,85.4,71.5,60.2,52.8,29.0,9.8,31.7,23.7,36.5,14.6,28.5,39.8,47.2,0.0,0.0,0.0,0.0,0.0,0.0,0.0,0.0,0.0,3000.0,30.00,30,40,40,76,116,884,1,59.4,56.9,60.2,51.4,54.6,48.8,55.8,49.2,55.7,50.6,50.4,46.5,44.1,44.1,50.8,43.0,46.0,46.0,59.9,1.182,1.250,1.100,47.803,14.774,47.778,77.750,7.447,89.730,5.569,6.726,5.326,6.325,4.863,6.739,5.793,4.620,4.163,56.431,18.467,83.090,89.754,2000.0,3000.0,5231.5,5231.5,5250.0,55.4,39.8,43.2,55.4,59.9,Ne,Ne,Ne,9.309,4.922,5.7,30,59,48,26,1.181,5.040,3.408,3.328,12.192,1.101,1.243,3.408,3.280,3.328,1.056,1.056,1.048,1.350,1.814,0.920,3.344,0.064,0.056,0.048,0.048,1.016,1.016,1304,1088,2721,51.9,58.3,46,46,22504576,1.179,1.238,605383,59,14,7374708,13,18,6793146,182.6,1.9,43.2,1.365,1.365,1.815,1.815,1.005,5.040,1.000,Ne,Ne,Ne,41.2,1.350,1.365,1.815,1.815,1.005,5.040,1.125,Ne,Ne,Ne,60,78,99.0,100.0,Ne,Ne,30664,54286,0.0,0.6,0.7,0.142,0.276,78444,221991,57.0,66.0,72.0,1.095,1128,3202.0,2238.0,99.0,98.7,22.0,2.3,2.3,20.0,10961,1397,32.0,334261,0.0,44.8,0.725,42.000,17.000,75.000,600.0,3000.0,1200.0,100.0,0.0,0.0,0.0,0.0,0.0,0.0,0.0,0.0,0,0,16.0,246,Ne,Ne,Ne,230.7,229.7,4.34,4.35,0.00,4.21,0.12,0,0,0.0,0.0,0,0,0.0,0.0,0,0,0.0,0.0,157411,4536,37.9,39.8,0,0.0,
20.5.2026,12:41:27.872,33589,9570,77.8,19553,12341,61.3,0.6,1.181,1.195,1.170,1.170,1.175,1.175,1.175,1.195,1.195,5225.0,5225.0,5225.0,5225.0,5225.0,5225.0,5225.0,5225.0,5225.0,100.0,2740.6,4723.3,3194.6,2335.0,2778.3,3038.3,3321.6,1952.0,2492.0,3553.5,3504.0,2785.1,2926.3,1624.4,2324.9,1142.5,2154.3,2740.6,48.8,76.3,59.0,41.0,50.7,55.6,60.8,34.2,43.7,65.6,64.5,50.6,53.2,27.5,40.2,19.6,37.9,76.3,48.8,56.4,86.8,67.6,47.7,58.8,64.4,70.4,39.8,50.7,75.3,74.3,58.7,61.7,32.6,47.1,23.1,43.8,56.4,52.2,52.2,52.2,52.2,52.2,52.2,52.2,52.2,52.2,0.0,73.4,90.3,70.7,80.2,66.0,88.0,74.8,62.2,55.0,26.6,9.7,29.3,19.8,34.0,12.0,25.2,37.8,45.0,0.0,0.0,0.0,0.0,0.0,0.0,0.0,0.0,0.0,3000.0,30.00,30,40,40,76,116,884,1,59.9,58.0,56.8,52.6,55.4,50.1,57.1,50.5,56.9,52.0,51.5,47.5,44.8,44.8,51.2,43.2,46.0,46.0,60.0,1.183,1.250,1.100,49.390,14.824,49.421,77.250,7.453,91.871,5.830,6.863,5.652,6.663,5.162,6.955,6.128,4.840,4.378,58.383,18.531,85.112,91.870,2000.0,3000.0,5230.5,5230.5,5250.0,56.7,41.2,42.9,56.7,61.1,Ne,Ne,Ne,10.188,5.213,5.9,30,59,49,26,1.181,5.040,3.392,3.328,12.192,1.101,1.243,3.408,3.280,3.328,1.056,1.056,1.048,1.350,1.814,0.920,3.328,0.064,0.048,0.048,0.048,1.016,1.016,1305,1091,2749,51.9,58.3,46,46,22504672,1.160,1.238,605385,58,15,7374826,85,19,6793260,182.6,1.9,43.2,1.350,1.365,1.815,1.815,1.005,5.040,1.500,Ne,Ne,Ne,41.2,1.350,1.365,1.815,1.815,1.005,5.040,0.375,Ne,Ne,Ne,60,78,99.0,100.0,Ne,Ne,30664,54286,0.0,1.0,1.0,0.085,0.925,78445,221993,57.0,66.0,75.0,1.075,1124,3162.0,2238.0,100.0,98.9,21.0,2.2,2.2,20.0,10961,1397,32.0,334261,0.0,44.8,0.725,7.000,19.000,107.000,600.0,3000.0,1200.0,100.0,0.0,0.0,0.0,0.0,0.0,0.0,0.0,0.0,0,0,16.0,246,Ne,Ne,Ne,217.3,216.7,4.60,4.61,0.00,4.48,0.13,0,0,0.0,0.0,0,0,0.0,0.0,0,0,0.0,0.0,157411,4536,170.8,29.0,0,0.0,
20.5.2026,12:41:29.868,33557,9601,77.7,19582,12312,61.3,0.6,1.181,1.190,1.180,1.180,1.180,1.180,1.180,1.180,1.180,5225.0,5225.0,5225.0,5225.0,5225.0,5225.0,5225.0,5225.0,5225.0,100.0,2587.3,4800.4,3083.2,2232.5,2524.8,2893.4,3103.3,1719.6,2290.4,3167.2,3554.8,2676.0,2686.9,1394.4,2167.4,1080.2,2022.9,2587.3,45.9,78.2,57.1,39.5,44.3,52.6,56.6,30.4,40.2,58.3,65.7,47.9,48.2,24.1,37.9,18.5,35.5,78.2,45.9,53.0,88.4,65.3,45.7,51.4,60.7,65.6,35.2,46.6,67.1,75.4,55.3,56.0,28.3,43.9,21.7,41.0,53.0,52.2,52.2,52.2,52.2,52.2,52.2,52.2,52.2,52.2,0.0,70.4,91.8,67.3,75.9,61.8,84.6,70.8,58.3,52.9,29.2,8.2,32.7,24.1,38.1,15.4,29.2,39.9,45.7,0.4,0.0,0.0,0.0,0.1,0.0,0.0,1.7,1.4,3000.0,30.00,30,40,40,76,116,884,1,59.4,56.7,57.6,51.5,54.8,48.7,55.8,49.2,55.5,50.7,50.4,46.6,44.1,44.1,51.0,43.3,46.0,46.0,60.0,1.183,1.250,1.100,46.881,14.806,46.841,81.750,7.430,88.738,5.547,6.774,5.278,6.338,4.836,6.648,5.779,4.537,4.189,55.365,18.508,82.046,88.716,2000.0,3000.0,5231.1,5231.1,5250.0,54.8,39.0,45.4,54.8,59.7,Ne,Ne,Ne,10.276,5.087,5.6,30,59,48,26,1.181,5.040,3.408,3.328,12.192,1.101,1.243,3.408,3.280,3.328,1.056,1.056,1.048,1.350,1.814,0.920,3.344,0.064,0.056,0.048,0.048,1.016,1.016,1315,1087,2721,51.9,58.3,46,46,22504770,1.199,1.238,605388,48,14,7374942,76,17,6793373,182.6,1.9,43.2,1.350,1.365,1.800,1.815,1.005,5.040,0.750,Ne,Ne,Ne,41.2,1.350,1.365,1.815,1.815,1.005,5.040,0.875,Ne,Ne,Ne,60,78,99.0,100.0,Ne,Ne,30664,54286,0.3,1.3,1.6,0.028,0.223,78445,221993,57.0,66.0,71.0,1.061,1145,3065.0,2238.0,94.0,95.7,20.0,2.0,2.0,21.0,10961,1397,32.0,334261,0.0,44.8,0.725,37.000,17.000,69.000,600.0,3000.0,1200.0,100.0,0.0,0.0,0.0,0.0,0.0,0.0,0.0,0.0,0,0,16.0,246,Ne,Ne,Ne,230.6,231.1,4.34,4.33,0.00,4.21,0.13,0,0,0.0,0.0,0,0,0.0,0.0,0,0,0.0,0.0,157412,4536,174.1,31.4,0,0.0,
20.5.2026,12:41:31.869,33518,9641,77.6,19538,12356,61.2,0.6,1.181,1.195,1.175,1.175,1.175,1.180,1.180,1.180,1.185,5225.0,5225.0,5225.0,5225.0,5225.0,5225.0,5225.0,5225.0,5225.0,100.0,2614.3,4777.6,2948.9,2405.6,2450.6,2994.1,3080.2,2006.5,2150.6,3077.5,3547.6,2894.4,2591.3,1822.9,1830.6,1613.4,1637.3,2614.3,46.4,81.8,54.2,42.2,42.5,54.7,56.1,34.9,37.3,56.1,65.2,52.8,45.9,31.5,31.6,27.4,28.0,81.8,46.4,53.9,92.6,62.4,49.3,49.8,63.4,65.2,40.8,43.7,65.2,75.2,61.3,53.6,36.9,37.1,32.4,33.0,53.9,52.2,52.2,52.2,52.2,52.2,52.2,52.2,52.2,52.2,0.0,70.8,91.3,67.8,76.0,63.0,82.4,71.3,59.8,54.9,29.2,8.7,32.2,24.0,37.0,17.6,28.7,40.2,45.1,0.0,0.0,0.0,0.0,0.0,0.0,0.0,0.0,0.0,3000.0,30.00,30,40,40,76,116,884,1,59.1,56.6,52.4,51.6,54.4,48.9,55.8,49.5,55.6,50.9,50.6,46.9,44.3,44.3,51.0,43.1,46.0,46.0,60.0,1.183,1.250,1.100,47.002,14.755,47.035,79.500,7.419,88.855,5.573,6.628,5.332,6.325,4.940,6.659,5.840,4.581,4.279,55.513,18.444,82.119,88.886,2000.0,3000.0,5231.0,5231.0,5250.0,54.9,39.2,44.2,54.9,59.6,Ne,Ne,Ne,9.829,5.174,5.7,30,59,48,26,1.181,5.040,3.408,3.328,12.192,1.101,1.234,3.408,3.280,3.328,1.056,1.056,1.048,1.359,1.814,0.920,3.344,0.064,0.056,0.048,0.048,1.016,1.016,1305,1077,2721,51.9,58.3,46,46,22504866,1.195,1.238,605390,58,15,7375038,53,17,6793467,182.6,1.9,43.2,1.350,1.365,1.815,1.800,1.005,5.040,1.125,Ne,Ne,Ne,41.2,1.350,1.365,1.815,1.800,1.005,5.040,1.625,Ne,Ne,Ne,60,78,99.0,100.0,Ne,Ne,30664,54286,0.4,0.9,1.4,0.461,0.324,78445,221994,57.0,66.0,73.0,1.086,1161,3180.0,2238.0,100.0,98.8,22.0,2.0,2.0,21.0,10961,1397,32.0,334261,0.0,44.8,0.725,20.000,17.000,52.000,600.0,3000.0,1200.0,100.0,0.0,0.0,0.0,0.0,0.0,0.0,0.0,0.0,0,0,16.0,246,Ne,Ne,Ne,221.8,222.2,4.51,4.50,0.00,4.38,0.13,0,0,0.0,0.0,0,0,0.0,0.0,0,0,0.0,0.0,157413,4536,476.1,38.0,0,0.0,
20.5.2026,12:41:33.869,33520,9639,77.6,19535,12359,61.2,0.6,1.175,1.175,1.175,1.175,1.175,1.175,1.175,1.175,1.175,4939.3,5225.0,4653.5,5225.0,4653.5,5225.0,5225.0,4653.5,4653.5,100.0,2656.6,4820.9,3048.2,2583.4,2339.2,3179.2,2940.1,2345.7,1923.3,3476.3,3270.3,2996.9,2610.8,2347.5,1338.4,2149.5,1135.2,2656.6,47.4,81.1,56.4,45.8,41.6,58.5,53.8,41.2,33.6,64.4,60.1,55.0,46.1,41.1,23.4,37.3,19.5,81.1,47.4,54.7,91.9,64.5,53.2,48.2,67.4,62.3,47.7,39.0,73.8,69.3,63.5,53.5,47.6,27.1,43.4,22.7,54.7,49.4,52.2,46.5,52.2,46.5,52.2,52.2,46.5,46.5,0.0,71.7,92.2,68.1,77.4,63.5,85.4,72.8,59.4,54.5,27.7,7.8,31.9,22.6,34.8,14.6,27.2,38.9,43.8,0.7,0.0,0.0,0.0,1.7,0.0,0.0,1.7,1.8,3000.0,30.00,30,40,40,76,116,884,1,58.9,56.4,52.4,51.6,54.1,49.1,55.9,49.6,55.3,51.0,50.5,47.0,44.2,44.2,51.5,43.1,46.0,46.0,60.0,1.182,1.250,1.100,47.077,14.741,47.136,78.000,7.421,88.869,5.587,6.631,5.386,6.373,4.950,6.620,5.872,4.593,4.270,55.566,18.426,82.156,88.928,2000.0,3000.0,5230.8,5230.8,5250.0,54.9,39.3,43.3,54.9,59.4,Ne,Ne,Ne,9.368,4.844,5.7,30,58,47,26,1.172,5.040,3.408,3.328,12.192,1.101,1.243,3.408,3.280,3.328,1.056,1.056,1.048,1.350,1.814,0.920,3.344,0.064,0.056,0.048,0.048,1.016,1.016,1308,1094,2727,51.9,58.3,46,46,22504962,1.179,1.238,605393,52,14,7375154,63,17,6793580,182.6,1.9,43.2,1.350,1.365,1.815,1.800,1.005,5.040,0.875,Ne,Ne,Ne,41.2,1.350,1.365,1.815,1.800,1.005,5.040,1.500,Ne,Ne,Ne,60,78,99.0,100.0,Ne,Ne,30664,54286,0.5,0.3,0.8,2.054,2.174,78449,221998,57.0,66.0,73.0,1.091,1174,3192.0,2238.0,100.0,96.1,23.0,2.2,2.2,22.0,10961,1397,32.0,334261,0.0,44.8,0.725,10.000,18.000,109.000,600.0,3000.0,1200.0,100.0,0.0,0.0,0.0,0.0,0.0,0.0,0.0,0.0,0,0,16.0,246,Ne,Ne,Ne,222.8,222.8,4.49,4.49,0.00,4.36,0.13,0,0,0.0,0.0,0,0,0.0,0.0,0,0,0.0,0.0,157414,4536,780.2,50.8,0,0.0,
20.5.2026,12:41:35.875,33523,9636,77.6,19544,12351,61.2,0.6,1.183,1.175,1.175,1.175,1.175,1.175,1.195,1.195,1.195,5225.0,5225.0,5225.0,5225.0,5225.0,5225.0,5225.0,5225.0,5225.0,100.0,2809.1,4793.1,3162.5,2836.1,2514.9,3256.4,3160.1,2486.6,2174.5,3740.4,3283.8,3072.7,2795.9,2609.7,1450.2,2367.1,1242.2,2809.1,49.9,80.1,58.3,49.6,44.4,59.5,57.7,43.3,38.1,69.0,60.2,55.9,49.5,45.6,25.1,40.8,21.3,80.1,49.9,57.8,91.2,66.9,57.9,51.7,68.9,66.9,50.6,44.4,79.3,69.6,65.0,57.5,53.1,29.5,47.8,25.1,57.8,52.2,52.2,52.2,52.2,52.2,52.2,52.2,52.2,52.2,0.0,74.9,91.6,73.2,80.5,68.1,87.4,76.1,64.2,58.5,25.0,8.4,26.8,19.5,31.8,12.6,23.9,35.7,41.5,0.0,0.0,0.0,0.0,0.1,0.0,0.0,0.1,0.0,3000.0,30.00,30,40,40,76,116,884,1,59.1,57.3,55.0,52.5,55.1,50.1,56.7,50.6,56.3,52.0,51.3,47.8,44.6,44.6,51.2,43.2,46.0,46.0,60.0,1.182,1.250,1.100,50.555,14.869,50.473,77.500,7.456,93.238,5.895,6.894,5.763,6.614,5.324,6.885,6.191,4.902,4.586,59.706,18.586,86.493,93.178,2000.0,3000.0,5230.3,5230.3,5250.0,57.5,42.1,43.1,57.5,60.4,Ne,Ne,Ne,10.593,5.621,6.0,30,59,48,26,1.181,5.040,3.408,3.328,12.288,1.101,1.243,3.408,3.280,3.328,1.056,1.056,1.048,1.359,1.814,0.920,3.344,0.064,0.048,0.048,0.048,1.016,1.016,1284,1040,2777,51.9,58.3,46,46,22505056,1.171,1.238,605395,63,14,7375258,45,17,6793681,182.6,1.9,43.2,1.350,1.365,1.815,1.800,1.005,5.040,0.875,Ne,Ne,Ne,41.2,1.350,1.365,1.815,1.800,1.005,5.040,1.250,Ne,Ne,Ne,60,78,99.0,100.0,Ne,Ne,30664,54286,0.7,0.8,1.5,0.616,1.050,78451,222000,57.0,67.0,73.0,1.089,1180,3187.0,2238.0,100.0,98.8,23.0,2.3,2.3,22.0,10961,1397,32.0,334261,0.0,44.8,0.725,60.000,20.000,97.000,600.0,3000.0,1200.0,100.0,0.0,0.0,0.0,0.0,0.0,0.0,0.0,0.0,0,0,16.0,246,Ne,Ne,Ne,234.3,233.6,4.27,4.28,0.00,4.14,0.13,0,0,0.0,0.0,0,0,0.0,0.0,0,0,0.0,0.0,157415,4537,596.3,38.4,0,0.0,
20.5.2026,12:41:37.874,33540,9619,77.7,19530,12364,61.2,0.6,1.174,1.185,1.175,1.175,1.175,1.175,1.170,1.170,1.170,5225.0,5225.0,5225.0,5225.0,5225.0,5225.0,5225.0,5225.0,5225.0,100.0,2741.4,4795.7,3171.4,2659.4,2583.1,2989.5,3245.9,2314.8,2261.6,3053.7,3770.7,2844.0,2872.4,2400.3,1493.9,2264.8,1142.1,2741.4,48.3,78.9,58.4,45.8,45.7,54.0,59.2,39.6,39.7,55.2,69.6,50.3,52.0,41.0,25.6,38.2,19.0,78.9,48.3,56.2,89.9,67.1,53.8,53.2,63.3,68.7,46.7,46.3,64.6,80.0,59.1,60.4,48.3,30.2,45.2,22.8,56.2,52.2,52.2,52.2,52.2,52.2,52.2,52.2,52.2,52.2,0.0,73.7,91.7,72.7,79.1,67.5,85.6,74.9,61.9,56.0,26.3,8.3,27.3,20.9,32.5,14.4,25.1,38.1,44.0,0.0,0.0,0.0,0.0,0.0,0.0,0.0,0.0,0.0,3000.0,30.00,30,40,40,76,116,884,1,59.2,57.5,56.8,52.4,55.3,49.9,56.6,50.5,56.3,51.8,51.1,47.5,44.7,44.7,51.5,43.2,46.0,46.0,60.0,1.182,1.250,1.100,49.896,14.776,49.917,80.250,7.455,92.297,5.759,6.836,5.614,6.511,5.182,6.792,6.046,4.718,4.372,58.928,18.471,85.599,92.324,2000.0,3000.0,5230.6,5230.6,5250.0,57.0,41.6,44.6,57.0,60.5,Ne,Ne,Ne,9.480,4.870,5.9,30,59,48,26,1.172,5.040,3.408,3.328,12.288,1.101,1.243,3.392,3.280,3.328,1.056,1.056,1.048,1.350,1.814,0.920,3.344,0.064,0.056,0.048,0.048,1.016,1.016,1320,1106,2743,51.9,58.3,46,46,22505152,1.179,1.238,605397,54,14,7375384,14,17,6793803,182.6,1.9,43.2,1.350,1.365,1.815,1.800,1.005,5.040,0.750,Ne,Ne,Ne,41.2,1.350,1.365,1.815,1.800,1.005,5.040,1.375,Ne,Ne,Ne,60,78,99.0,100.0,Ne,Ne,30664,54286,0.1,1.3,1.4,0.283,1.529,78451,222003,57.0,66.0,74.0,1.092,1182,3194.0,2238.0,100.0,98.8,21.0,2.2,2.2,22.0,10961,1397,32.0,334261,0.0,44.8,0.725,64.000,18.000,97.000,600.0,3000.0,1200.0,100.0,0.0,0.0,0.0,0.0,0.0,0.0,0.0,0.0,0,0,16.0,246,Ne,Ne,Ne,235.7,235.0,4.24,4.25,0.00,4.12,0.12,0,0,0.0,0.0,0,0,0.0,0.0,0,0,0.0,0.0,157416,4537,475.9,37.6,0,0.0,
20.5.2026,12:41:39.871,33525,9634,77.6,19536,12358,61.2,0.6,1.175,1.185,1.170,1.170,1.170,1.170,1.180,1.180,1.175,5225.0,5225.0,5225.0,5225.0,5225.0,5225.0,5225.0,5225.0,5225.0,100.0,2502.6,4808.4,2797.5,2358.3,2338.5,2759.5,2996.9,1963.3,1939.7,2774.6,3767.8,2486.8,2677.0,1886.0,1469.0,1818.1,1200.7,2502.6,44.3,81.8,51.2,41.0,41.3,49.8,54.4,34.0,33.9,50.0,70.2,43.2,48.4,32.6,25.6,31.2,20.6,81.8,44.3,51.3,92.4,58.8,48.0,47.8,57.9,63.1,39.8,39.5,58.1,80.0,50.6,56.1,38.1,29.8,36.6,24.2,51.3,52.2,52.2,52.2,52.2,52.2,52.2,52.2,52.2,52.2,0.0,68.9,91.9,66.6,73.9,59.7,84.1,68.8,55.2,50.9,30.4,8.1,32.5,26.1,38.9,15.9,31.2,43.3,47.5,0.7,0.0,0.8,0.0,1.4,0.0,0.0,1.6,1.6,3000.0,30.00,30,40,40,76,116,884,1,58.9,56.2,54.6,50.9,54.3,48.4,55.1,48.7,54.9,50.1,49.8,46.2,43.9,43.9,51.5,43.3,46.0,46.0,60.0,1.181,1.250,1.100,46.482,14.801,46.471,77.500,7.439,88.245,5.363,6.638,5.163,6.086,4.647,6.481,5.567,4.305,4.016,54.850,18.501,81.534,88.229,2000.0,3000.0,5231.6,5231.6,5250.0,54.5,38.7,43.1,54.5,59.1,Ne,Ne,Ne,9.974,4.944,5.5,30,58,47,26,1.172,5.040,3.408,3.328,12.192,1.101,1.243,3.408,3.280,3.328,1.056,1.056,1.048,1.359,1.814,0.920,3.344,0.064,0.056,0.048,0.048,1.016,1.016,1315,1107,2721,51.9,58.3,46,46,22505248,1.175,1.234,605400,64,15,7375492,61,17,6793908,182.6,1.9,43.2,1.350,1.365,1.815,1.800,1.005,5.040,0.875,Ne,Ne,Ne,41.2,1.350,1.365,1.815,1.800,1.005,5.040,2.250,Ne,Ne,Ne,60,78,99.0,100.0,Ne,Ne,30664,54286,0.3,0.1,0.4,0.002,0.300,78451,222003,57.0,67.0,73.0,1.084,1183,3178.0,2238.0,100.0,96.7,21.0,2.2,2.2,22.0,10961,1397,32.0,334261,0.0,44.8,0.725,64.000,18.000,97.000,600.0,3000.0,1200.0,100.0,0.0,0.0,0.0,0.0,0.0,0.0,0.0,0.0,0,0,16.0,246,Ne,Ne,Ne,218.1,218.2,4.59,4.58,0.00,4.46,0.12,0,0,0.0,0.0,0,0,0.0,0.0,0,0,0.0,0.0,157417,4537,437.5,33.8,0,0.0,
20.5.2026,12:41:41.869,33585,9574,77.8,19556,12338,61.3,0.6,1.180,1.180,1.180,1.180,1.180,1.180,1.180,1.180,1.180,5225.0,5225.0,5225.0,5225.0,5225.0,5225.0,5225.0,5225.0,5225.0,100.0,2643.4,4772.5,2960.5,2390.1,2598.6,2932.7,3071.1,2053.3,2310.5,3365.4,3295.5,2770.3,2792.1,1618.4,2111.9,1476.5,1775.4,2643.4,46.5,78.6,53.9,40.8,44.8,53.0,55.9,35.3,40.2,61.8,60.3,49.3,50.4,27.5,36.7,24.6,30.4,78.6,46.5,54.1,89.6,62.3,48.4,52.7,61.7,65.0,41.4,46.8,71.3,69.8,57.6,58.7,32.4,42.6,29.2,35.5,54.0,52.2,52.2,52.2,52.2,52.2,52.2,52.2,52.2,52.2,0.0,71.4,91.2,69.0,77.4,63.9,85.4,73.2,58.6,52.3,28.6,8.8,31.0,22.6,36.1,14.6,26.8,41.4,47.7,0.0,0.0,0.0,0.0,0.0,0.0,0.0,0.0,0.0,3000.0,30.00,30,40,40,76,116,884,1,58.5,56.2,56.4,51.3,54.2,48.9,55.4,49.4,55.0,50.9,50.3,46.6,44.1,44.1,51.5,43.2,46.0,46.0,60.0,1.183,1.250,1.100,47.649,14.844,47.649,79.000,7.456,89.696,5.527,6.577,5.318,6.241,4.958,6.494,5.862,4.570,4.197,56.281,18.554,83.037,89.728,2000.0,3000.0,5231.6,5231.6,5250.0,55.4,39.7,43.9,55.4,59.2,Ne,Ne,Ne,9.659,4.690,5.7,30,58,47,26,1.181,5.040,3.408,3.328,12.192,1.101,1.243,3.408,3.280,3.328,1.056,1.056,1.048,1.350,1.814,0.920,3.328,0.064,0.056,0.048,0.048,1.016,1.016,1299,1052,2721,51.9,58.3,46,46,22505342,1.175,1.234,605402,47,14,7375620,35,19,6794032,182.6,1.9,43.2,1.350,1.365,1.815,1.800,1.005,5.040,2.250,Ne,Ne,Ne,41.2,1.350,1.365,1.800,1.800,1.005,5.040,1.625,Ne,Ne,Ne,60,78,99.0,100.0,Ne,Ne,30664,54286,0.1,0.2,0.3,0.529,0.756,78452,222005,57.0,66.0,73.0,1.085,1183,3181.0,2238.0,100.0,98.9,20.0,1.9,1.9,22.0,10961,1397,32.0,334261,0.0,44.8,0.725,33.000,17.000,65.000,600.0,3000.0,1200.0,100.0,0.0,0.0,0.0,0.0,0.0,0.0,0.0,0.0,0,0,16.0,246,Ne,Ne,Ne,212.6,212.8,4.70,4.70,0.00,4.58,0.12,0,0,0.0,0.0,0,0,0.0,0.0,0,0,0.0,0.0,157418,4537,427.6,36.8,0,0.0,
20.5.2026,12:41:43.877,33583,9576,77.8,19554,12340,61.3,0.6,1.178,1.175,1.175,1.175,1.180,1.180,1.180,1.180,1.180,5010.7,5225.0,5225.0,5225.0,4653.5,5225.0,5225.0,4653.5,4653.5,100.0,2555.8,4766.4,2966.0,2157.8,2551.8,2909.2,2875.3,1739.4,2328.5,3340.0,3211.0,2670.4,2614.2,1447.7,2076.9,1194.2,2043.8,2555.8,45.3,79.7,55.0,38.3,45.8,53.2,52.3,29.9,40.5,61.5,58.8,47.9,46.6,24.0,36.0,19.5,35.7,79.7,45.3,52.7,90.1,62.8,44.3,52.7,61.7,61.0,35.7,47.5,70.9,68.1,55.9,54.3,29.5,42.4,24.4,41.8,52.7,50.1,52.2,52.2,52.2,46.5,52.2,52.2,46.5,46.5,0.0,69.2,91.1,65.5,73.4,60.9,83.2,68.5,57.2,53.9,30.4,8.9,34.5,26.6,38.4,16.8,31.5,41.7,45.0,0.4,0.0,0.0,0.0,0.7,0.0,0.0,1.1,1.1,3000.0,30.00,30,40,40,76,116,884,1,58.4,56.3,55.0,51.3,54.5,48.7,55.4,49.2,55.2,50.6,50.3,46.7,44.1,44.1,50.5,42.7,46.0,46.0,60.0,1.183,1.250,1.100,46.919,14.806,46.979,78.750,7.425,88.848,5.461,6.679,5.198,6.145,4.799,6.509,5.698,4.476,4.187,55.411,18.507,82.086,88.901,2000.0,3000.0,5231.2,5231.2,5250.0,54.9,39.1,43.8,54.9,59.3,Ne,Ne,Ne,9.566,5.340,5.5,30,58,47,26,1.172,5.040,3.408,3.328,12.192,1.101,1.243,3.408,3.280,3.328,1.056,1.056,1.048,1.359,1.814,0.920,3.344,0.064,0.056,0.048,0.048,1.016,1.016,1293,1040,2721,51.9,58.3,46,46,22505436,1.187,1.238,605404,28,14,7375714,73,18,6794124,182.6,1.9,43.2,1.350,1.365,1.800,1.800,1.005,5.040,1.875,Ne,Ne,Ne,41.2,1.350,1.365,1.800,1.800,1.005,5.040,2.125,Ne,Ne,Ne,60,78,99.0,100.0,Ne,Ne,30664,54286,0.1,0.7,0.7,0.544,1.586,78453,222008,57.0,66.0,74.0,1.074,1187,3162.0,2238.0,100.0,95.9,21.0,1.9,1.9,22.0,10961,1397,32.0,334261,0.0,44.8,0.725,2.000,18.000,100.000,600.0,3000.0,1200.0,100.0,0.0,0.0,0.0,0.0,0.0,0.0,0.0,0.0,0,0,16.0,246,Ne,Ne,Ne,208.7,208.6,4.79,4.79,0.00,4.66,0.13,0,0,0.0,0.0,0,0,0.0,0.0,0,0,0.0,0.0,157419,4537,712.1,46.6,0,0.0,
20.5.2026,12:41:45.869,33578,9581,77.8,19547,12348,61.2,0.6,1.184,1.175,1.185,1.185,1.185,1.185,1.185,1.185,1.185,5225.0,5225.0,5225.0,5225.0,5225.0,5225.0,5225.0,5225.0,5225.0,100.0,2547.0,4735.2,3078.5,2135.3,2531.0,2759.3,3084.9,1651.5,2341.5,3092.2,3485.7,2662.1,2725.1,1268.8,2158.7,1074.3,1967.4,2547.0,45.3,76.7,56.9,37.4,44.6,49.0,56.3,29.2,41.8,57.3,64.4,46.9,48.5,23.1,38.6,19.5,35.0,76.7,45.3,52.0,87.1,65.2,43.6,51.8,56.9,65.2,33.6,47.8,65.5,73.9,54.5,56.2,25.7,44.0,21.6,40.0,52.0,52.2,52.2,52.2,52.2,52.2,52.2,52.2,52.2,52.2,0.0,69.1,90.5,65.6,74.6,60.4,83.6,70.2,56.4,51.4,30.6,9.5,34.4,25.4,38.8,16.4,29.8,42.7,47.7,0.3,0.0,0.0,0.0,0.7,0.0,0.0,1.0,0.9,3000.0,30.00,30,40,40,76,116,884,1,58.1,55.9,57.2,50.8,54.3,48.3,54.8,48.6,54.7,50.1,49.7,46.1,43.7,43.7,51.2,43.2,46.0,46.0,60.0,1.182,1.250,1.100,46.751,14.802,46.683,78.250,7.409,88.476,5.441,6.736,5.196,6.108,4.760,6.526,5.684,4.416,4.099,55.168,18.503,81.821,88.444,2000.0,3000.0,5231.8,5231.8,5250.0,54.6,38.9,43.5,54.6,58.9,Ne,Ne,Ne,9.704,4.985,5.5,30,58,46,26,1.172,5.040,3.408,3.328,12.192,1.101,1.243,3.408,3.280,3.328,1.056,1.056,1.048,1.359,1.814,0.920,3.344,0.064,0.048,0.048,0.048,1.016,1.016,1290,1033,2772,51.9,58.3,46,46,22505530,1.179,1.238,605407,46,15,7375770,31,22,6794181,182.6,1.9,43.2,1.350,1.365,1.800,1.800,1.005,5.040,0.875,Ne,Ne,Ne,41.2,1.350,1.365,1.800,1.800,0.990,5.040,1.500,Ne,Ne,Ne,60,78,99.0,100.0,Ne,Ne,30664,54286,0.6,0.5,1.1,3.459,1.658,78460,222011,57.0,67.0,65.0,0.587,1199,1247.0,2238.0,33.0,96.2,3.0,2.2,2.2,22.0,10961,1397,32.0,334261,0.0,44.8,0.725,42.000,17.000,74.000,600.0,3000.0,1200.0,100.0,0.0,0.0,0.0,0.0,0.0,0.0,0.0,0.0,0,0,16.0,246,Ne,Ne,Ne,223.7,223.2,4.47,4.48,0.00,4.34,0.13,0,0,0.0,0.0,0,0,0.0,0.0,0,0,0.0,0.0,157421,4537,907.7,50.4,0,0.0,
20.5.2026,12:41:47.871,33570,9589,77.7,19562,12333,61.3,0.6,1.185,1.175,1.190,1.190,1.190,1.185,1.185,1.185,1.180,5225.0,5225.0,5225.0,5225.0,5225.0,5225.0,5225.0,5225.0,5225.0,100.0,2659.6,4736.5,3068.4,2348.4,2549.9,2833.3,3250.1,1943.9,2358.1,3319.9,3440.7,2783.0,2679.1,1641.3,2118.1,1469.8,2013.4,2659.6,47.0,77.9,56.2,40.8,45.3,51.3,59.3,34.0,41.3,61.0,63.1,50.2,47.3,28.1,36.8,24.9,35.2,77.9,47.0,54.6,88.7,64.7,47.8,53.0,59.7,68.9,39.9,48.2,70.4,72.9,58.5,55.3,33.1,43.0,29.5,41.0,54.7,52.2,52.2,52.2,52.2,52.2,52.2,52.2,52.2,52.2,0.0,71.1,90.5,67.0,77.3,63.2,86.0,70.4,58.7,55.8,28.6,9.5,33.0,22.7,36.8,14.0,29.6,40.5,42.9,0.3,0.0,0.0,0.0,0.0,0.0,0.0,0.8,1.3,3000.0,30.00,30,40,40,76,116,884,1,58.8,57.0,58.1,51.7,54.7,49.1,55.8,49.7,55.8,50.9,50.6,47.2,44.3,44.3,50.8,43.1,46.0,46.0,60.0,1.183,1.250,1.100,47.641,14.803,47.626,80.000,7.421,89.677,5.599,6.721,5.350,6.298,4.978,6.725,5.777,4.600,4.340,56.292,18.504,82.960,89.651,2000.0,3000.0,5231.3,5231.3,5250.0,55.3,39.7,44.4,55.3,60.0,Ne,Ne,Ne,9.778,4.970,5.7,30,58,47,26,1.181,5.040,3.408,3.328,12.288,1.101,1.243,3.408,3.280,3.328,1.072,1.056,1.048,1.368,1.814,0.920,3.344,0.064,0.048,0.048,0.048,1.016,1.016,1293,1042,2772,51.9,58.3,46,46,22505622,1.167,1.238,605409,29,14,7375862,86,18,6794272,182.6,1.9,43.2,1.350,1.365,1.800,1.800,0.990,5.040,0.750,Ne,Ne,Ne,41.2,1.350,1.365,1.800,1.800,0.990,5.040,1.000,Ne,Ne,Ne,60,78,99.0,100.0,Ne,Ne,30664,54286,0.8,0.7,1.5,0.832,0.938,78461,222013,57.0,68.0,66.0,0.765,1202,1720.0,2238.0,27.0,96.6,0.0,2.0,2.0,22.0,10982,1390,32.0,334318,0.0,44.8,0.725,26.000,17.000,58.000,600.0,3000.0,1200.0,100.0,0.0,0.0,0.0,0.0,0.0,0.0,0.0,0.0,0,0,16.0,246,Ne,Ne,Ne,222.2,222.1,4.50,4.50,0.00,4.38,0.12,0,0,0.0,0.0,0,0,0.0,0.0,0,0,0.0,0.0,157423,4537,853.3,48.2,0,0.0,
20.5.2026,12:41:49.872,34438,8721,79.7,19964,11930,62.5,0.6,1.198,1.195,1.195,1.195,1.195,1.200,1.200,1.200,1.200,4245.3,5225.0,2612.5,5225.0,2612.5,5225.0,5225.0,5225.0,2612.5,100.0,2007.2,4577.1,2050.1,1414.5,1428.0,2172.5,1962.6,1149.7,1190.0,3510.8,2088.7,1820.7,1528.2,1752.3,3619.6,921.5,928.3,2007.2,36.1,73.3,37.5,25.6,26.3,39.0,35.1,21.2,22.4,65.8,38.1,32.8,27.2,30.1,67.9,17.1,17.5,73.3,36.1,41.0,82.8,42.7,29.1,29.4,45.1,40.6,23.7,24.5,74.4,43.5,37.8,31.3,35.8,76.4,18.9,19.1,41.0,42.5,52.2,26.1,52.2,26.1,52.2,52.2,52.2,26.1,0.0,57.9,87.4,41.7,59.9,35.3,84.0,48.6,78.0,28.1,40.3,12.6,58.3,40.1,62.0,16.0,51.4,21.0,61.5,1.8,0.0,0.0,0.0,2.7,0.0,0.0,1.0,10.4,3000.0,30.00,30,40,40,76,116,884,1,59.5,57.0,56.4,48.2,51.7,43.8,51.2,43.9,53.6,45.2,53.9,42.1,42.7,42.7,50.5,42.7,45.9,46.0,60.0,1.188,1.250,1.100,36.343,14.204,36.418,77.500,7.361,75.538,4.449,5.921,3.462,4.619,3.001,5.843,3.899,6.367,2.477,43.138,17.755,68.990,75.598,2000.0,3000.0,5236.2,5236.2,5250.0,46.7,30.3,43.1,46.7,60.0,Ne,Ne,Ne,5.493,2.850,4.6,30,59,48,26,1.199,5.040,3.408,3.328,12.288,1.101,1.243,3.408,3.280,3.328,1.056,1.056,1.048,1.359,1.814,0.920,3.344,0.064,0.048,0.048,0.048,1.016,1.016,1317,1057,2727,51.9,58.3,46,46,22505716,1.195,1.238,605411,36,13,7375920,49,17,6794330,182.6,1.9,43.2,1.365,1.365,1.800,1.800,0.990,5.040,0.375,Ne,Ne,Ne,41.2,1.365,1.365,1.800,1.800,0.990,5.040,0.625,Ne,Ne,Ne,60,78,99.0,100.0,Ne,Ne,30664,54286,0.8,0.7,1.5,2.934,1.384,78467,222016,53.0,64.0,57.0,0.846,1204,2407.0,2238.0,39.0,23.7,7.0,0.2,0.2,22.0,11295,1446,32.0,336138,0.0,44.6,0.725,42.000,17.000,74.000,600.0,3000.0,1200.0,100.0,0.0,0.0,0.0,0.0,0.0,0.0,0.0,0.0,0,0,16.0,246,Ne,Ne,Ne,42.7,79.3,23.43,0.63,18.06,23.43,0.00,0,0,0.0,0.0,0,0,0.0,0.0,0,0,0.0,0.0,157424,4537,703.7,21.4,0,0.0,
20.5.2026,12:41:51.871,34513,8646,79.9,19987,11908,62.6,0.6,1.189,1.185,1.190,1.190,1.190,1.190,1.190,1.190,1.190,4898.4,5225.0,5225.0,5225.0,5225.0,5225.0,5225.0,2612.5,5225.0,100.0,1716.6,4214.0,1628.5,1007.7,985.8,1700.0,1503.1,735.8,836.5,2831.7,2041.9,1406.0,1170.9,1450.9,4632.7,697.5,622.4,1716.6,30.2,64.9,28.6,17.2,17.5,29.7,26.2,12.7,15.3,52.7,37.4,24.7,20.4,25.1,88.2,12.3,11.1,88.2,30.2,34.8,73.7,33.4,20.4,20.1,35.0,30.8,14.9,17.0,59.9,42.9,28.9,23.9,30.0,98.5,14.1,12.6,34.8,49.0,52.2,52.2,52.2,52.2,52.2,52.2,26.1,52.2,0.0,53.6,80.5,32.6,50.2,26.5,78.8,40.5,96.1,23.3,44.3,19.5,66.2,49.8,67.5,21.2,59.5,3.9,66.7,2.1,0.0,1.2,0.0,6.0,0.0,0.0,0.0,10.0,3000.0,30.00,30,40,40,76,116,884,1,59.5,57.0,54.6,46.6,50.0,41.2,48.9,41.2,52.0,42.8,56.4,40.3,41.7,41.7,50.5,42.7,45.4,46.0,60.0,1.192,1.250,1.100,34.273,14.029,34.256,76.750,7.363,72.839,4.146,5.565,2.742,4.014,2.360,5.293,3.323,7.753,2.119,40.808,17.536,66.444,72.817,2000.0,3000.0,5237.5,5237.5,5250.0,44.9,28.5,42.6,44.9,60.0,Ne,Ne,Ne,3.989,1.435,4.3,30,59,48,26,1.190,5.080,3.408,3.328,12.288,1.101,1.234,3.408,3.280,3.328,1.072,1.056,1.048,1.359,1.814,0.920,3.344,0.064,0.056,0.048,0.048,1.016,1.016,1324,1085,2721,51.9,58.3,45,46,22505812,1.183,1.238,605414,38,13,7375992,31,17,6794403,182.6,1.9,43.2,1.365,1.365,1.800,1.800,0.990,5.040,0.375,Ne,Ne,Ne,41.2,1.365,1.365,1.800,1.800,0.990,5.040,0.375,Ne,Ne,Ne,60,78,99.0,100.0,Ne,Ne,30664,54286,3.2,0.2,3.4,12.986,1.545,78492,222019,53.0,64.0,55.0,0.707,1183,91.0,2238.0,5.0,27.8,0.0,0.3,0.3,20.0,11514,1446,32.0,336460,0.0,44.3,0.725,24.000,17.000,56.000,600.0,3000.0,1200.0,100.0,0.0,0.0,0.0,0.0,0.0,0.0,0.0,0.0,0,0,16.0,246,Ne,Ne,Ne,101.9,106.9,9.81,0.28,9.35,9.81,0.00,0,0,0.0,0.0,0,0,0.0,0.0,0,0,0.0,0.0,157426,4537,892.5,29.1,0,0.0,
20.5.2026,12:41:53.880,34516,8643,79.9,20004,11891,62.7,0.6,1.201,1.205,1.200,1.200,1.200,1.200,1.200,1.200,1.200,5225.0,5225.0,5225.0,5225.0,5225.0,5225.0,5225.0,5225.0,5225.0,100.0,1219.4,3357.6,916.3,434.2,530.3,809.3,1070.8,319.1,372.1,717.9,3441.6,625.9,712.5,277.2,290.3,4779.5,855.0,1219.4,22.3,55.0,16.1,8.4,10.5,13.8,18.9,6.6,7.0,12.8,65.3,11.1,13.1,5.9,5.4,91.4,15.2,91.4,22.3,24.8,62.0,18.3,8.7,10.7,16.1,21.6,6.4,7.5,14.5,73.0,12.5,14.4,5.6,5.8,101.7,17.5,24.8,52.2,52.2,52.2,52.2,52.2,52.2,52.2,52.2,52.2,0.0,40.7,64.2,16.3,29.9,13.0,72.0,21.0,11.0,98.5,53.2,35.8,79.8,70.1,68.3,28.0,79.0,62.9,1.5,6.1,0.0,3.9,0.0,18.7,0.0,0.0,26.1,0.0,3000.0,30.00,30,40,40,76,116,884,1,57.8,52.6,53.2,43.4,45.8,38.1,44.1,38.3,46.8,41.3,40.6,52.1,39.9,39.9,50.8,42.6,44.9,46.0,60.0,1.194,1.250,1.100,26.967,13.854,26.969,73.500,7.338,63.838,3.243,4.367,1.737,2.669,1.394,4.676,2.135,1.214,7.756,32.152,17.318,57.542,63.862,2000.0,3000.0,5239.0,5239.0,5250.0,39.4,22.5,40.8,39.4,55.3,Ne,Ne,Ne,2.812,1.128,3.3,30,57,46,26,1.190,5.040,3.408,3.328,12.288,1.101,1.243,3.408,3.280,3.328,1.056,1.056,1.048,1.359,1.814,0.920,3.344,0.064,0.056,0.048,0.048,1.016,1.016,1313,1073,2721,51.9,58.3,45,46,22505908,1.195,1.238,605416,20,13,7376068,19,16,6794478,182.6,1.9,43.0,1.365,1.365,1.800,1.800,0.990,5.040,0.625,Ne,Ne,Ne,41.0,1.365,1.365,1.800,1.800,0.990,5.040,0.375,Ne,Ne,Ne,60,78,99.0,100.0,Ne,Ne,30664,54286,2.1,0.5,2.6,3.754,1.169,78499,222021,52.0,62.0,56.0,0.757,1153,1857.0,2238.0,50.0,31.1,7.0,0.4,0.4,20.0,11540,1494,32.0,336460,0.0,44.2,0.725,0.000,18.000,99.000,600.0,3000.0,1200.0,100.0,0.0,0.0,0.0,0.0,0.0,0.0,0.0,0.0,0,0,16.0,246,Ne,Ne,Ne,46.1,44.6,21.68,0.27,21.33,21.68,0.00,0,0,0.0,0.0,0,0,0.0,0.0,0,0,0.0,0.0,157427,4537,762.6,17.6,0,0.0,
20.5.2026,12:41:55.871,34815,8343,80.6,20275,11620,63.5,0.6,1.179,1.175,1.180,1.180,1.180,1.180,1.180,1.180,1.180,5225.0,5225.0,5225.0,5225.0,5225.0,5225.0,5225.0,5225.0,5225.0,100.0,1461.7,3983.7,1903.4,1046.4,909.1,1480.5,1437.9,801.3,785.3,1894.2,3274.1,1347.3,989.7,664.6,571.1,1602.4,696.4,1461.7,25.6,54.0,34.8,18.8,16.5,26.5,25.5,14.4,15.0,34.9,61.5,24.3,17.4,12.2,11.2,30.1,12.7,61.5,25.6,29.0,61.2,39.6,21.5,18.6,30.6,29.4,16.3,16.1,39.8,69.3,27.9,20.1,13.5,11.6,33.6,14.4,29.0,52.2,52.2,52.2,52.2,52.2,52.2,52.2,52.2,52.2,0.0,45.9,76.2,32.2,46.5,26.6,86.1,37.4,21.7,40.2,48.8,23.8,65.7,53.5,63.1,13.9,62.6,62.0,45.9,5.3,0.0,2.1,0.0,10.3,0.0,0.0,16.2,13.9,3000.0,30.00,30,40,40,76,116,884,1,56.8,52.6,56.8,43.4,47.8,39.9,46.0,39.8,48.5,41.3,41.6,41.7,39.5,39.5,50.0,42.4,44.6,46.0,60.0,1.170,1.250,1.100,28.140,14.072,28.125,81.500,7.347,65.172,3.374,5.285,2.575,3.511,2.202,5.423,2.909,1.870,3.215,33.013,17.590,58.685,65.147,2000.0,3000.0,5238.0,5238.0,5250.0,40.2,23.4,45.3,40.2,55.4,Ne,Ne,Ne,5.325,2.284,3.7,30,57,45,26,1.190,5.040,3.408,3.328,12.288,1.101,1.243,3.408,3.280,3.328,1.056,1.056,1.048,1.359,1.814,0.920,3.344,0.064,0.056,0.048,0.048,1.016,1.016,1278,1004,2743,51.9,58.3,45,46,22506000,1.171,1.238,605418,19,14,7376108,32,17,6794521,182.6,1.9,43.0,1.365,1.365,1.800,1.800,0.990,5.040,1.125,Ne,Ne,Ne,41.0,1.365,1.365,1.800,1.800,0.990,5.040,1.000,Ne,Ne,Ne,60,78,99.0,100.0,Ne,Ne,30664,54286,0.5,1.0,1.5,1.922,6.681,78503,222034,52.0,62.0,55.0,0.838,1133,2310.0,2238.0,39.0,27.6,8.0,0.5,0.5,20.0,11628,1506,32.0,336559,0.0,44.1,0.725,5.000,17.000,103.000,600.0,3000.0,1200.0,100.0,0.0,0.0,0.0,0.0,0.0,0.0,0.0,0.0,0,0,16.0,246,Ne,Ne,Ne,32.5,33.0,30.81,0.33,30.45,30.81,0.00,0,0,0.0,0.0,0,0,0.0,0.0,0,0,0.0,0.0,157429,4537,739.8,17.3,0,0.0,
20.5.2026,12:41:57.871,35380,7779,81.9,20651,11244,64.7,0.6,1.148,1.155,1.140,1.140,1.140,1.140,1.140,1.165,1.165,5225.0,5225.0,5225.0,5225.0,5225.0,5225.0,5225.0,5225.0,5225.0,100.0,1847.9,4531.8,1856.5,1773.6,1470.3,2547.0,1764.7,1336.3,1178.1,3808.1,1752.5,1905.4,1582.1,1131.3,1069.2,940.2,918.7,1847.9,33.0,74.1,33.6,30.9,26.2,45.6,31.4,24.6,21.5,71.3,31.7,34.2,27.6,20.8,19.8,17.4,16.8,74.1,33.0,37.7,84.0,38.5,36.2,30.3,52.9,36.5,27.8,24.3,80.7,36.6,39.6,32.3,23.3,22.2,19.2,18.8,37.7,52.2,52.2,52.2,52.2,52.2,52.2,52.2,52.2,52.2,0.0,55.3,86.6,49.5,65.8,39.2,84.8,52.9,34.6,29.2,43.6,13.4,50.5,34.2,60.5,15.2,47.1,64.0,64.0,1.1,0.0,0.0,0.0,0.3,0.0,0.0,1.4,6.7,3000.0,30.00,30,40,40,76,116,884,1,58.0,54.4,52.4,46.6,51.1,44.1,50.9,43.9,51.6,44.9,45.3,41.2,41.5,41.5,50.5,42.3,45.3,46.0,60.0,1.171,1.250,1.100,36.075,14.133,36.093,84.000,7.389,74.679,4.166,5.923,3.827,4.915,3.267,5.875,4.068,2.972,2.485,42.370,17.666,68.163,74.712,2000.0,3000.0,5235.2,5235.2,5250.0,46.1,30.1,46.7,46.1,57.3,Ne,Ne,Ne,5.472,2.561,4.4,30,57,47,26,1.154,5.040,3.408,3.328,12.288,1.101,1.243,3.408,3.280,3.328,1.056,1.056,1.048,1.359,1.814,0.920,3.344,0.064,0.048,0.048,0.048,1.016,1.016,1259,1045,2727,51.9,58.3,45,46,22506090,1.144,1.238,605421,37,14,7376146,57,17,6794562,182.6,1.9,43.0,1.365,1.365,1.800,1.800,1.005,5.040,1.500,Ne,Ne,Ne,41.0,1.365,1.365,1.800,1.800,1.005,5.040,0.375,Ne,Ne,Ne,60,78,99.0,100.0,Ne,Ne,30664,54286,0.8,0.8,1.6,2.300,4.843,78507,222043,51.0,62.0,54.0,0.796,1126,2082.0,2238.0,35.0,28.3,7.0,0.3,0.3,20.0,11639,1458,32.0,336569,0.0,44.3,0.725,22.000,17.000,54.000,600.0,3000.0,1200.0,100.0,0.0,0.0,0.0,0.0,0.0,0.0,0.0,0.0,0,0,16.0,246,Ne,Ne,Ne,84.3,11.4,11.87,0.63,10.80,11.56,0.31,0,0,0.0,0.0,0,0,0.0,0.0,0,0,0.0,0.0,157430,4537,577.2,22.6,0,0.0,
20.5.2026,12:41:59.869,34355,8804,79.6,19884,12011,62.3,0.6,1.163,1.145,1.155,1.155,1.155,1.170,1.175,1.175,1.175,5225.0,5225.0,5225.0,5225.0,5225.0,5225.0,5225.0,5225.0,5225.0,100.0,1307.2,3879.2,1427.8,1171.5,1087.8,1295.9,1456.0,773.8,735.2,2253.8,2435.2,1150.1,981.6,678.4,597.1,535.6,455.8,1307.2,22.7,60.0,25.1,20.3,19.2,22.2,25.4,13.6,13.0,41.5,44.9,20.0,17.0,12.2,10.9,10.0,8.3,60.0,22.7,26.1,68.0,29.3,23.8,22.3,26.4,29.8,15.7,14.9,47.4,51.2,23.5,19.9,13.7,12.2,11.0,9.3,26.1,52.2,52.2,52.2,52.2,52.2,52.2,52.2,52.2,52.2,0.0,40.9,74.1,34.8,43.7,24.2,78.0,34.3,21.1,17.2,55.6,25.9,65.2,56.3,73.8,22.0,65.7,71.4,64.3,3.5,0.0,0.0,0.0,2.0,0.0,0.0,7.5,18.5,3000.0,30.00,30,40,40,76,116,884,1,56.2,51.1,52.4,41.9,46.1,39.9,44.8,39.2,46.5,39.8,41.0,37.5,38.9,38.9,50.5,42.4,44.3,46.0,60.0,1.162,1.250,1.100,24.737,13.882,24.741,71.750,7.335,60.652,2.904,4.636,2.683,3.192,2.052,4.713,2.619,1.854,1.484,28.836,17.352,54.257,60.674,2000.0,3000.0,5238.8,5238.8,5250.0,37.5,20.6,39.9,37.5,53.8,Ne,Ne,Ne,3.844,1.949,3.3,30,56,45,26,1.163,5.040,3.408,3.328,12.288,1.101,1.243,3.408,3.280,3.328,1.056,1.056,1.048,1.359,1.814,0.920,3.344,0.064,0.048,0.048,0.048,1.016,1.016,1269,1053,2721,51.9,58.3,44,46,22506184,1.156,1.238,605423,27,14,7376220,48,18,6794635,182.6,1.9,43.0,1.365,1.365,1.800,1.800,1.005,5.040,0.375,Ne,Ne,Ne,41.0,1.365,1.365,1.800,1.800,1.005,5.110,0.875,Ne,Ne,Ne,60,78,99.0,100.0,Ne,Ne,30664,54286,1.4,0.5,1.9,2.039,2.799,78511,222048,51.0,60.0,54.0,0.856,1124,2369.0,2238.0,37.0,26.9,7.0,0.2,0.2,20.0,11476,1445,32.0,336638,0.0,44.1,0.725,20.000,17.000,52.000,600.0,3000.0,1200.0,100.0,0.0,0.0,0.0,0.0,0.0,0.0,0.0,0.0,0,0,16.0,246,Ne,Ne,Ne,199.0,137.5,5.03,0.21,0.04,3.96,1.07,0,0,0.0,0.0,0,0,0.0,0.0,0,0,0.0,0.0,157431,4537,413.4,20.0,0,0.0,
20.5.2026,12:42:1.872,34362,8797,79.6,19887,12007,62.3,0.6,1.141,1.145,1.140,1.140,1.140,1.140,1.140,1.140,1.140,4245.3,5225.0,2612.5,5225.0,2612.5,5225.0,2612.5,5225.0,5225.0,100.0,1017.2,3900.5,1317.8,522.9,620.4,974.8,1662.9,387.2,401.9,1182.9,2644.0,847.2,815.3,327.1,236.7,268.1,166.1,1017.2,17.3,57.7,23.3,8.8,11.1,15.7,29.8,7.0,7.5,20.6,49.4,13.8,14.1,6.3,4.5,4.5,3.2,57.7,17.3,19.7,65.4,26.8,10.1,12.3,19.3,34.3,7.5,7.9,24.1,55.7,16.5,16.2,6.3,4.6,5.2,3.2,19.7,42.5,52.2,26.1,52.2,26.1,52.2,26.1,52.2,52.2,0.0,33.5,74.4,20.4,43.2,15.2,66.2,27.8,11.4,9.3,61.6,25.6,79.4,56.8,79.6,33.8,72.2,75.0,70.3,4.9,0.0,0.3,0.0,5.2,0.0,0.0,13.6,20.4,3000.0,30.00,30,40,40,76,116,884,1,54.8,50.4,48.9,39.8,44.5,37.3,42.9,37.0,44.2,37.9,38.9,35.7,37.9,37.9,50.5,42.1,44.0,45.8,60.0,1.158,1.250,1.100,19.611,13.683,19.636,64.500,7.296,54.168,2.334,4.238,1.746,2.886,1.416,4.101,2.128,1.185,0.973,22.737,17.104,47.866,54.189,2000.0,3000.0,5240.5,5240.5,5250.0,33.4,16.4,35.8,33.4,53.1,Ne,Ne,Ne,2.154,0.815,2.7,30,54,43,26,1.163,5.040,3.408,3.328,12.288,1.101,1.243,3.408,3.280,3.328,1.056,1.056,1.048,1.359,1.814,0.920,3.344,0.064,0.048,0.048,0.048,1.016,1.016,1229,1005,2749,51.9,58.3,44,45,22506274,1.136,1.238,605425,10,13,7376274,44,17,6794690,182.6,1.9,43.0,1.365,1.365,1.800,1.800,1.005,5.110,0.375,Ne,Ne,Ne,41.0,1.335,1.365,1.800,1.800,1.005,5.110,0.625,Ne,Ne,Ne,60,78,99.0,100.0,Ne,Ne,30664,54286,1.5,0.0,1.6,1.456,0.514,78514,222049,50.0,60.0,53.0,0.683,1122,1481.0,2238.0,35.0,30.4,6.0,0.3,0.3,20.0,11480,1445,32.0,336641,0.0,44.0,0.725,62.000,17.000,95.000,600.0,3000.0,1200.0,100.0,0.0,0.0,0.0,0.0,0.0,0.0,0.0,0.0,0,0,16.0,246,Ne,Ne,Ne,199.0,137.5,5.03,0.21,0.04,3.96,1.07,0,0,0.0,0.0,0,0,0.0,0.0,0,0,0.0,0.0,157432,4537,440.7,21.3,0,0.0,
20.5.2026,12:42:3.873,34196,8962,79.2,19828,12067,62.1,0.6,1.164,1.170,1.170,1.170,1.170,1.170,1.170,1.145,1.145,4245.3,5225.0,5225.0,5225.0,2612.5,5225.0,5225.0,2612.5,2612.5,100.0,854.3,2825.6,920.0,420.8,416.7,615.2,1267.3,307.6,273.7,2546.5,1953.3,616.3,658.4,311.3,145.1,279.9,111.5,854.3,15.4,43.1,15.8,7.8,8.2,10.6,23.4,6.0,5.4,48.0,36.5,11.1,12.4,6.4,2.9,6.4,2.2,48.0,15.4,17.0,48.9,18.4,8.4,8.4,12.3,26.1,6.1,5.5,53.8,41.2,12.4,13.4,6.2,2.9,5.5,2.2,17.0,42.5,52.2,52.2,52.2,26.1,52.2,52.2,26.1,26.1,0.0,29.2,53.9,15.9,31.1,11.8,79.2,22.4,10.1,8.8,61.5,46.1,82.3,68.9,73.4,20.8,77.6,62.6,60.3,9.3,0.0,1.8,0.0,14.7,0.0,0.0,27.3,31.0,3000.0,30.00,30,40,40,76,116,884,1,53.5,50.2,43.6,38.8,42.3,36.2,41.9,35.9,44.1,36.8,38.1,34.9,37.2,37.2,50.0,41.9,44.0,45.3,60.0,1.153,1.250,1.100,17.600,13.669,17.582,64.750,7.303,51.714,2.069,3.504,1.433,2.557,1.114,4.335,1.843,0.941,0.828,20.330,17.086,45.448,51.709,2000.0,3000.0,5241.3,5241.3,5250.0,31.9,14.7,36.0,31.9,52.9,Ne,Ne,Ne,2.054,0.874,2.3,30,53,42,26,1.154,5.040,3.408,3.328,12.288,1.101,1.243,3.408,3.280,3.328,1.056,1.056,1.048,1.359,1.814,0.920,3.344,0.064,0.056,0.048,0.048,1.016,1.016,1197,1004,2749,51.9,58.3,44,45,22506360,1.144,1.238,605428,12,13,7376294,33,16,6794713,182.6,1.9,43.0,1.335,1.365,1.800,1.800,1.005,5.110,0.750,Ne,Ne,Ne,41.0,1.335,1.365,1.800,1.800,1.005,5.110,0.625,Ne,Ne,Ne,60,78,99.0,100.0,Ne,Ne,30664,54286,0.6,0.2,0.7,2.673,0.204,78519,222050,50.0,60.0,52.0,0.666,1122,1341.0,2238.0,37.0,31.9,6.0,0.3,0.3,20.0,11479,1445,32.0,336642,0.0,43.8,0.725,13.000,17.000,45.000,600.0,3000.0,1200.0,100.0,0.0,0.0,0.0,0.0,0.0,0.0,0.0,0.0,0,0,16.0,246,Ne,Ne,Ne,199.0,137.5,5.03,0.21,0.04,3.96,1.07,0,0,0.0,0.0,0,0,0.0,0.0,0,0,0.0,0.0,157432,4537,393.0,14.3,0,0.0,
20.5.2026,12:42:5.868,34229,8930,79.3,19861,12034,62.2,0.6,1.165,1.140,1.160,1.160,1.160,1.160,1.180,1.180,1.180,5225.0,5225.0,5225.0,5225.0,5225.0,5225.0,5225.0,5225.0,5225.0,100.0,1008.6,4123.5,926.9,709.7,604.0,1164.6,1336.0,433.8,379.0,2521.6,1277.0,844.7,759.2,387.4,207.9,330.4,132.1,1008.6,18.0,70.1,16.3,12.2,10.9,19.4,23.4,8.3,7.4,46.6,23.2,14.2,13.4,8.1,4.6,7.3,3.2,70.1,18.0,20.1,79.0,18.6,13.9,12.0,23.1,27.0,8.5,7.5,53.0,26.3,16.5,15.2,7.7,4.1,6.6,2.6,20.1,52.2,52.2,52.2,52.2,52.2,52.2,52.2,52.2,52.2,0.0,33.9,78.7,23.0,41.1,15.2,64.7,26.6,12.2,10.1,61.1,21.3,77.0,58.9,80.3,35.3,73.4,75.1,67.4,5.0,0.0,0.0,0.0,4.6,0.0,0.0,12.8,22.5,3000.0,30.00,30,40,40,76,116,884,1,52.6,50.1,46.6,39.7,44.7,37.3,43.1,36.9,43.5,37.7,38.6,35.5,37.7,37.7,49.8,42.1,44.0,45.1,60.0,1.158,1.250,1.100,19.668,13.727,19.663,72.750,7.308,54.284,2.407,4.456,1.905,3.062,1.480,3.952,2.157,1.238,1.005,22.789,17.159,47.986,54.272,2000.0,3000.0,5240.3,5240.3,5250.0,33.5,16.4,40.4,33.5,52.7,Ne,Ne,Ne,2.210,0.848,2.7,30,52,41,26,1.146,5.040,3.408,3.328,12.288,1.101,1.243,3.408,3.280,3.328,1.056,1.056,1.048,1.359,1.814,0.920,3.344,0.064,0.048,0.048,0.048,1.016,1.016,1138,948,2721,51.9,58.3,44,45,22506444,1.167,1.238,605430,14,14,7376318,89,17,6794740,182.6,1.9,43.0,1.335,1.365,1.800,1.800,1.005,5.110,0.375,Ne,Ne,Ne,40.8,1.335,1.365,1.800,1.800,1.005,5.110,0.500,Ne,Ne,Ne,60,78,99.0,100.0,Ne,Ne,30664,54286,0.1,0.4,0.4,0.100,0.578,78519,222051,49.0,58.0,53.0,0.685,1123,1526.0,2238.0,36.0,27.2,7.0,0.4,0.4,20.0,11479,1445,32.0,336642,0.0,43.8,0.725,24.000,17.000,56.000,600.0,3000.0,1200.0,100.0,0.0,0.0,0.0,0.0,0.0,0.0,0.0,0.0,0,0,16.0,246,Ne,Ne,Ne,30.3,7.4,32.99,10.57,2.93,33.14,0.07,0,0,0.0,0.0,0,0,0.0,0.0,0,0,0.0,0.0,157433,4537,468.7,19.0,0,0.0,
20.5.2026,12:42:7.871,34200,8959,79.2,19832,12063,62.1,0.6,1.154,1.145,1.155,1.155,1.155,1.155,1.155,1.155,1.155,4571.9,5225.0,5225.0,5225.0,5225.0,5225.0,5225.0,2612.5,2612.5,100.0,976.8,3428.1,1397.0,556.1,530.6,993.2,1301.5,349.7,304.5,2195.7,2239.4,655.4,720.5,363.4,171.8,313.1,108.6,976.8,16.4,46.6,24.7,9.3,9.3,16.1,22.6,5.7,5.5,40.5,41.6,10.8,12.4,6.8,2.9,6.2,1.9,46.6,16.4,18.9,53.5,28.6,10.9,10.6,19.8,26.5,7.0,6.0,46.2,47.2,13.0,14.5,7.2,3.4,6.2,2.1,18.9,45.7,52.2,52.2,52.2,52.2,52.2,52.2,26.1,26.1,0.0,32.1,65.5,19.5,37.4,13.2,77.2,23.4,11.3,9.6,61.6,34.5,79.7,62.6,81.0,22.8,76.6,73.2,62.1,6.3,0.0,0.9,0.0,5.8,0.0,0.0,15.5,28.3,3000.0,30.00,30,40,40,76,116,884,1,52.1,50.3,51.1,39.4,43.4,36.9,42.6,36.4,44.7,37.2,38.4,35.2,37.4,37.4,50.5,42.1,44.0,45.0,60.0,1.155,1.250,1.100,19.178,13.753,19.201,68.500,7.307,53.694,2.281,3.948,1.692,2.852,1.299,4.475,1.942,1.134,0.907,22.178,17.192,47.408,53.723,2000.0,3000.0,5240.7,5240.7,5250.0,33.2,16.0,38.1,33.2,52.9,Ne,Ne,Ne,2.209,0.902,2.6,30,52,41,26,1.163,5.040,3.392,3.328,12.288,1.101,1.243,3.408,3.280,3.328,1.056,1.056,1.048,1.359,1.814,0.920,3.344,0.064,0.048,0.048,0.048,1.016,1.016,1126,936,2749,51.9,58.3,44,45,22506526,1.148,1.238,605432,16,13,7376346,29,17,6794771,182.6,1.9,42.8,1.335,1.365,1.800,1.800,1.005,5.110,0.750,Ne,Ne,Ne,40.8,1.335,1.365,1.800,1.815,1.005,5.110,0.250,Ne,Ne,Ne,60,78,99.0,100.0,Ne,Ne,30664,54286,0.1,0.1,0.2,0.624,0.648,78520,222052,49.0,58.0,52.0,0.699,1122,1487.0,2238.0,38.0,32.7,7.0,0.4,0.4,20.0,11479,1445,32.0,336642,0.0,43.8,0.725,27.000,17.000,59.000,600.0,3000.0,1200.0,100.0,0.0,0.0,0.0,0.0,0.0,0.0,0.0,0.0,0,0,16.0,246,Ne,Ne,Ne,30.3,6.1,33.00,11.11,2.93,33.02,0.06,0,0,0.0,0.0,0,0,0.0,0.0,0,0,0.0,0.0,157435,4537,756.1,19.6,0,0.0,
20.5.2026,12:42:9.870,34193,8965,79.2,19827,12068,62.1,0.6,1.167,1.170,1.165,1.165,1.165,1.165,1.170,1.170,1.170,4898.4,5225.0,5225.0,5225.0,5225.0,5225.0,5225.0,5225.0,2612.5,100.0,1018.0,3465.3,1252.5,597.8,600.9,1092.4,1354.9,389.4,379.5,1140.2,3395.3,736.7,847.0,364.1,208.6,329.7,134.2,1018.0,17.5,50.0,21.9,10.2,10.5,17.9,23.5,7.9,6.8,20.3,64.2,12.0,14.7,7.0,3.8,6.6,2.4,64.2,17.5,19.9,57.3,25.5,11.8,12.1,21.8,27.5,7.8,7.5,23.6,72.0,14.5,17.1,7.2,4.1,6.6,2.6,19.9,49.0,52.2,52.2,52.2,52.2,52.2,52.2,52.2,26.1,0.0,33.7,66.1,21.4,40.0,14.8,78.6,26.2,12.0,10.2,61.0,33.9,78.4,60.0,80.2,21.4,73.8,73.8,66.7,5.3,0.0,0.3,0.0,5.0,0.0,0.0,14.2,23.1,3000.0,30.00,30,40,40,76,116,884,1,51.6,50.1,49.2,39.6,43.6,37.1,42.9,36.8,44.6,37.6,38.5,35.4,37.5,37.5,50.0,41.9,44.0,45.0,60.0,1.157,1.250,1.100,20.642,13.784,20.622,66.250,7.301,55.462,2.385,4.053,1.824,2.976,1.451,4.433,2.133,1.207,1.006,23.903,17.231,49.164,55.445,2000.0,3000.0,5240.8,5240.8,5250.0,34.2,17.2,36.8,34.2,52.8,Ne,Ne,Ne,2.496,1.065,2.7,30,51,40,26,1.154,5.040,3.408,3.328,12.288,1.101,1.243,3.408,3.280,3.328,1.072,1.056,1.048,1.359,1.814,0.920,3.344,0.064,0.048,0.048,0.048,1.016,1.016,1136,939,2749,51.9,58.3,44,45,22506608,1.167,1.238,605434,25,13,7376378,9,17,6794806,182.6,1.9,42.8,1.335,1.365,1.800,1.815,1.005,5.110,0.625,Ne,Ne,Ne,40.8,1.335,1.365,1.800,1.815,1.005,5.110,0.625,Ne,Ne,Ne,60,78,99.0,100.0,Ne,Ne,30664,54286,0.2,1.5,1.7,0.535,1.714,78521,222055,49.0,58.0,52.0,0.711,1124,1573.0,2238.0,40.0,34.1,7.0,0.4,0.4,20.0,11479,1445,32.0,336642,0.0,43.8,0.725,46.000,17.000,96.000,600.0,3000.0,1200.0,100.0,0.0,0.0,0.0,0.0,0.0,0.0,0.0,0.0,0,0,16.0,246,Ne,Ne,Ne,30.3,5.2,33.00,12.43,0.64,32.96,0.06,0,0,0.0,0.0,0,0,0.0,0.0,0,0,0.0,0.0,157436,4537,820.3,21.7,0,0.0,
20.5.2026,12:42:11.868,34214,8945,79.2,19858,12037,62.2,0.6,1.150,1.155,1.155,1.155,1.155,1.145,1.145,1.145,1.145,4571.9,5225.0,5225.0,5225.0,2612.5,5225.0,5225.0,5225.0,2612.5,100.0,874.5,2973.3,1014.7,426.2,388.4,664.6,1148.0,318.5,239.1,3609.1,1014.2,686.0,678.4,319.7,107.9,310.4,93.9,874.5,16.0,45.1,18.1,8.6,8.1,11.9,21.2,6.9,5.2,68.6,18.8,12.8,12.9,7.1,2.4,6.9,2.1,68.6,16.0,17.4,51.1,20.6,8.6,7.9,13.4,23.6,6.4,4.8,76.6,21.1,14.0,13.9,6.4,2.1,6.3,1.9,17.4,45.7,52.2,52.2,52.2,26.1,52.2,52.2,52.2,26.1,0.0,29.7,56.8,16.1,29.1,11.9,80.8,23.4,9.9,9.2,59.5,43.2,81.0,70.9,71.1,19.2,76.6,59.7,54.3,10.8,0.0,2.9,0.0,17.0,0.0,0.0,30.4,36.5,3000.0,30.00,30,40,40,76,116,884,1,51.4,50.1,49.4,38.7,42.2,36.1,41.4,35.8,44.3,36.8,37.8,34.9,37.0,37.0,50.2,41.9,43.5,45.0,60.0,1.152,1.250,1.100,18.524,13.712,18.531,69.750,7.290,52.838,2.075,3.579,1.418,2.400,1.091,4.513,1.878,0.905,0.817,21.379,17.140,46.538,52.843,2000.0,3000.0,5241.5,5241.5,5250.0,32.6,15.4,38.8,32.6,52.7,Ne,Ne,Ne,2.396,1.036,2.4,31,51,40,26,1.154,5.040,3.408,3.328,12.288,1.101,1.243,3.408,3.280,3.328,1.056,1.056,1.048,1.359,1.814,0.920,3.344,0.064,0.056,0.048,0.048,1.016,1.016,1107,903,2772,51.9,58.3,43,45,22506688,1.132,1.238,605437,50,14,7376428,73,17,6794857,182.6,1.9,42.8,1.335,1.365,1.800,1.815,1.005,5.110,0.375,Ne,Ne,Ne,40.8,1.335,1.365,1.800,1.815,1.005,5.110,1.000,Ne,Ne,Ne,60,78,99.0,100.0,Ne,Ne,30664,54286,0.5,0.2,0.7,2.428,1.425,78526,222058,48.0,58.0,52.0,0.667,1123,1377.0,2238.0,40.0,32.2,7.0,0.5,0.5,20.0,11479,1445,32.0,336642,0.0,43.7,0.725,13.000,16.000,43.000,600.0,3000.0,1200.0,100.0,0.0,0.0,0.0,0.0,0.0,0.0,0.0,0.0,0,0,16.0,246,Ne,Ne,Ne,30.3,4.6,32.99,11.61,2.22,32.93,0.06,0,0,0.0,0.0,0,0,0.0,0.0,0,0,0.0,0.0,157438,4538,786.0,20.6,0,0.0,
20.5.2026,12:42:13.873,34205,8954,79.2,19839,12056,62.2,0.6,1.145,1.145,1.145,1.145,1.145,1.145,1.145,1.145,1.145,4571.9,5225.0,2612.5,5225.0,2612.5,5225.0,5225.0,5225.0,5225.0,100.0,891.0,3186.8,1724.6,389.0,377.6,640.3,1045.7,302.2,219.3,3265.9,1033.7,709.2,634.4,287.3,89.7,266.7,83.7,891.0,15.3,35.4,31.8,7.6,7.5,11.1,18.9,6.4,4.7,62.0,19.1,13.2,12.0,6.3,1.3,6.1,1.9,62.0,15.3,16.8,40.3,35.9,7.8,7.6,12.8,21.4,6.1,4.3,69.3,21.5,14.4,12.9,5.8,1.7,5.4,1.7,16.8,45.7,52.2,26.1,52.2,26.1,52.2,52.2,52.2,52.2,0.0,28.6,60.8,14.6,26.7,11.1,75.3,23.1,8.7,8.1,60.5,39.2,83.4,73.3,72.3,24.7,76.9,60.4,53.7,11.0,0.0,2.0,0.0,16.6,0.0,0.0,30.9,38.2,3000.0,30.00,30,40,40,76,116,884,1,51.0,49.9,48.4,38.2,42.1,35.8,40.9,35.5,43.3,36.4,37.4,34.5,36.8,36.8,50.2,41.7,43.0,45.0,60.0,1.151,1.250,1.100,17.885,13.681,17.898,70.000,7.278,51.996,1.983,3.653,1.368,2.254,1.038,4.148,1.820,0.838,0.745,20.618,17.101,45.725,52.004,2000.0,3000.0,5241.7,5241.7,5250.0,32.1,14.9,38.9,32.1,52.5,Ne,Ne,Ne,2.001,0.751,2.3,30,51,40,26,1.146,5.080,3.408,3.328,12.288,1.101,1.243,3.408,3.280,3.328,1.056,1.056,1.048,1.359,1.814,0.912,3.344,0.064,0.048,0.048,0.048,1.016,1.016,1105,906,2749,51.9,58.3,43,45,22506768,1.132,1.238,605439,13,14,7376528,17,15,6794954,182.6,1.9,42.8,1.365,1.365,1.800,1.815,1.005,5.110,0.375,Ne,Ne,Ne,40.8,1.350,1.365,1.800,1.815,1.005,5.110,0.625,Ne,Ne,Ne,61,78,99.0,100.0,Ne,Ne,30664,54286,0.1,0.0,0.1,1.311,0.217,78528,222058,48.0,57.0,51.0,0.659,1122,1456.0,2238.0,37.0,29.9,7.0,0.5,0.5,20.0,11479,1445,32.0,336642,0.0,43.6,0.725,50.000,17.000,82.000,600.0,3000.0,1200.0,100.0,0.0,0.0,0.0,0.0,0.0,0.0,0.0,0.0,0,0,16.0,246,Ne,Ne,Ne,30.3,4.3,32.99,11.71,2.40,32.93,0.06,0,0,0.0,0.0,0,0,0.0,0.0,0,0,0.0,0.0,157439,4538,699.2,19.6,0,0.0,
20.5.2026,12:42:15.871,34197,8962,79.2,19831,12064,62.1,0.6,1.151,1.145,1.145,1.145,1.145,1.145,1.145,1.170,1.170,4571.9,5225.0,5225.0,5225.0,5225.0,5225.0,5225.0,2612.5,2612.5,100.0,882.5,3005.2,824.7,488.4,379.0,957.8,974.4,357.5,265.1,955.3,3649.5,870.8,574.8,324.9,117.8,276.9,98.6,882.5,15.8,48.6,13.9,8.9,7.3,16.3,17.2,7.0,5.2,17.0,69.1,15.4,10.2,5.9,2.4,5.8,2.0,69.1,15.8,17.7,55.3,16.3,9.7,7.6,19.2,19.8,7.1,5.3,19.7,77.4,17.5,11.5,6.4,2.3,5.5,1.9,17.7,45.7,52.2,52.2,52.2,52.2,52.2,52.2,26.1,26.1,0.0,30.1,57.4,16.2,31.5,12.7,80.7,24.1,10.0,8.6,61.0,42.6,81.0,68.5,73.4,19.3,75.9,66.2,61.3,8.8,0.0,2.8,0.0,13.9,0.0,0.0,23.9,30.1,3000.0,30.00,30,40,40,76,116,884,1,51.1,50.0,48.4,38.6,42.1,36.0,41.4,35.8,44.2,36.8,37.7,34.7,36.8,36.8,50.5,41.7,43.1,45.0,60.0,1.153,1.250,1.100,19.122,13.678,19.125,65.000,7.259,53.439,2.129,3.594,1.458,2.488,1.180,4.553,1.944,0.980,0.836,22.084,17.097,47.166,53.456,2000.0,3000.0,5241.5,5241.5,5250.0,33.0,15.9,36.1,33.0,52.7,Ne,Ne,Ne,2.254,0.917,2.4,30,51,39,26,1.154,5.040,3.408,3.328,12.288,1.101,1.243,3.408,3.280,3.344,1.056,1.056,1.048,1.359,1.814,0.920,3.344,0.064,0.048,0.048,0.048,1.016,1.016,1118,914,2749,51.9,58.3,43,45,22506848,1.140,1.238,605441,20,13,7376554,16,15,6794982,182.6,1.9,42.8,1.350,1.365,1.800,1.815,1.005,5.110,0.375,Ne,Ne,Ne,40.8,1.350,1.365,1.800,1.815,1.005,5.110,0.375,Ne,Ne,Ne,61,78,99.0,100.0,Ne,Ne,30664,54286,0.7,0.9,1.6,0.595,1.232,78530,222061,47.0,56.0,50.0,0.686,819,1525.0,2238.0,34.0,28.0,6.0,0.4,0.4,0.0,11475,1445,32.0,336642,0.0,43.6,0.725,33.000,17.000,64.000,600.0,3000.0,1200.0,100.0,0.0,0.0,0.0,0.0,0.0,0.0,0.0,0.0,0,0,16.0,246,Ne,Ne,Ne,30.0,4.7,33.29,10.69,2.18,33.23,0.06,0,0,0.0,0.0,0,0,0.0,0.0,0,0,0.0,0.0,157441,4538,760.1,19.0,0,0.0,
20.5.2026,12:42:17.868,33933,9226,78.6,19836,12059,62.1,0.6,1.161,1.145,1.145,1.145,1.170,1.170,1.170,1.170,1.170,5225.0,5225.0,5225.0,5225.0,5225.0,5225.0,5225.0,5225.0,5225.0,100.0,786.2,2771.1,1298.4,326.8,279.6,806.5,608.5,223.4,145.9,1523.2,2908.1,741.1,397.6,218.1,72.2,202.5,55.5,786.2,13.7,33.4,23.4,6.4,5.7,13.7,10.7,4.8,3.1,28.3,55.1,13.7,7.2,5.5,2.2,4.4,1.1,55.1,13.7,15.0,38.3,26.7,6.5,5.6,16.1,12.2,4.4,2.9,32.0,61.6,15.0,8.0,4.3,1.4,4.0,1.0,15.0,52.2,52.2,52.2,52.2,52.2,52.2,52.2,52.2,52.2,0.0,26.2,52.9,11.8,23.8,8.3,79.5,20.0,6.9,6.3,59.9,47.1,78.5,76.2,67.2,20.5,80.0,56.7,52.7,13.9,0.0,9.7,0.0,24.6,0.0,0.0,36.3,41.0,3000.0,30.00,30,40,40,76,116,884,1,50.9,49.9,49.8,37.7,41.0,35.1,40.1,34.8,43.4,35.9,37.1,34.0,36.4,36.4,50.0,41.7,43.0,45.0,60.0,1.150,1.250,1.100,16.373,13.616,16.365,66.250,7.256,50.114,1.825,3.222,1.152,2.000,0.847,4.327,1.681,0.737,0.638,18.858,17.019,43.860,50.109,2000.0,3000.0,5242.2,5242.2,5250.0,30.9,13.6,36.8,30.9,52.5,Ne,Ne,Ne,1.993,0.771,2.1,31,51,40,26,1.154,5.080,3.408,3.328,12.288,1.101,1.243,3.408,3.280,3.344,1.056,1.056,1.048,1.359,1.814,0.912,3.344,0.064,0.056,0.048,0.048,1.016,1.016,1108,922,2727,51.9,58.3,43,45,22506926,1.148,1.238,605444,7,13,7376594,29,16,6795024,182.6,1.9,42.8,1.350,1.365,1.800,1.815,1.005,5.110,0.375,Ne,Ne,Ne,40.8,1.350,1.365,1.815,1.815,1.005,5.110,0.500,Ne,Ne,Ne,61,78,99.0,100.0,Ne,Ne,30664,54286,1.2,0.6,1.8,1.306,0.362,78532,222061,47.0,56.0,50.0,0.652,373,1230.0,2238.0,42.0,31.9,7.0,0.4,0.4,0.0,11219,1445,32.0,336642,0.0,43.6,0.725,13.000,16.000,44.000,600.0,3000.0,1200.0,100.0,0.0,0.0,0.0,0.0,0.0,0.0,0.0,0.0,0,0,16.0,246,Ne,Ne,Ne,30.3,4.2,33.05,10.57,4.16,32.98,0.06,0,0,0.0,0.0,0,0,0.0,0.0,0,0,0.0,0.0,157442,4538,735.7,18.8,0,0.0,
20.5.2026,12:42:19.872,33912,9247,78.5,19825,12069,62.1,0.6,1.143,1.140,1.140,1.140,1.140,1.140,1.140,1.140,1.160,4898.4,5225.0,5225.0,5225.0,5225.0,5225.0,5225.0,5225.0,2612.5,100.0,761.5,2871.0,1695.1,288.0,220.2,684.1,481.1,191.9,142.1,2988.6,1186.0,631.3,339.4,178.2,62.8,168.7,55.9,761.5,12.8,27.4,31.4,6.1,4.6,12.0,8.5,4.3,3.3,56.6,22.1,11.7,6.3,4.2,1.5,3.8,1.3,56.6,12.8,14.0,31.4,35.3,5.7,4.4,13.7,9.6,3.8,2.8,63.4,24.9,12.7,6.8,3.5,1.2,3.3,1.1,14.0,49.0,52.2,52.2,52.2,52.2,52.2,52.2,52.2,26.1,0.0,24.5,54.8,10.1,19.7,7.7,75.4,16.9,6.1,5.5,60.0,45.2,80.2,80.3,61.8,24.6,83.1,53.3,51.3,15.5,0.0,9.8,0.0,30.5,0.0,0.0,40.6,43.2,3000.0,30.00,30,40,40,76,116,884,1,52.2,50.7,47.5,37.5,43.0,34.7,39.6,34.4,42.5,35.2,36.6,33.7,36.3,36.3,49.2,41.7,43.0,45.0,60.0,1.148,1.250,1.100,15.924,13.556,15.927,67.000,7.244,49.456,1.769,4.002,1.016,1.693,0.733,4.050,1.469,0.623,0.570,18.307,16.946,43.221,49.459,2000.0,3000.0,5242.3,5242.3,5250.0,30.5,13.3,37.2,30.5,53.4,Ne,Ne,Ne,1.653,0.478,2.0,30,52,42,26,1.154,5.040,3.408,3.328,12.288,1.101,1.243,3.408,3.280,3.328,1.056,1.056,1.048,1.359,1.814,0.920,3.344,0.064,0.056,0.048,0.048,1.016,1.016,1122,913,2777,51.9,58.3,43,45,22507006,1.167,1.238,605446,23,13,7376608,10,16,6795042,182.6,1.9,42.8,1.350,1.365,1.815,1.800,1.005,5.110,0.375,Ne,Ne,Ne,40.5,1.350,1.365,1.815,1.815,1.005,5.110,0.375,Ne,Ne,Ne,61,78,99.0,100.0,Ne,Ne,30664,54286,0.0,1.0,1.0,0.181,1.092,78532,222064,47.0,56.0,51.0,0.621,0,1292.0,2238.0,33.0,27.4,7.0,0.4,0.4,0.0,11475,1180,32.0,336898,0.0,43.6,0.725,23.000,17.000,55.000,600.0,3000.0,1200.0,100.0,0.0,0.0,0.0,0.0,0.0,0.0,0.0,0.0,0,0,16.0,246,Ne,Ne,Ne,30.3,3.8,33.03,11.68,0.14,32.97,0.06,0,0,0.0,0.0,0,0,0.0,0.0,0,0,0.0,0.0,157444,4538,698.6,17.8,0,0.0,
20.5.2026,12:42:21.869,33915,9244,78.5,19820,12075,62.1,0.6,1.130,1.140,1.120,1.120,1.120,1.120,1.120,1.150,1.150,5225.0,5225.0,5225.0,5225.0,5225.0,5225.0,5225.0,5225.0,5225.0,100.0,740.7,2443.6,895.3,343.8,261.7,759.9,495.2,228.6,134.8,2695.9,2020.2,681.4,387.1,191.5,69.0,171.5,71.1,740.7,13.0,33.9,15.4,6.7,5.0,13.0,8.2,4.7,2.6,51.0,38.0,12.4,6.9,3.9,1.1,3.5,1.2,51.0,13.0,14.5,38.9,18.0,6.9,5.2,15.2,9.8,4.5,2.6,57.2,42.7,13.8,7.8,3.7,1.3,3.3,1.4,14.5,52.2,52.2,52.2,52.2,52.2,52.2,52.2,52.2,52.2,0.0,25.4,46.6,11.9,20.8,8.2,85.4,18.7,6.2,5.8,59.3,53.4,77.9,79.2,63.0,14.6,81.3,54.7,49.9,15.3,0.0,10.2,0.0,28.8,0.0,0.0,39.1,44.3,3000.0,30.00,30,40,40,76,116,884,1,51.5,49.7,41.4,37.1,40.0,34.7,39.3,34.4,43.1,35.3,36.6,33.6,36.0,36.0,50.0,41.7,43.0,44.8,60.0,1.148,1.250,1.100,15.400,13.541,15.410,69.000,7.270,48.899,1.727,2.930,1.114,1.786,0.781,4.404,1.563,0.653,0.586,17.715,16.926,42.638,48.905,2000.0,3000.0,5242.3,5242.3,5250.0,30.2,12.8,38.3,30.2,52.3,Ne,Ne,Ne,1.704,0.729,2.0,30,51,40,26,1.146,5.040,3.408,3.328,12.288,1.101,1.243,3.408,3.280,3.328,1.072,1.056,1.048,1.359,1.814,0.920,3.344,0.064,0.048,0.048,0.048,1.016,1.016,1130,942,2772,51.9,58.3,43,44,22507090,1.140,1.238,605448,10,13,7376654,8,16,6795090,182.6,1.9,42.5,1.350,1.365,1.815,1.815,1.005,5.110,0.375,Ne,Ne,Ne,40.5,1.350,1.365,1.815,1.815,1.005,5.110,0.375,Ne,Ne,Ne,60,78,99.0,100.0,Ne,Ne,30664,54286,0.7,1.2,1.9,1.494,0.055,78535,222064,48.0,56.0,51.0,0.615,0,1280.0,2238.0,33.0,27.4,7.0,0.4,0.4,0.0,11475,1180,32.0,336898,0.0,43.5,0.725,10.000,18.000,59.000,600.0,3000.0,1200.0,100.0,0.0,0.0,0.0,0.0,0.0,0.0,0.0,0.0,0,0,16.0,246,Ne,Ne,Ne,46.9,0.0,21.31,0.29,16.08,21.16,0.15,0,0,0.0,0.0,0,0,0.0,0.0,0,0,0.0,0.0,157445,4538,478.7,13.6,0,0.0,
20.5.2026,12:42:23.868,33948,9211,78.6,19857,12038,62.2,0.6,1.150,1.150,1.150,1.150,1.150,1.150,1.150,1.150,1.150,4245.3,5225.0,5225.0,5225.0,2612.5,5225.0,5225.0,2612.5,2612.5,100.0,786.0,2604.7,1169.7,346.1,279.5,759.6,613.5,254.6,156.0,497.3,4211.5,696.9,407.3,216.0,72.3,219.6,71.2,786.0,13.9,32.8,21.1,7.1,5.9,13.6,11.0,4.9,3.6,9.0,80.3,13.1,7.7,4.9,0.3,5.0,1.7,80.3,13.9,15.2,37.4,23.9,6.9,5.6,15.3,12.3,5.1,3.1,10.1,89.5,14.1,8.2,4.2,1.4,4.3,1.4,15.2,42.5,52.2,52.2,52.2,26.1,52.2,52.2,26.1,26.1,0.0,26.4,49.7,12.2,22.9,8.7,84.9,19.0,7.0,6.8,59.6,50.3,77.0,77.1,66.1,15.1,81.0,56.3,53.8,14.0,0.0,10.8,0.0,25.2,0.0,0.0,36.7,39.4,3000.0,30.00,30,40,40,76,116,884,1,51.2,49.9,47.1,37.3,40.3,34.7,39.6,34.5,43.7,35.4,36.7,33.7,36.0,36.0,50.2,41.7,43.0,44.7,59.9,1.149,1.250,1.100,16.128,13.558,16.122,69.250,7.260,49.773,1.830,3.111,1.131,1.887,0.859,4.654,1.615,0.704,0.676,18.570,16.948,43.504,49.779,2000.0,3000.0,5241.9,5241.9,5250.0,30.7,13.4,38.5,30.7,52.5,Ne,Ne,Ne,2.122,1.024,2.1,30,51,40,26,1.154,5.080,3.408,3.328,12.288,1.101,1.243,3.408,3.280,3.328,1.056,1.056,1.048,1.359,1.814,0.920,3.344,0.064,0.048,0.048,0.048,1.016,1.016,1123,920,2727,51.9,58.3,43,45,22507170,1.144,1.238,605450,8,13,7376674,16,16,6795113,182.6,1.9,42.5,1.350,1.365,1.815,1.815,1.005,5.040,0.875,Ne,Ne,Ne,40.5,1.350,1.365,1.815,1.815,1.005,5.110,0.375,Ne,Ne,Ne,60,78,99.0,100.0,Ne,Ne,30664,54286,0.3,1.3,1.6,0.201,1.660,78536,222067,48.0,56.0,51.0,0.650,0,1406.0,2238.0,39.0,27.8,7.0,0.4,0.4,0.0,11475,1180,32.0,336898,0.0,43.4,0.725,15.000,16.000,46.000,600.0,3000.0,1200.0,100.0,0.0,0.0,0.0,0.0,0.0,0.0,0.0,0.0,0,0,16.0,246,Ne,Ne,Ne,30.3,3.2,33.00,10.09,2.41,32.94,0.06,0,0,0.0,0.0,0,0,0.0,0.0,0,0,0.0,0.0,157445,4538,384.5,12.6,0,0.0,
20.5.2026,12:42:25.871,33915,9244,78.5,19823,12071,62.1,0.6,1.142,1.135,1.135,1.145,1.145,1.145,1.145,1.145,1.145,4898.4,5225.0,2612.5,5225.0,5225.0,5225.0,5225.0,5225.0,5225.0,100.0,792.0,3170.8,1678.8,323.2,253.3,687.1,513.3,251.4,153.6,2243.4,1816.1,698.6,384.5,182.2,62.8,182.0,71.7,792.0,13.3,33.8,30.9,6.3,4.9,11.8,8.8,6.1,3.2,42.2,34.1,12.7,7.0,3.2,2.1,4.0,1.5,42.2,13.3,14.6,38.6,34.9,6.4,5.1,13.7,10.2,5.0,3.0,47.4,38.3,14.1,7.7,3.5,1.2,3.6,1.4,14.6,49.0,52.2,26.1,52.2,52.2,52.2,52.2,52.2,52.2,0.0,25.6,60.5,11.1,19.9,8.9,73.2,18.9,6.2,6.2,59.3,39.5,77.0,80.1,61.9,26.8,81.1,55.9,52.2,15.1,0.0,11.8,0.0,29.2,0.0,0.0,38.0,41.6,3000.0,30.00,30,40,40,76,116,884,1,50.8,49.7,49.8,37.1,41.2,34.6,39.1,34.4,42.0,35.3,36.3,33.6,35.9,35.9,49.5,41.4,43.0,44.5,59.9,1.148,1.250,1.100,15.132,13.530,15.136,69.750,7.242,48.553,1.733,3.532,1.054,1.713,0.804,3.953,1.567,0.640,0.601,17.412,16.913,42.292,48.559,2000.0,3000.0,5242.4,5242.4,5250.0,30.0,12.6,38.8,30.0,52.3,Ne,Ne,Ne,1.767,0.792,2.0,30,50,39,26,1.137,5.040,3.408,3.328,12.288,1.101,1.243,3.408,3.280,3.328,1.056,1.056,1.048,1.368,1.814,0.920,3.344,0.064,0.048,0.048,0.048,1.016,1.016,1119,926,2721,51.9,58.3,43,45,22507250,1.160,1.238,605453,16,13,7376690,16,16,6795133,182.6,1.9,42.5,1.365,1.365,1.815,1.815,1.005,5.110,0.375,Ne,Ne,Ne,40.5,1.365,1.365,1.815,1.815,1.005,5.110,0.625,Ne,Ne,Ne,60,78,99.0,100.0,Ne,Ne,30664,54286,0.7,1.2,1.9,0.663,0.225,78537,222067,48.0,56.0,52.0,0.675,0,1424.0,2238.0,41.0,30.0,7.0,0.4,0.4,0.0,11475,1180,32.0,336898,0.0,43.4,0.725,10.000,17.000,42.000,600.0,3000.0,1200.0,100.0,0.0,0.0,0.0,0.0,0.0,0.0,0.0,0.0,0,0,16.0,246,Ne,Ne,Ne,30.3,3.0,32.99,11.81,0.72,32.94,0.06,0,0,0.0,0.0,0,0,0.0,0.0,0,0,0.0,0.0,157446,4538,371.3,12.0,0,0.0,
20.5.2026,12:42:27.870,33906,9252,78.5,20002,11893,62.7,0.6,1.177,1.190,1.175,1.175,1.175,1.175,1.175,1.175,1.175,5225.0,5225.0,5225.0,5225.0,5225.0,5225.0,5225.0,5225.0,5225.0,100.0,1223.3,4115.7,1279.7,1061.2,737.6,1302.0,1025.1,580.4,587.3,2399.5,1763.4,1478.9,1279.9,690.7,553.6,429.8,288.6,1223.3,21.0,66.7,22.1,17.9,12.4,22.2,16.9,10.0,10.3,44.1,31.7,24.9,22.0,12.3,9.6,7.7,4.7,66.7,21.0,24.3,75.7,26.0,21.3,14.8,26.5,20.5,11.4,11.9,50.4,36.8,29.9,25.9,13.7,10.9,8.4,5.6,24.3,52.2,52.2,52.2,52.2,52.2,52.2,52.2,52.2,52.2,0.0,39.0,78.6,28.9,38.7,20.6,72.3,42.1,18.0,12.9,54.5,21.4,67.9,61.3,70.3,27.7,57.9,63.8,65.5,6.5,0.0,3.3,0.0,9.0,0.0,0.0,18.2,21.5,3000.0,30.00,30,40,40,76,116,884,1,51.8,50.2,54.1,39.8,44.8,37.7,42.1,37.3,43.4,39.2,38.7,35.5,37.2,37.2,49.2,41.6,43.0,44.3,59.7,1.159,1.250,1.100,23.101,13.747,23.007,73.000,7.280,58.385,2.736,4.773,2.298,2.809,1.764,4.197,3.123,1.658,1.269,26.855,17.184,52.046,58.290,2000.0,3000.0,5239.4,5239.4,5250.0,36.0,19.2,40.6,36.0,52.8,Ne,Ne,Ne,2.922,1.480,3.1,30,53,40,26,1.181,5.040,3.408,3.328,12.288,1.101,1.243,3.408,3.280,3.328,1.056,1.056,1.048,1.359,1.814,0.920,3.344,0.064,0.048,0.048,0.048,1.016,1.016,1099,933,2777,51.9,58.3,43,44,22507330,1.167,1.238,605455,28,14,7376722,65,18,6795168,182.6,1.9,42.5,1.365,1.365,1.815,1.815,1.005,5.110,1.750,Ne,Ne,Ne,40.5,1.365,1.365,1.815,1.815,1.005,5.110,2.750,Ne,Ne,Ne,60,78,99.0,100.0,Ne,Ne,30664,54286,0.3,0.6,0.9,0.325,0.473,78538,222068,49.0,56.0,51.0,0.732,0,1765.0,2106.0,54.0,33.8,7.0,0.7,0.7,0.0,10669,1397,32.0,337747,0.0,43.4,0.725,53.000,19.000,87.000,600.0,3000.0,1200.0,100.0,0.0,0.0,0.0,0.0,0.0,0.0,0.0,0.0,0,0,16.0,246,Ne,Ne,Ne,148.4,143.7,6.74,1.19,0.60,6.48,0.25,0,0,0.0,0.0,0,0,0.0,0.0,0,0,0.0,0.0,157446,4538,155.9,7.5,0,0.0,
20.5.2026,12:42:29.867,33288,9871,77.1,19748,12147,61.9,0.6,1.170,1.170,1.170,1.170,1.170,1.170,1.170,1.170,1.170,5225.0,5225.0,5225.0,5225.0,5225.0,5225.0,5225.0,5225.0,5225.0,100.0,1937.6,4849.0,2232.0,1633.8,1357.0,2213.3,2097.8,1239.2,1380.4,2270.0,3509.2,1850.8,1614.3,1910.9,1113.2,997.0,733.2,1937.6,34.7,76.1,41.3,29.4,24.1,40.7,38.5,22.3,25.0,42.6,65.9,33.2,29.2,35.7,20.6,17.8,13.6,76.1,34.7,39.5,85.7,46.7,33.7,27.7,46.5,44.0,25.4,28.4,48.1,74.2,38.3,33.5,40.4,23.4,20.2,15.2,39.5,52.2,52.2,52.2,52.2,52.2,52.2,52.2,52.2,52.2,0.0,57.7,92.6,45.8,66.6,41.3,91.4,53.2,44.4,26.7,38.3,7.4,50.5,33.4,51.5,8.6,46.8,50.7,57.5,4.0,0.0,3.7,0.0,7.3,0.0,0.0,4.9,15.8,3000.0,30.00,30,40,40,76,116,884,1,54.0,52.5,56.4,45.4,49.8,42.3,49.3,42.5,50.7,43.6,44.8,39.9,40.3,40.3,50.0,42.1,43.8,44.5,59.9,1.175,1.250,1.100,34.298,14.426,34.368,81.750,7.317,73.123,4.121,5.982,3.500,4.751,3.175,5.964,3.980,3.298,2.322,40.329,18.033,66.411,73.194,2000.0,3000.0,5235.5,5235.5,5250.0,45.2,28.6,45.4,45.2,55.2,Ne,Ne,Ne,8.072,7.841,4.6,30,54,42,26,1.172,5.040,3.408,3.328,12.288,1.101,1.243,3.392,3.280,3.328,1.056,1.056,1.048,1.359,1.814,0.920,3.344,0.064,0.056,0.048,0.048,1.016,1.016,1144,983,2743,51.9,58.3,44,44,22507410,1.167,1.238,605457,19,15,7376778,39,17,6795224,182.6,1.9,42.5,1.365,1.365,1.800,1.815,1.005,5.110,0.625,Ne,Ne,Ne,40.5,1.365,1.365,1.800,1.815,1.005,5.110,0.750,Ne,Ne,Ne,60,78,99.0,100.0,Ne,Ne,30664,54287,15.4,0.3,15.8,123.579,0.617,78774,222069,48.0,54.0,50.0,0.675,351,1375.0,1335.0,21.0,23.3,1.0,0.4,0.4,1.0,10475,1327,32.0,338349,0.0,43.8,0.725,29.000,17.000,60.000,600.0,3000.0,1200.0,100.0,0.0,0.0,0.0,0.0,0.0,0.0,0.0,0.0,0,0,16.0,246,Ne,Ne,Ne,148.4,143.7,6.74,1.19,0.60,6.48,0.25,0,0,0.0,0.0,0,0,0.0,0.0,0,0,0.0,0.0,157447,4538,221.8,44.9,0,0.0,
20.5.2026,12:42:31.870,33214,9944,76.9,19927,11968,62.4,0.6,1.180,1.180,1.180,1.180,1.180,1.180,1.180,1.180,1.180,5225.0,5225.0,5225.0,5225.0,5225.0,5225.0,5225.0,5225.0,5225.0,100.0,1387.8,4695.7,1477.2,990.4,862.4,1554.4,1494.3,824.1,595.3,1874.1,3340.3,1336.9,1120.1,795.9,461.7,572.0,210.0,1387.8,24.0,76.6,26.0,16.9,14.6,27.3,25.8,14.1,9.8,34.0,62.9,23.2,19.1,13.4,7.8,9.3,3.2,76.6,24.0,27.8,86.1,30.1,19.9,17.3,31.8,30.3,16.5,11.8,39.0,70.9,27.2,22.6,15.9,9.4,11.2,4.1,27.8,52.2,52.2,52.2,52.2,52.2,52.2,52.2,52.2,52.2,0.0,45.3,89.7,32.3,49.9,25.1,88.0,40.4,22.6,14.5,49.6,10.3,66.2,50.1,63.5,12.0,59.6,66.5,68.2,5.1,0.0,1.5,0.0,11.3,0.0,0.0,10.9,17.3,3000.0,30.00,30,40,40,76,116,884,1,54.1,51.5,48.0,42.4,48.2,39.2,45.7,39.1,48.9,40.2,41.0,37.1,38.9,38.9,49.8,41.9,43.7,44.7,59.7,1.172,1.250,1.100,27.039,13.903,27.020,75.500,7.309,63.564,3.230,5.606,2.497,3.458,2.117,5.779,2.959,1.930,1.490,31.667,17.379,57.086,63.545,2000.0,3000.0,5237.8,5237.8,5250.0,39.2,22.5,41.9,39.2,54.2,Ne,Ne,Ne,4.253,2.536,3.6,30,54,43,26,1.172,5.040,3.408,3.328,12.288,1.101,1.243,3.408,3.280,3.328,1.072,1.056,1.048,1.359,1.814,0.920,3.328,0.064,0.048,0.048,0.048,1.016,1.016,1167,1004,2743,51.9,58.3,43,45,22507494,1.175,1.238,605460,22,13,7376816,26,17,6795265,182.6,1.9,42.5,1.365,1.365,1.800,1.800,1.005,5.110,1.250,Ne,Ne,Ne,40.5,1.365,1.365,1.800,1.815,1.005,5.110,0.750,Ne,Ne,Ne,60,78,99.0,100.0,Ne,Ne,30664,54287,68.4,0.2,68.6,132.165,3.926,79026,222077,49.0,54.0,50.0,0.719,0,1660.0,1538.0,52.0,25.2,4.0,0.3,0.3,0.0,10424,1137,32.0,339115,0.0,43.6,0.725,17.000,16.000,48.000,600.0,3000.0,1200.0,100.0,0.0,0.0,0.0,0.0,0.0,0.0,0.0,0.0,0,0,16.0,246,Ne,Ne,Ne,109.3,109.1,9.15,3.02,6.10,9.03,0.12,0,0,0.0,0.0,0,0,0.0,0.0,0,0,0.0,0.0,157448,4538,433.7,15.5,0,0.0,
20.5.2026,12:42:33.870,33032,10126,76.5,20031,11864,62.8,0.6,1.178,1.180,1.180,1.180,1.180,1.175,1.175,1.175,1.175,5225.0,5225.0,5225.0,5225.0,5225.0,5225.0,5225.0,5225.0,5225.0,100.0,1680.2,4483.5,1894.1,1197.0,1126.3,1569.1,2065.3,881.7,876.1,2841.3,2102.6,1453.4,1475.5,706.1,3121.4,726.1,364.5,1680.2,28.7,70.1,33.1,20.2,18.4,27.0,35.8,14.5,14.3,52.4,37.2,24.7,24.6,11.2,59.0,11.4,5.6,70.1,28.7,33.4,79.3,38.5,24.0,22.3,31.8,42.0,17.4,17.3,59.7,43.3,29.2,29.4,13.8,66.1,13.9,7.1,33.4,52.2,52.2,52.2,52.2,52.2,52.2,52.2,52.2,52.2,0.0,53.3,85.6,38.6,58.3,29.9,80.0,47.1,67.3,19.5,46.7,14.4,61.4,41.7,70.1,20.0,52.9,32.7,80.5,0.0,0.0,0.0,0.0,0.0,0.0,0.0,0.0,0.0,3000.0,30.00,30,40,40,76,116,884,1,53.8,50.6,50.2,43.5,47.7,40.6,46.4,40.4,47.7,41.7,44.7,38.6,39.3,39.3,50.0,42.0,44.0,44.8,59.7,1.176,1.250,1.100,30.478,14.183,30.484,70.250,7.293,68.206,3.660,5.338,3.017,3.937,2.592,4.963,3.456,3.893,2.079,35.818,17.729,61.570,68.224,2000.0,3000.0,5237.1,5237.1,5250.0,42.1,25.4,39.0,42.1,53.2,Ne,Ne,Ne,5.868,4.821,4.3,30,53,42,26,1.172,5.080,3.408,3.328,12.288,1.101,1.243,3.408,3.280,3.328,1.072,1.056,1.048,1.359,1.814,0.920,3.344,0.064,0.048,0.048,0.048,1.016,1.016,1173,1008,2727,51.9,58.3,44,44,22507580,1.171,1.238,605462,25,13,7376860,33,16,6795311,182.6,1.9,42.5,1.365,1.365,1.800,1.815,0.990,5.110,0.750,Ne,Ne,Ne,40.5,1.365,1.365,1.800,1.815,0.990,5.110,0.625,Ne,Ne,Ne,60,78,99.0,100.0,Ne,Ne,30664,54287,100.0,37.7,100.0,140.995,1.178,79296,222079,49.0,54.0,50.0,0.463,0,1016.0,1645.0,29.0,31.0,2.0,0.3,0.3,0.0,10168,1137,32.0,339115,0.0,43.5,0.725,24.000,17.000,56.000,600.0,3000.0,1200.0,100.0,0.0,0.0,0.0,0.0,0.0,0.0,0.0,0.0,0,0,16.0,246,Ne,Ne,Ne,125.3,123.8,7.98,3.46,4.52,7.84,0.14,0,0,0.0,0.0,0,0,0.0,0.0,0,0,0.0,0.0,157448,4538,316.0,5.8,0,0.0,
20.5.2026,12:42:35.869,32775,10384,75.9,20013,11881,62.7,0.6,1.171,1.180,1.170,1.170,1.170,1.170,1.170,1.170,1.170,5225.0,5225.0,5225.0,5225.0,5225.0,5225.0,5225.0,5225.0,5225.0,100.0,1198.1,4708.7,785.8,596.6,647.1,1009.4,1488.3,718.2,522.0,3066.2,1690.7,842.9,1072.2,371.4,498.1,383.1,768.5,1198.1,21.2,84.6,13.2,9.9,10.7,17.2,26.5,12.5,8.7,57.7,30.8,14.2,18.5,5.9,8.8,6.0,14.1,84.6,21.2,24.2,94.6,15.3,11.6,12.6,20.2,30.5,14.3,10.1,64.7,35.0,16.7,21.5,6.9,10.0,7.1,15.8,24.2,52.2,52.2,52.2,52.2,52.2,52.2,52.2,52.2,52.2,0.0,41.0,89.9,21.6,42.0,21.3,83.9,32.5,16.0,20.8,52.3,10.1,73.4,58.0,67.6,16.1,67.5,62.3,63.2,6.7,0.0,5.0,0.0,11.0,0.0,0.0,21.7,16.1,3000.0,30.00,30,40,40,76,116,884,1,52.8,49.7,47.1,40.8,46.0,37.8,43.7,37.9,45.9,38.8,39.5,37.0,38.1,38.1,49.2,41.3,43.5,44.8,59.9,1.173,1.250,1.100,23.320,13.793,23.328,70.750,7.278,58.980,2.775,5.012,1.998,2.932,1.846,4.818,2.471,1.454,1.667,27.328,17.241,52.576,59.003,2000.0,3000.0,5239.5,5239.5,5250.0,36.4,19.4,39.3,36.4,52.4,Ne,Ne,Ne,3.119,2.329,3.3,30,52,41,26,1.163,5.040,3.408,3.328,12.288,1.101,1.243,3.408,3.280,3.328,1.056,1.056,1.048,1.359,1.814,0.920,3.344,0.064,0.056,0.048,0.048,1.016,1.016,1172,964,2772,51.9,58.3,44,45,22507666,1.164,1.238,605464,12,13,7376910,44,17,6795363,182.6,1.9,42.8,1.365,1.365,1.800,1.815,0.990,5.040,0.375,Ne,Ne,Ne,40.5,1.365,1.365,1.800,1.815,0.990,5.110,0.875,Ne,Ne,Ne,60,78,99.0,100.0,Ne,Ne,30664,54287,100.0,100.0,100.0,72.433,0.158,79435,222079,49.0,54.0,50.0,0.710,0,1564.0,1538.0,46.0,28.4,4.0,0.3,0.3,0.0,10168,881,32.0,339371,0.0,43.4,0.725,23.000,16.000,54.000,600.0,3000.0,1200.0,100.0,0.0,0.0,0.0,0.0,0.0,0.0,0.0,0.0,0,0,16.0,246,Ne,Ne,Ne,106.8,107.8,9.36,3.68,5.65,9.25,0.11,0,0,0.0,0.0,0,0,0.0,0.0,0,0,0.0,0.0,157448,4538,0.8,0.9,0,0.0,
20.5.2026,12:42:37.869,33485,9673,77.5,19990,11905,62.6,0.6,1.171,1.175,1.170,1.170,1.170,1.170,1.170,1.170,1.170,5225.0,5225.0,5225.0,5225.0,5225.0,5225.0,5225.0,5225.0,5225.0,100.0,1407.5,4720.6,1487.7,952.6,1145.1,1168.7,2191.7,712.4,846.4,1395.3,3074.0,1060.9,1686.4,603.1,530.1,536.3,408.3,1407.5,24.1,78.0,26.3,16.1,19.3,19.5,38.8,11.7,14.0,24.0,56.9,17.8,29.2,9.7,8.7,8.5,6.6,78.0,24.1,27.8,87.5,30.1,18.8,22.6,23.1,44.8,13.7,16.5,28.0,64.7,21.0,34.0,11.4,10.2,10.0,7.7,27.8,52.2,52.2,52.2,52.2,52.2,52.2,52.2,52.2,52.2,0.0,45.5,90.1,35.8,54.6,27.2,73.2,45.9,20.2,16.9,54.2,9.9,64.2,45.4,72.6,26.8,54.1,78.7,81.9,0.3,0.0,0.0,0.0,0.2,0.0,0.0,1.1,1.2,3000.0,30.00,30,40,40,76,116,884,1,53.0,50.2,51.1,41.7,47.6,39.1,45.2,38.9,45.7,40.2,40.2,37.1,38.5,38.5,49.2,41.6,43.8,44.9,59.7,1.172,1.250,1.100,27.004,13.960,26.998,73.000,7.287,63.589,3.186,5.450,2.659,3.644,2.261,4.595,3.184,1.947,1.746,31.624,17.450,57.090,63.587,2000.0,3000.0,5237.8,5237.8,5250.0,39.3,22.5,40.6,39.3,52.8,Ne,Ne,Ne,4.582,2.873,3.6,30,53,41,26,1.163,5.040,3.408,3.328,12.288,1.101,1.234,3.408,3.280,3.328,1.072,1.056,1.048,1.359,1.814,0.920,3.344,0.064,0.048,0.048,0.048,1.016,1.016,1145,956,2743,51.9,58.3,44,45,22507750,1.171,1.238,605467,27,13,7376934,57,16,6795390,182.6,1.9,42.5,1.350,1.365,1.800,1.815,0.990,5.110,0.625,Ne,Ne,Ne,40.5,1.350,1.365,1.800,1.815,0.990,5.110,1.875,Ne,Ne,Ne,60,78,99.0,100.0,Ne,Ne,30664,54288,100.0,100.0,100.0,147.326,0.775,79717,222081,49.0,54.0,51.0,0.641,0,1398.0,1857.0,42.0,34.0,3.0,0.3,0.3,0.0,10936,881,32.0,340139,0.0,43.3,0.725,46.000,19.000,81.000,600.0,3000.0,1200.0,100.0,0.0,0.0,0.0,0.0,0.0,0.0,0.0,0.0,0,0,16.0,246,Ne,Ne,Ne,119.2,118.4,8.39,3.32,5.07,8.28,0.11,0,0,0.0,0.0,0,0,0.0,0.0,0,0,0.0,0.0,157448,4538,0.1,0.1,0,0.0,
20.5.2026,12:42:39.869,33436,9722,77.4,19984,11911,62.6,0.6,1.171,1.180,1.170,1.170,1.170,1.170,1.170,1.170,1.170,5225.0,5225.0,5225.0,5225.0,5225.0,5225.0,5225.0,5225.0,5225.0,100.0,1678.6,4426.4,2139.8,1202.9,1478.0,1368.1,2583.9,893.5,1170.8,2156.4,3278.5,1338.6,2004.9,778.1,778.7,674.0,584.2,1678.6,28.3,62.4,38.3,20.4,25.0,23.0,46.5,14.7,19.6,39.0,60.9,22.6,34.7,12.5,12.7,10.6,9.3,62.4,28.3,32.9,70.8,43.9,24.2,29.7,27.4,53.7,17.7,23.3,44.8,69.2,26.9,40.7,15.1,15.3,13.0,11.4,32.9,52.2,52.2,52.2,52.2,52.2,52.2,52.2,52.2,52.2,0.0,52.5,84.5,45.0,63.6,35.3,87.9,54.7,27.0,22.0,47.5,15.5,55.0,36.4,64.7,12.1,45.3,73.0,78.0,0.0,0.0,0.0,0.0,0.0,0.0,0.0,0.0,0.0,3000.0,30.00,30,40,40,76,116,884,1,52.9,50.4,48.0,43.3,47.5,40.9,47.0,40.7,48.1,41.9,41.6,38.3,39.1,39.1,49.5,41.8,44.0,44.9,59.9,1.174,1.250,1.100,30.318,14.210,30.318,75.000,7.317,68.023,3.648,5.337,3.254,4.215,2.787,5.470,3.697,2.355,2.074,35.554,17.762,61.365,68.024,2000.0,3000.0,5236.9,5236.9,5250.0,42.0,25.3,41.7,42.0,53.0,Ne,Ne,Ne,7.118,4.015,4.2,30,52,42,26,1.181,5.040,3.408,3.328,12.288,1.101,1.243,3.408,3.280,3.328,1.072,1.056,1.048,1.359,1.814,0.920,3.344,0.064,0.048,0.048,0.048,1.016,1.016,1148,953,2743,51.9,58.3,44,45,22507832,1.175,1.238,605469,41,15,7376988,26,22,6795445,182.6,1.9,42.8,1.350,1.365,1.800,1.815,0.990,5.110,1.375,Ne,Ne,Ne,40.5,1.350,1.365,1.800,1.815,0.990,5.110,0.625,Ne,Ne,Ne,60,78,99.0,100.0,Ne,Ne,30664,54288,100.0,42.4,100.0,173.633,0.267,80049,222081,50.0,54.0,52.0,0.717,0,1647.0,1806.0,81.0,55.7,7.0,0.9,0.9,0.0,10958,942,32.0,340161,0.0,43.3,0.725,47.000,18.000,85.000,600.0,3000.0,1200.0,100.0,0.0,0.0,0.0,0.0,0.0,0.0,0.0,0.0,0,0,16.0,246,Ne,Ne,Ne,124.7,124.0,8.02,4.93,2.92,7.90,0.12,0,0,0.0,0.0,0,0,0.0,0.0,0,0,0.0,0.0,157448,4538,0.7,0.6,0,0.0,
20.5.2026,12:42:41.868,33679,9479,78.0,20230,11665,63.4,0.6,1.173,1.175,1.175,1.175,1.175,1.175,1.170,1.170,1.170,5082.1,5225.0,4653.5,5225.0,4653.5,5225.0,5225.0,5225.0,5225.0,100.0,1408.9,4421.7,2117.6,940.5,1065.8,1657.3,1629.0,545.2,873.4,2228.3,2504.2,1261.0,1442.3,464.1,604.2,357.8,429.2,1408.9,24.0,58.8,38.8,17.0,18.4,29.9,28.7,9.7,15.1,41.5,46.4,22.7,25.4,8.2,10.3,6.2,7.2,58.8,24.0,27.2,66.3,43.7,19.1,21.1,34.1,33.0,10.8,17.2,46.7,52.3,25.8,29.1,9.0,11.6,6.8,8.1,27.2,50.8,52.2,46.5,52.2,46.5,52.2,52.2,52.2,52.2,0.0,44.9,84.4,35.1,55.2,25.6,78.4,46.6,19.5,14.4,55.1,15.6,64.9,44.8,74.4,21.6,53.4,80.5,85.6,0.0,0.0,0.0,0.0,0.0,0.0,0.0,0.0,0.0,3000.0,30.00,30,40,40,76,116,884,1,52.2,49.7,50.6,41.7,46.6,39.2,45.5,38.9,46.0,40.2,40.3,36.9,38.6,38.6,49.8,41.7,44.0,44.9,59.8,1.172,1.250,1.100,26.665,14.062,26.686,71.250,7.314,63.399,3.135,5.015,2.691,3.772,2.214,4.753,3.173,1.875,1.586,31.223,17.578,56.847,63.414,2000.0,3000.0,5238.2,5238.2,5250.0,39.1,22.2,39.6,39.1,52.4,Ne,Ne,Ne,5.876,2.845,3.6,30,52,41,26,1.163,5.040,3.408,3.328,12.288,1.101,1.243,3.408,3.280,3.328,1.072,1.056,1.048,1.359,1.814,0.920,3.344,0.064,0.048,0.048,0.048,1.016,1.016,1146,962,2721,51.9,58.3,44,44,22507916,1.171,1.238,605471,27,14,7377070,37,16,6795527,182.6,1.9,42.8,1.350,1.365,1.800,1.815,0.990,5.110,0.375,Ne,Ne,Ne,40.5,1.350,1.365,1.800,1.815,0.990,5.110,0.625,Ne,Ne,Ne,61,78,99.0,100.0,Ne,Ne,30664,54288,100.0,34.7,100.0,85.879,0.639,80213,222083,50.0,54.0,53.0,0.718,0,1660.0,1806.0,86.0,63.2,8.0,1.5,1.5,0.0,10958,1198,32.0,340161,0.0,43.3,0.725,19.000,16.000,50.000,600.0,3000.0,1200.0,100.0,0.0,0.0,0.0,0.0,0.0,0.0,0.0,0.0,0,0,16.0,246,Ne,Ne,Ne,124.6,125.0,8.03,5.62,4.58,7.90,0.12,0,0,0.0,0.0,0,0,0.0,0.0,0,0,0.0,0.0,157448,4538,0.3,0.1,0,0.0,
20.5.2026,12:42:43.869,33675,9483,78.0,20228,11666,63.4,0.6,1.174,1.175,1.175,1.175,1.175,1.175,1.175,1.170,1.170,5082.1,5225.0,4653.5,5225.0,4653.5,5225.0,5225.0,5225.0,5225.0,100.0,1282.8,4357.2,1684.9,853.8,831.6,1519.6,1445.0,507.7,671.1,2814.3,1919.5,1227.0,1186.5,377.1,500.0,258.3,370.9,1282.8,21.3,61.8,29.8,14.5,13.3,26.8,24.8,8.1,10.7,52.6,34.5,21.2,20.3,5.8,7.6,3.6,5.4,61.8,21.3,24.8,69.7,34.4,17.2,16.3,31.2,29.2,10.0,13.0,59.4,39.7,25.0,23.9,7.3,9.5,4.8,6.9,24.8,50.8,52.2,46.5,52.2,46.5,52.2,52.2,52.2,52.2,0.0,41.4,83.2,29.4,49.8,21.2,78.4,41.3,16.1,11.8,58.5,16.8,70.6,50.2,78.8,21.6,58.7,83.6,87.6,0.1,0.0,0.0,0.0,0.0,0.0,0.0,0.3,0.6,3000.0,30.00,30,40,40,76,116,884,1,52.0,49.7,52.0,40.8,45.9,38.1,44.4,37.9,45.5,39.3,39.4,36.1,38.0,38.0,49.8,41.6,43.4,44.9,59.7,1.172,1.250,1.100,24.713,13.875,24.698,61.000,7.325,60.786,2.924,4.958,2.317,3.477,1.934,4.724,2.931,1.648,1.400,28.928,17.344,54.330,60.768,2000.0,3000.0,5239.5,5239.5,5250.0,37.5,20.6,33.9,37.5,52.3,Ne,Ne,Ne,4.910,1.689,3.3,30,51,41,26,1.172,5.040,3.408,3.328,12.288,1.101,1.243,3.408,3.280,3.328,1.056,1.056,1.048,1.359,1.814,0.920,3.328,0.064,0.056,0.048,0.048,1.016,1.016,1128,947,2721,51.9,58.3,44,45,22507998,1.171,1.238,605474,22,14,7377124,36,18,6795582,182.6,1.9,42.8,1.350,1.365,1.800,1.800,0.990,5.110,0.625,Ne,Ne,Ne,40.5,1.350,1.365,1.800,1.800,0.990,5.110,0.375,Ne,Ne,Ne,62,78,99.0,100.0,Ne,Ne,30664,54288,0.5,0.0,0.5,4.108,0.046,80221,222083,50.0,54.0,53.0,0.716,0,1645.0,1806.0,83.0,60.3,7.0,1.5,1.5,0.0,10958,1198,32.0,340161,0.0,43.2,0.725,44.000,18.000,78.000,600.0,3000.0,1200.0,100.0,0.0,0.0,0.0,0.0,0.0,0.0,0.0,0.0,0,0,16.0,246,Ne,Ne,Ne,123.6,124.6,8.09,5.39,2.12,7.99,0.11,0,0,0.0,0.0,0,0,0.0,0.0,0,0,0.0,0.0,157448,4538,0.2,0.2,0,0.0,
20.5.2026,12:42:45.870,33675,9483,78.0,20228,11667,63.4,0.6,1.160,1.165,1.155,1.155,1.165,1.160,1.160,1.160,1.160,5225.0,5225.0,5225.0,5225.0,5225.0,5225.0,5225.0,5225.0,5225.0,100.0,1250.1,4265.1,1720.5,845.4,778.5,1678.0,1299.7,498.8,670.4,1581.0,2857.7,1220.5,1192.4,275.9,541.1,220.3,356.9,1250.1,20.9,60.2,30.7,14.7,12.8,30.2,22.1,8.3,11.0,28.3,53.2,21.3,20.8,4.2,8.6,3.3,5.4,60.2,20.9,24.1,67.9,35.1,17.1,15.2,34.6,25.9,9.8,13.0,32.5,60.1,24.7,24.1,5.1,10.2,4.1,6.5,24.1,52.2,52.2,52.2,52.2,52.2,52.2,52.2,52.2,52.2,0.0,40.6,81.4,28.9,50.3,21.2,75.6,41.8,15.1,10.8,59.4,18.6,71.1,49.7,78.8,24.4,58.2,84.9,89.2,0.0,0.0,0.0,0.0,0.0,0.0,0.0,0.0,0.0,3000.0,30.00,30,40,40,76,116,884,1,52.1,49.9,47.5,40.6,45.8,37.9,44.1,37.8,45.0,39.2,39.0,35.8,37.8,37.8,49.2,41.5,43.2,44.8,59.9,1.171,1.250,1.100,24.356,13.840,24.375,59.250,7.326,60.291,2.889,4.916,2.322,3.436,1.969,4.580,2.967,1.592,1.331,28.489,17.300,53.848,60.323,2000.0,3000.0,5239.2,5239.2,5250.0,37.2,20.3,32.9,37.2,52.5,Ne,Ne,Ne,4.546,1.627,3.2,30,52,41,26,1.172,5.040,3.408,3.328,12.288,1.101,1.243,3.408,3.280,3.328,1.056,1.056,1.048,1.359,1.814,0.920,3.344,0.064,0.048,0.048,0.048,1.016,1.016,1133,966,2749,51.9,58.3,43,45,22508078,1.171,1.238,605476,31,14,7377168,32,17,6795628,182.6,1.9,42.5,1.350,1.365,1.800,1.800,0.990,5.110,1.250,Ne,Ne,Ne,40.5,1.350,1.365,1.800,1.800,0.990,5.110,0.625,Ne,Ne,Ne,62,78,99.0,100.0,Ne,Ne,30664,54288,0.9,1.0,1.8,8.552,0.596,80238,222084,51.0,55.0,53.0,0.719,0,1663.0,1923.0,81.0,56.4,7.0,1.5,1.5,0.0,10958,1198,32.0,340161,0.0,43.2,0.725,44.000,19.000,78.000,600.0,3000.0,1200.0,100.0,0.0,0.0,0.0,0.0,0.0,0.0,0.0,0.0,0,0,16.0,246,Ne,Ne,Ne,124.6,125.5,8.02,4.87,3.15,7.91,0.11,0,0,0.0,0.0,0,0,0.0,0.0,0,0,0.0,0.0,157448,4538,0.1,0.1,0,0.0,
20.5.2026,12:42:47.868,33687,9472,78.0,20241,11654,63.4,0.6,1.170,1.175,1.165,1.165,1.165,1.165,1.175,1.175,1.175,5082.1,5225.0,5225.0,5225.0,5225.0,5225.0,5225.0,4653.5,4653.5,100.0,1582.8,4452.6,2041.1,1166.6,1318.5,1857.6,1776.2,686.7,1220.1,2468.1,2397.4,1803.7,1601.1,538.8,882.5,368.6,745.0,1582.8,27.3,64.7,37.2,20.9,22.6,33.3,31.3,12.0,21.1,45.3,44.2,33.0,28.2,9.4,15.0,6.4,12.4,64.7,27.3,31.0,72.9,42.1,23.7,26.0,37.9,35.9,13.6,24.1,51.2,50.1,37.4,32.3,10.5,17.1,7.1,14.1,31.0,50.8,52.2,52.2,52.2,52.2,52.2,52.2,46.5,46.5,0.0,49.7,85.0,41.9,58.5,33.1,77.8,55.9,25.3,19.9,50.3,15.0,58.1,41.5,66.8,22.2,44.1,74.6,80.0,0.0,0.0,0.0,0.0,0.1,0.0,0.0,0.2,0.0,3000.0,30.00,30,40,40,76,116,884,1,52.0,50.0,52.0,42.4,47.2,40.2,46.0,39.9,46.5,41.0,41.0,37.6,38.8,38.8,49.8,41.6,43.8,44.9,59.9,1.173,1.250,1.100,28.918,14.189,28.890,75.000,7.322,66.357,3.441,5.308,3.098,3.977,2.613,4.893,3.502,2.239,1.897,33.896,17.737,59.687,66.348,2000.0,3000.0,5237.4,5237.4,5250.0,41.0,24.1,41.7,41.0,52.6,Ne,Ne,Ne,7.869,4.400,4.0,30,52,41,26,1.181,5.040,3.408,3.328,12.288,1.101,1.243,3.408,3.280,3.328,1.056,1.056,1.048,1.359,1.814,0.920,3.344,0.064,0.048,0.048,0.048,1.016,1.016,1125,926,2721,51.9,58.3,44,45,22508160,1.167,1.238,605478,44,14,7377230,18,16,6795691,182.6,1.9,42.8,1.350,1.365,1.800,1.800,0.990,5.040,1.250,Ne,Ne,Ne,40.5,1.350,1.365,1.800,1.800,0.990,5.040,0.375,Ne,Ne,Ne,62,78,99.0,100.0,Ne,Ne,30664,54288,19.4,0.3,19.7,7.944,0.110,80253,222084,51.0,54.0,53.0,0.712,0,1632.0,1741.0,79.0,56.3,7.0,1.3,1.3,0.0,10960,1198,32.0,340163,0.0,43.3,0.725,51.000,17.000,83.000,600.0,3000.0,1200.0,100.0,0.0,0.0,0.0,0.0,0.0,0.0,0.0,0.0,0,0,16.0,246,Ne,Ne,Ne,123.9,123.9,8.07,4.94,2.93,7.96,0.11,0,0,0.0,0.0,0,0,0.0,0.0,0,0,0.0,0.0,157448,4538,0.7,0.3,0,0.0,
20.5.2026,12:42:49.870,33675,9484,78.0,20234,11661,63.4,0.6,1.178,1.175,1.180,1.180,1.180,1.180,1.175,1.175,1.175,4939.3,5225.0,5225.0,5225.0,4653.5,5225.0,4653.5,4653.5,4653.5,100.0,1249.5,4822.9,1144.4,646.2,1106.7,1004.7,2012.0,394.3,789.5,1983.4,2016.4,928.2,1588.7,280.4,601.9,199.9,472.7,1249.5,21.5,81.4,19.8,10.9,18.9,16.9,36.4,6.3,13.1,36.0,36.4,15.8,28.2,4.4,9.7,2.8,7.4,81.4,21.5,24.8,91.1,22.9,12.9,22.1,20.1,41.6,7.7,15.4,41.1,41.6,18.7,32.5,5.3,11.5,3.7,8.9,24.8,49.4,52.2,52.2,52.2,46.5,52.2,46.5,46.5,46.5,0.0,41.7,92.1,30.9,50.7,21.2,66.7,43.6,16.2,12.4,58.3,7.9,69.1,49.3,78.8,33.3,56.4,83.8,87.6,0.0,0.0,0.0,0.0,0.0,0.0,0.0,0.0,0.0,3000.0,30.00,30,40,40,76,116,884,1,51.9,49.7,52.9,40.8,46.8,38.2,44.3,37.8,44.4,39.4,39.3,36.1,38.0,38.0,49.5,41.5,43.3,44.9,59.7,1.172,1.250,1.100,24.360,13.834,24.360,66.000,7.306,60.327,2.930,5.303,2.373,3.461,1.893,4.269,3.041,1.686,1.411,28.510,17.292,53.838,60.300,2000.0,3000.0,5239.4,5239.4,5250.0,37.2,20.3,36.7,37.2,52.3,Ne,Ne,Ne,4.761,1.689,3.3,30,52,41,26,1.172,5.040,3.408,3.328,12.288,1.101,1.243,3.408,3.280,3.328,1.056,1.056,1.048,1.359,1.814,0.920,3.344,0.064,0.048,0.048,0.048,1.016,1.016,1125,924,2749,51.9,58.3,44,44,22508242,1.160,1.238,605481,46,13,7377318,35,18,6795777,182.6,1.9,42.8,1.350,1.365,1.800,1.800,0.990,5.040,0.625,Ne,Ne,Ne,40.5,1.350,1.365,1.800,1.800,0.990,5.040,0.750,Ne,Ne,Ne,62,78,99.0,100.0,Ne,Ne,30664,54288,1.1,0.3,1.4,8.182,0.151,80268,222084,51.0,54.0,53.0,0.716,0,1632.0,1741.0,79.0,55.9,7.0,0.9,0.9,0.0,10960,1198,32.0,340163,0.0,43.1,0.725,43.000,17.000,75.000,600.0,3000.0,1200.0,100.0,0.0,0.0,0.0,0.0,0.0,0.0,0.0,0.0,0,0,16.0,246,Ne,Ne,Ne,124.7,125.9,8.02,4.73,3.55,7.91,0.11,0,0,0.0,0.0,0,0,0.0,0.0,0,0,0.0,0.0,157448,4538,0.2,0.3,0,0.0,
20.5.2026,12:42:51.870,33670,9488,78.0,20232,11662,63.4,0.6,1.176,1.185,1.175,1.175,1.175,1.175,1.175,1.175,1.175,5082.1,5225.0,4653.5,5225.0,4653.5,5225.0,5225.0,5225.0,5225.0,100.0,1251.8,4429.2,1545.3,545.7,1077.5,739.8,2234.9,317.8,837.9,1848.2,2580.1,758.8,1667.6,207.9,619.7,163.2,454.6,1251.8,20.9,65.9,27.2,8.7,18.1,11.6,40.4,4.5,13.8,33.3,47.7,12.3,29.4,2.7,9.7,1.9,6.8,65.9,20.9,24.4,74.2,31.5,10.8,21.5,14.5,46.3,6.1,16.5,38.3,54.2,15.1,34.1,3.9,11.9,2.9,8.5,24.4,50.8,52.2,46.5,52.2,46.5,52.2,52.2,52.2,52.2,0.0,41.1,84.5,28.7,50.2,20.9,75.3,42.1,15.4,11.6,58.8,15.5,71.3,49.8,78.9,24.7,57.9,84.4,88.1,0.1,0.0,0.0,0.0,0.2,0.0,0.0,0.3,0.3,3000.0,30.00,30,40,40,76,116,884,1,52.4,50.0,46.2,40.7,46.5,37.8,44.4,37.6,45.1,39.2,39.2,35.8,38.0,38.0,49.2,41.4,43.1,44.6,59.4,1.171,1.250,1.100,24.209,13.968,24.232,59.500,7.315,60.288,2.913,5.182,2.269,3.475,1.872,4.543,2.996,1.603,1.361,28.325,17.459,53.831,60.315,2000.0,3000.0,5239.4,5239.4,5250.0,37.2,20.2,33.1,37.2,52.6,Ne,Ne,Ne,5.241,1.701,3.3,30,52,41,26,1.172,5.040,3.408,3.328,12.288,1.101,1.243,3.408,3.280,3.328,1.056,1.056,1.048,1.359,1.814,0.920,3.344,0.064,0.048,0.048,0.048,1.016,1.016,1139,946,2772,51.9,58.3,43,44,22508324,1.171,1.238,605483,33,14,7377410,26,17,6795867,182.6,1.9,42.8,1.350,1.365,1.800,1.800,0.990,5.040,1.125,Ne,Ne,Ne,40.5,1.350,1.365,1.800,1.800,0.990,5.040,0.375,Ne,Ne,Ne,62,78,99.0,100.0,Ne,Ne,30664,54288,0.4,0.3,0.7,4.115,0.491,80276,222085,51.0,56.0,54.0,0.716,0,1641.0,2238.0,82.0,56.8,6.0,0.9,0.9,0.0,10960,1198,32.0,340163,0.0,43.1,0.725,16.000,17.000,48.000,600.0,3000.0,1200.0,100.0,0.0,0.0,0.0,0.0,0.0,0.0,0.0,0.0,0,0,16.0,246,Ne,Ne,Ne,122.6,123.1,8.16,5.18,0.93,8.05,0.11,0,0,0.0,0.0,0,0,0.0,0.0,0,0,0.0,0.0,157448,4538,0.6,0.1,0,0.0,
20.5.2026,12:42:53.868,33412,9746,77.4,19961,11933,62.5,0.6,1.166,1.170,1.165,1.165,1.165,1.165,1.165,1.165,1.165,5225.0,5225.0,5225.0,5225.0,5225.0,5225.0,5225.0,5225.0,5225.0,100.0,1317.0,4601.6,2254.2,605.3,1130.5,715.6,2226.0,312.9,907.2,1237.4,2996.3,824.3,1670.2,232.7,656.4,200.9,500.7,1317.0,21.8,56.2,41.7,10.3,19.5,11.5,40.5,5.0,15.6,21.6,56.1,14.1,30.1,3.7,11.0,3.2,8.2,56.2,21.8,24.9,63.3,47.0,12.1,22.6,13.9,46.1,6.0,18.0,25.1,63.2,16.5,34.3,4.4,12.7,3.8,9.5,24.9,52.2,52.2,52.2,52.2,52.2,52.2,52.2,52.2,52.2,0.0,41.8,87.8,30.7,49.4,22.1,71.9,43.3,16.5,13.0,58.2,12.2,69.3,50.6,77.9,28.1,56.7,83.5,87.0,0.0,0.0,0.0,0.0,0.0,0.0,0.0,0.0,0.0,3000.0,30.00,30,40,40,76,116,884,1,51.9,49.6,51.5,40.6,46.1,38.0,44.1,37.7,44.6,39.3,39.2,36.0,37.9,37.9,49.0,41.4,43.0,44.5,59.6,1.171,1.250,1.100,24.224,14.000,24.213,59.750,7.291,60.295,2.922,5.059,2.382,3.415,1.959,4.435,3.016,1.671,1.438,28.347,17.499,53.866,60.316,2000.0,3000.0,5239.1,5239.1,5250.0,37.2,20.2,33.2,37.2,52.2,Ne,Ne,Ne,5.678,1.797,3.3,30,51,40,26,1.163,5.040,3.408,3.328,12.288,1.101,1.234,3.408,3.280,3.328,1.072,1.056,1.048,1.359,1.814,0.920,3.328,0.064,0.048,0.048,0.048,1.016,1.016,1140,940,2721,51.9,58.3,43,44,22508406,1.175,1.238,605485,11,13,7377476,10,16,6795934,182.6,1.9,42.5,1.350,1.365,1.800,1.800,0.990,5.040,1.875,Ne,Ne,Ne,40.5,1.350,1.365,1.800,1.800,0.990,5.040,2.250,Ne,Ne,Ne,62,78,99.0,100.0,Ne,Ne,30664,54288,1.1,0.7,1.9,8.035,0.333,80292,222086,51.0,56.0,54.0,0.718,0,1654.0,1864.0,82.0,56.7,7.0,0.9,0.9,0.0,10704,1198,32.0,340163,0.0,43.1,0.725,46.000,19.000,80.000,600.0,3000.0,1200.0,100.0,0.0,0.0,0.0,0.0,0.0,0.0,0.0,0.0,0,0,16.0,246,Ne,Ne,Ne,124.4,125.5,8.04,4.79,3.20,7.93,0.11,0,0,0.0,0.0,0,0,0.0,0.0,0,0,0.0,0.0,157448,4538,1.5,0.1,0,0.0,
20.5.2026,12:42:55.868,33414,9745,77.4,19950,11944,62.5,0.6,1.184,1.170,1.170,1.170,1.180,1.195,1.195,1.195,1.195,5082.1,5225.0,5225.0,5225.0,5225.0,5225.0,5225.0,4653.5,4653.5,100.0,1539.9,4765.9,1886.3,913.7,1518.7,1232.8,2413.1,590.5,1256.4,1607.0,2850.7,1135.2,1932.5,419.9,968.2,361.5,786.1,1539.9,26.6,73.5,34.1,16.0,26.8,20.9,44.1,10.1,21.9,28.0,52.9,19.8,34.4,7.1,16.5,6.1,13.1,73.5,26.6,30.3,82.5,38.6,18.4,30.7,24.5,50.1,11.6,25.1,32.5,59.9,22.9,39.3,8.1,19.0,7.0,15.2,30.3,50.8,52.2,52.2,52.2,52.2,52.2,52.2,46.5,46.5,0.0,48.8,91.0,41.3,58.9,32.8,70.7,50.6,25.0,20.5,51.2,9.0,58.7,41.1,67.2,29.3,49.4,75.0,79.5,0.0,0.0,0.0,0.0,0.0,0.0,0.0,0.0,0.0,3000.0,30.00,30,40,40,76,116,884,1,52.6,50.2,51.5,42.4,48.0,40.2,45.9,39.9,45.8,41.2,40.8,37.7,38.7,38.7,48.5,41.4,43.7,44.4,59.7,1.173,1.250,1.100,28.691,14.304,28.674,72.750,7.298,66.164,3.445,5.630,3.092,3.977,2.601,4.598,3.507,2.202,1.949,33.616,17.880,59.524,66.179,2000.0,3000.0,5237.3,5237.3,5250.0,40.9,23.9,40.4,40.9,52.9,Ne,Ne,Ne,8.090,4.492,3.9,30,52,41,26,1.172,5.040,3.408,3.328,12.288,1.101,1.243,3.408,3.280,3.328,1.072,1.056,1.048,1.359,1.814,0.920,3.344,0.064,0.048,0.048,0.048,1.016,1.016,1131,954,2749,51.9,58.3,44,44,22508488,1.167,1.238,605488,44,14,7377498,49,19,6795959,182.6,1.9,42.8,1.350,1.365,1.800,1.800,0.990,5.040,0.750,Ne,Ne,Ne,40.5,1.350,1.365,1.800,1.800,0.990,5.040,0.750,Ne,Ne,Ne,62,78,99.0,100.0,Ne,Ne,30664,54288,0.6,0.1,0.7,2.525,0.779,80297,222087,52.0,57.0,54.0,0.716,0,1635.0,2238.0,78.0,56.1,6.0,0.9,0.9,0.0,10704,1198,32.0,340163,0.0,43.2,0.725,23.000,18.000,57.000,600.0,3000.0,1200.0,100.0,0.0,0.0,0.0,0.0,0.0,0.0,0.0,0.0,0,0,16.0,246,Ne,Ne,Ne,124.7,125.9,8.02,4.83,3.34,7.90,0.12,0,0,0.0,0.0,0,0,0.0,0.0,0,0,0.0,0.0,157448,4538,7.0,1.4,0,0.0,
20.5.2026,12:42:57.871,33232,9926,76.9,19601,12294,61.4,0.6,1.172,1.170,1.170,1.170,1.170,1.170,1.175,1.175,1.175,5225.0,5225.0,5225.0,5225.0,5225.0,5225.0,5225.0,5225.0,5225.0,100.0,1287.4,4404.8,1413.9,800.9,949.7,1386.5,1593.1,436.9,809.5,2717.9,1850.3,1098.1,1433.1,292.0,691.3,276.3,443.4,1287.4,22.2,69.3,25.0,14.1,16.2,24.5,28.5,7.3,13.7,50.8,33.5,19.3,25.5,4.8,11.7,4.6,7.1,69.3,22.2,25.4,77.8,28.6,16.2,18.8,28.3,32.7,8.5,15.9,57.3,38.2,22.3,29.2,5.6,13.5,5.4,8.3,25.4,52.2,52.2,52.2,52.2,52.2,52.2,52.2,52.2,52.2,0.0,41.9,84.1,30.4,49.1,21.8,76.6,42.5,17.7,13.0,56.1,15.9,68.1,50.9,74.4,23.4,57.5,77.3,81.6,2.0,0.0,1.5,0.0,3.8,0.0,0.0,5.0,5.4,3000.0,30.00,30,40,40,76,116,884,1,52.1,49.7,55.0,40.7,46.0,38.0,44.1,37.7,45.4,39.1,39.5,36.0,38.0,38.0,49.5,41.5,43.1,44.6,59.1,1.171,1.250,1.100,24.651,13.992,24.642,77.250,7.270,60.865,2.934,4.968,2.371,3.387,1.951,4.730,2.948,1.719,1.400,28.851,17.490,54.339,60.840,2000.0,3000.0,5239.1,5239.1,5250.0,37.6,20.5,42.9,37.6,52.3,Ne,Ne,Ne,5.443,2.687,3.4,30,52,41,26,1.172,5.040,3.408,3.328,12.288,1.101,1.243,3.408,3.280,3.328,1.072,1.056,1.048,1.368,1.814,0.920,3.344,0.064,0.048,0.048,0.048,1.016,1.016,1124,944,2749,51.9,58.3,43,44,22508570,1.171,1.234,605490,38,15,7377586,33,17,6796046,182.6,1.9,42.5,1.350,1.365,1.800,1.800,1.005,5.040,1.500,Ne,Ne,Ne,40.5,1.350,1.365,1.800,1.800,0.990,5.040,0.750,Ne,Ne,Ne,62,78,99.0,100.0,Ne,Ne,30664,54288,59.8,1.8,61.6,20.710,0.174,80336,222088,52.0,57.0,54.0,0.638,0,1455.0,2216.0,69.0,52.9,5.0,0.8,0.8,0.0,11006,942,32.0,340547,0.0,43.1,0.725,38.000,18.000,72.000,600.0,3000.0,1200.0,100.0,0.0,0.0,0.0,0.0,0.0,0.0,0.0,0.0,0,0,16.0,246,Ne,Ne,Ne,106.5,107.6,9.39,5.01,4.13,9.27,0.12,0,0,0.0,0.0,0,0,0.0,0.0,0,0,0.0,0.0,157448,4538,4.6,4.1,0,0.0,
20.5.2026,12:42:59.868,33803,9356,78.3,19976,11919,62.6,0.6,1.176,1.170,1.180,1.180,1.180,1.175,1.175,1.175,1.175,5225.0,5225.0,5225.0,5225.0,5225.0,5225.0,5225.0,5225.0,5225.0,100.0,1744.0,4653.0,2258.7,1409.6,1402.4,1965.8,2142.9,949.4,1270.9,2012.7,3262.4,1618.4,1814.1,707.6,1055.7,553.6,826.4,1744.0,29.7,66.9,41.3,24.6,23.9,34.4,38.2,16.2,21.6,35.9,60.9,28.2,31.7,11.8,17.5,9.0,13.3,66.9,29.7,34.4,75.6,47.1,28.7,28.2,40.1,44.1,19.2,25.5,41.6,68.9,33.0,37.0,14.2,20.9,11.0,16.1,34.4,52.2,52.2,52.2,52.2,52.2,52.2,52.2,52.2,52.2,0.0,54.0,88.9,46.5,65.4,37.8,83.0,55.7,30.7,24.1,46.0,11.1,53.5,34.6,62.2,17.0,44.3,69.2,75.8,0.0,0.0,0.0,0.0,0.0,0.0,0.0,0.1,0.1,3000.0,30.00,30,40,40,76,116,884,1,52.4,50.4,51.1,43.7,48.3,41.3,47.7,41.2,48.0,42.4,42.3,38.7,39.4,39.4,49.8,41.6,44.0,44.6,59.3,1.174,1.250,1.100,31.738,14.329,31.757,77.750,7.324,69.923,3.801,5.552,3.419,4.505,2.989,5.254,3.890,2.605,2.198,37.223,17.911,63.191,69.945,2000.0,3000.0,5236.1,5236.1,5250.0,43.2,26.5,43.2,43.2,53.1,Ne,Ne,Ne,8.169,4.664,4.3,30,52,41,26,1.163,5.040,3.408,3.328,12.288,1.101,1.243,3.408,3.280,3.328,1.072,1.056,1.048,1.359,1.814,0.920,3.344,0.064,0.048,0.048,0.048,1.016,1.016,1125,928,2749,51.9,58.3,44,44,22508652,1.175,1.238,605492,35,13,7377662,51,17,6796121,182.6,1.9,42.8,1.350,1.365,1.800,1.800,0.990,5.110,0.625,Ne,Ne,Ne,40.5,1.350,1.365,1.800,1.800,0.990,5.110,0.875,Ne,Ne,Ne,62,78,99.0,100.0,Ne,Ne,30664,54289,100.0,11.3,100.0,169.169,0.034,80660,222088,52.0,58.0,55.0,0.720,0,1677.0,2238.0,86.0,57.9,6.0,1.0,1.0,0.0,11082,942,32.0,340622,0.0,43.3,0.725,34.000,17.000,66.000,600.0,3000.0,1200.0,100.0,0.0,0.0,0.0,0.0,0.0,0.0,0.0,0.0,0,0,16.0,246,Ne,Ne,Ne,122.1,122.4,8.19,5.11,3.05,8.06,0.12,0,0,0.0,0.0,0,0,0.0,0.0,0,0,0.0,0.0,157448,4538,7.6,4.6,0,0.0,
20.5.2026,12:43:1.871,33666,9492,78.0,19902,11993,62.3,0.6,1.175,1.160,1.170,1.170,1.180,1.180,1.180,1.180,1.180,5225.0,5225.0,5225.0,5225.0,5225.0,5225.0,5225.0,5225.0,5225.0,100.0,1724.9,4634.2,2314.0,1346.7,1416.8,2010.2,2147.7,927.9,1194.3,1943.5,3309.3,1642.4,1716.9,679.5,1002.8,484.8,827.6,1724.9,29.6,66.2,42.5,23.8,24.4,35.6,38.4,16.1,20.3,34.7,62.1,28.8,29.8,11.6,16.8,8.1,13.7,66.2,29.6,33.9,74.8,48.2,27.4,28.4,41.1,44.0,18.7,23.7,39.9,70.2,33.4,34.6,13.5,19.7,9.5,16.1,33.9,52.2,52.2,52.2,52.2,52.2,52.2,52.2,52.2,52.2,0.0,53.4,88.5,46.4,66.0,36.8,82.7,54.2,29.5,23.3,46.6,11.5,53.6,34.0,63.2,17.3,45.8,70.5,76.7,0.0,0.0,0.0,0.0,0.0,0.0,0.0,0.0,0.0,3000.0,30.00,30,40,40,76,116,884,1,52.6,50.5,53.8,43.5,48.5,41.0,47.8,40.7,47.9,42.0,42.0,38.4,39.4,39.4,49.5,41.6,44.0,44.8,59.5,1.174,1.250,1.100,31.466,14.366,31.458,75.000,7.343,69.671,3.767,5.601,3.391,4.536,2.855,5.258,3.802,2.518,2.173,36.899,17.957,62.934,69.672,2000.0,3000.0,5236.0,5236.0,5250.0,43.0,26.2,41.7,43.0,53.2,Ne,Ne,Ne,8.541,4.739,4.3,30,52,41,26,1.172,5.040,3.408,3.328,12.288,1.101,1.243,3.408,3.280,3.328,1.072,1.056,1.048,1.359,1.814,0.920,3.344,0.064,0.048,0.048,0.048,1.016,1.016,1125,948,2749,51.9,58.3,44,44,22508734,1.171,1.238,605495,26,14,7377732,49,18,6796192,182.6,1.9,42.8,1.350,1.365,1.800,1.800,0.990,5.110,0.250,Ne,Ne,Ne,40.5,1.365,1.365,1.800,1.800,0.990,5.110,0.750,Ne,Ne,Ne,62,78,99.0,100.0,Ne,Ne,30664,54289,100.0,100.0,100.0,129.110,0.741,80908,222089,52.0,57.0,55.0,0.720,0,1673.0,1919.0,84.0,59.1,7.0,1.1,1.1,0.0,11082,942,32.0,340622,0.0,43.2,0.725,42.000,17.000,74.000,600.0,3000.0,1200.0,100.0,0.0,0.0,0.0,0.0,0.0,0.0,0.0,0.0,0,0,16.0,246,Ne,Ne,Ne,125.3,125.3,7.98,5.16,3.10,7.86,0.12,0,0,0.0,0.0,0,0,0.0,0.0,0,0,0.0,0.0,157449,4538,259.7,13.1,0,0.0,
20.5.2026,12:43:3.870,33767,9391,78.2,19946,11949,62.5,0.6,1.180,1.180,1.180,1.180,1.180,1.180,1.180,1.180,1.180,5225.0,5225.0,5225.0,5225.0,5225.0,5225.0,5225.0,5225.0,5225.0,100.0,1799.3,4582.8,2144.6,1437.6,1582.8,2309.0,1983.7,1161.2,1202.0,3242.5,2195.6,1848.1,1797.6,926.7,911.2,660.3,803.7,1799.3,31.2,72.0,38.5,25.3,27.3,41.0,34.8,20.4,20.5,60.5,39.2,32.6,31.3,16.1,15.1,11.0,13.3,72.0,31.2,35.8,81.2,43.8,29.1,31.7,47.1,40.2,23.4,23.7,68.4,45.1,37.6,36.3,18.5,17.6,12.8,15.5,35.8,52.2,52.2,52.2,52.2,52.2,52.2,52.2,52.2,52.2,0.0,55.9,87.6,50.1,67.4,40.9,83.8,59.0,32.5,26.3,44.1,12.4,49.9,32.6,59.1,16.2,41.0,67.5,73.7,0.0,0.0,0.0,0.0,0.0,0.0,0.0,0.0,0.0,3000.0,30.00,30,40,40,76,116,884,1,52.5,50.6,52.0,44.4,48.8,42.0,48.2,42.0,48.5,43.3,42.9,39.4,39.8,39.8,49.5,41.5,44.0,44.9,59.4,1.175,1.250,1.100,33.053,14.344,33.070,75.000,7.366,71.612,3.931,5.626,3.595,4.549,3.175,5.345,4.097,2.719,2.345,38.803,17.930,64.836,71.616,2000.0,3000.0,5235.6,5235.6,5250.0,44.2,27.6,41.7,44.2,53.3,Ne,Ne,Ne,8.429,4.903,4.5,30,52,41,26,1.172,5.040,3.408,3.328,12.288,1.101,1.243,3.408,3.280,3.328,1.072,1.056,1.048,1.359,1.814,0.920,3.344,0.064,0.048,0.048,0.048,1.016,1.016,1125,967,2743,51.9,58.3,44,45,22508816,1.175,1.238,605497,19,14,7377784,29,17,6796245,182.6,1.9,42.8,1.365,1.365,1.800,1.800,0.990,5.110,0.750,Ne,Ne,Ne,40.5,1.365,1.365,1.800,1.800,0.990,5.110,2.625,Ne,Ne,Ne,62,78,99.0,100.0,Ne,Ne,30664,54289,100.0,0.4,100.0,81.825,3.183,81065,222095,53.0,56.0,55.0,0.720,0,1676.0,1878.0,83.0,56.7,7.0,1.5,1.5,0.0,11060,881,32.0,340622,0.0,43.3,0.725,52.000,19.000,86.000,600.0,3000.0,1200.0,100.0,0.0,0.0,0.0,0.0,0.0,0.0,0.0,0.0,0,0,16.0,246,Ne,Ne,Ne,125.9,125.2,7.94,4.99,4.06,7.83,0.12,0,0,0.0,0.0,0,0,0.0,0.0,0,0,0.0,0.0,157451,4538,976.5,23.0,0,0.0,
20.5.2026,12:43:5.868,33912,9247,78.5,20174,11721,63.2,0.6,1.189,1.180,1.190,1.190,1.190,1.190,1.190,1.190,1.190,5225.0,5225.0,5225.0,5225.0,5225.0,5225.0,5225.0,5225.0,5225.0,100.0,1682.8,4716.1,2500.2,1106.4,1554.4,1825.3,2122.1,790.3,1170.8,3102.6,2020.4,1484.3,1836.9,649.4,836.5,540.6,668.6,1682.8,28.9,72.1,44.9,18.7,27.1,31.8,37.9,13.3,20.1,57.7,36.0,25.7,32.3,10.8,14.2,8.7,11.1,72.1,28.9,33.4,81.3,52.1,22.2,31.5,37.2,43.6,15.7,23.5,65.4,41.6,30.1,37.4,12.7,16.6,10.4,13.1,33.4,52.2,52.2,52.2,52.2,52.2,52.2,52.2,52.2,52.2,0.0,52.2,90.1,44.6,63.9,34.2,82.3,54.6,26.5,21.7,47.8,9.9,55.4,36.1,65.8,17.7,45.4,73.5,78.3,0.0,0.0,0.0,0.0,0.0,0.0,0.0,0.0,0.0,3000.0,30.00,30,40,40,76,116,884,1,52.5,50.3,52.0,43.4,48.3,40.8,47.5,40.6,47.8,42.0,41.8,38.5,39.3,39.3,49.0,41.3,44.0,45.0,59.4,1.174,1.250,1.100,30.921,14.194,30.911,71.500,7.335,68.701,3.685,5.611,3.248,4.356,2.768,5.226,3.751,2.391,2.128,36.267,17.742,62.078,68.691,2000.0,3000.0,5236.2,5236.2,5250.0,42.4,25.8,39.7,42.4,53.0,Ne,Ne,Ne,6.579,3.761,4.2,30,52,41,26,1.181,5.040,3.408,3.328,12.288,1.101,1.243,3.408,3.280,3.328,1.056,1.056,1.048,1.359,1.814,0.920,3.344,0.064,0.048,0.048,0.048,1.016,1.016,1142,932,2727,51.9,58.3,44,45,22508898,1.167,1.238,605499,22,13,7377822,64,17,6796286,182.6,1.9,42.8,1.365,1.365,1.800,1.800,0.990,5.110,0.750,Ne,Ne,Ne,40.5,1.365,1.365,1.815,1.800,0.990,5.110,1.375,Ne,Ne,Ne,62,78,99.0,100.0,Ne,Ne,30664,54289,100.0,3.6,100.0,161.245,27.510,81374,222148,53.0,58.0,56.0,0.719,0,1657.0,2238.0,83.0,59.2,7.0,1.9,1.9,0.0,11082,1198,32.0,340644,0.0,43.2,0.725,59.000,19.000,96.000,600.0,3000.0,1200.0,100.0,0.0,0.0,0.0,0.0,0.0,0.0,0.0,0.0,0,0,16.0,246,Ne,Ne,Ne,124.0,123.7,8.07,5.16,2.54,7.95,0.12,0,0,0.0,0.0,0,0,0.0,0.0,0,0,0.0,0.0,157490,4539,20005.3,530.1,0,0.0,
20.5.2026,12:43:7.872,33900,9258,78.5,20127,11767,63.1,0.6,1.162,1.170,1.160,1.160,1.160,1.160,1.160,1.160,1.165,5225.0,5225.0,5225.0,5225.0,5225.0,5225.0,5225.0,5225.0,5225.0,100.0,1474.1,4899.1,2357.2,984.4,1213.2,1441.2,2059.1,718.8,789.1,1872.6,2443.5,1372.9,1452.2,656.3,507.5,463.8,355.3,1474.1,25.5,80.5,42.0,16.7,21.3,24.7,37.2,12.0,13.5,33.1,45.0,24.0,25.6,10.9,8.5,7.2,5.8,80.5,25.5,29.5,90.1,49.3,19.8,24.7,29.1,42.6,14.2,15.8,38.4,51.2,28.0,29.7,12.8,10.1,8.8,7.0,29.5,52.2,52.2,52.2,52.2,52.2,52.2,52.2,52.2,52.2,0.0,46.4,93.6,37.7,57.6,26.9,71.1,47.8,21.3,15.1,53.6,6.4,62.3,42.4,73.1,28.9,52.2,78.7,84.9,0.0,0.0,0.0,0.0,0.0,0.0,0.0,0.0,0.0,3000.0,30.00,30,40,40,76,116,884,1,52.0,49.8,51.1,42.3,48.5,39.7,46.2,39.4,45.8,40.9,40.7,37.3,38.9,38.9,49.5,41.4,44.0,45.0,59.3,1.171,1.250,1.100,28.368,14.121,28.382,64.750,7.330,65.456,3.353,5.791,2.900,3.993,2.377,4.517,3.429,2.086,1.729,33.195,17.651,58.909,65.481,2000.0,3000.0,5236.7,5236.7,5250.0,40.4,23.7,36.0,40.4,52.4,Ne,Ne,Ne,6.063,2.573,3.7,30,52,41,26,1.163,5.040,3.408,3.328,12.288,1.101,1.243,3.408,3.280,3.328,1.056,1.056,1.048,1.359,1.814,0.920,3.344,0.064,0.048,0.048,0.048,1.016,1.016,1125,941,2749,51.9,58.3,44,45,22508980,1.171,1.238,605502,44,14,7377866,62,16,6796332,182.6,1.9,42.8,1.365,1.365,1.815,1.800,0.990,5.110,1.375,Ne,Ne,Ne,40.5,1.365,1.365,1.815,1.815,0.990,5.110,0.875,Ne,Ne,Ne,62,78,99.0,100.0,Ne,Ne,30664,54289,9.7,1.6,11.2,47.825,30.874,81466,222207,53.0,58.0,57.0,0.720,0,1680.0,2238.0,87.0,69.7,8.0,2.1,2.1,0.0,11082,1198,32.0,340644,0.0,43.1,0.725,16.000,16.000,47.000,600.0,3000.0,1200.0,100.0,0.0,0.0,0.0,0.0,0.0,0.0,0.0,0.0,0,0,16.0,246,Ne,Ne,Ne,125.3,124.8,7.98,5.93,2.12,7.87,0.11,0,0,0.0,0.0,0,0,0.0,0.0,0,0,0.0,0.0,157543,4541,26799.3,864.2,0,0.0,
20.5.2026,12:43:9.868,33892,9267,78.5,20076,11818,62.9,0.6,1.174,1.170,1.175,1.175,1.175,1.175,1.175,1.175,1.175,5082.1,5225.0,5225.0,5225.0,5225.0,5225.0,5225.0,4653.5,4653.5,100.0,1407.2,4695.4,2185.2,961.7,1088.7,1337.9,1996.0,664.8,701.6,1582.7,2810.8,1255.5,1409.0,601.6,458.7,432.2,332.9,1407.2,24.5,76.0,39.0,16.5,19.3,22.8,36.1,11.2,12.2,27.4,52.5,22.1,25.3,10.2,8.2,7.2,5.8,76.0,24.5,28.0,85.1,45.5,19.3,22.0,26.7,41.1,12.9,13.9,32.0,59.0,25.5,28.8,11.6,9.2,8.2,6.5,28.0,50.8,52.2,52.2,52.2,52.2,52.2,52.2,46.5,46.5,0.0,44.7,89.7,35.9,55.5,24.5,72.8,45.6,19.6,14.3,55.3,10.3,64.1,44.5,75.5,27.2,54.4,80.4,85.7,0.0,0.0,0.0,0.0,0.0,0.0,0.0,0.0,0.0,3000.0,30.00,30,40,40,76,116,884,1,51.5,49.4,47.1,41.7,47.3,39.1,45.4,38.7,45.4,40.3,40.2,36.8,38.4,38.4,49.0,41.2,44.0,45.0,59.2,1.172,1.250,1.100,27.427,14.035,27.413,60.000,7.324,64.208,3.231,5.477,2.769,3.858,2.214,4.563,3.300,1.989,1.681,32.110,17.544,57.711,64.211,2000.0,3000.0,5237.7,5237.7,5250.0,39.6,22.8,33.3,39.6,52.0,Ne,Ne,Ne,5.534,2.238,3.6,30,51,40,26,1.181,5.040,3.408,3.328,12.288,1.101,1.243,3.408,3.280,3.328,1.056,1.056,1.048,1.359,1.814,0.920,3.344,0.064,0.048,0.048,0.048,1.016,1.016,1129,958,2727,51.9,58.3,44,44,22509062,1.171,1.238,605504,20,13,7377954,34,18,6796418,182.6,1.9,42.8,1.365,1.365,1.815,1.815,1.005,5.110,1.000,Ne,Ne,Ne,40.5,1.365,1.365,1.815,1.815,1.005,5.110,1.000,Ne,Ne,Ne,63,78,99.0,100.0,Ne,Ne,30664,54289,3.5,1.2,4.7,34.869,26.242,81533,222258,54.0,59.0,57.0,0.718,0,1669.0,2238.0,87.0,71.4,8.0,2.1,2.1,0.0,11082,1198,32.0,340644,0.0,43.1,0.725,32.000,16.000,63.000,600.0,3000.0,1200.0,100.0,0.0,0.0,0.0,0.0,0.0,0.0,0.0,0.0,0,0,16.0,246,Ne,Ne,Ne,125.0,125.2,8.00,5.95,1.71,7.88,0.11,0,0,0.0,0.0,0,0,0.0,0.0,0,0,0.0,0.0,157589,4542,23209.7,692.4,0,0.0,
20.5.2026,12:43:11.869,33886,9272,78.5,20030,11865,62.8,0.6,1.174,1.170,1.170,1.175,1.175,1.175,1.175,1.175,1.175,5225.0,5225.0,5225.0,5225.0,5225.0,5225.0,5225.0,5225.0,5225.0,100.0,1376.6,4194.8,1336.0,1171.7,874.4,1898.8,1465.4,846.6,704.5,3285.1,1608.7,1549.0,1110.8,719.1,396.5,620.4,243.4,1376.6,23.7,69.6,22.8,19.9,14.6,33.3,25.7,14.2,11.8,61.2,28.9,27.0,18.8,11.6,6.5,9.8,3.6,69.6,23.7,27.5,78.5,26.7,23.4,17.4,38.8,29.9,16.8,14.0,69.1,33.4,31.4,22.3,13.8,7.8,11.8,4.6,27.5,52.2,52.2,52.2,52.2,52.2,52.2,52.2,52.2,52.2,0.0,45.4,80.1,35.5,55.9,28.0,81.8,45.3,20.5,16.0,54.6,19.9,64.5,44.1,72.0,18.2,54.7,79.5,84.0,0.0,0.0,0.0,0.0,0.0,0.0,0.0,0.0,0.0,3000.0,30.00,30,40,40,76,116,884,1,51.2,49.4,46.2,41.5,45.8,38.9,45.3,38.9,46.3,40.1,40.2,36.8,38.2,38.2,49.0,41.2,43.9,44.9,59.1,1.172,1.250,1.100,27.010,13.991,27.011,73.500,7.311,63.706,3.200,4.867,2.669,3.841,2.350,4.960,3.231,1.984,1.697,31.626,17.489,57.157,63.700,2000.0,3000.0,5238.5,5238.5,5250.0,39.3,22.5,40.8,39.3,52.0,Ne,Ne,Ne,5.844,2.585,3.6,30,51,40,26,1.172,5.040,3.408,3.328,12.288,1.101,1.243,3.408,3.280,3.328,1.056,1.056,1.048,1.359,1.814,0.920,3.344,0.064,0.048,0.048,0.048,1.016,1.016,1106,950,2743,51.9,58.3,44,45,22509142,1.175,1.238,605506,23,14,7377994,25,16,6796461,182.6,1.9,42.8,1.365,1.365,1.815,1.815,1.005,5.040,0.750,Ne,Ne,Ne,40.5,1.365,1.365,1.815,1.815,1.005,5.110,1.250,Ne,Ne,Ne,63,78,99.0,100.0,Ne,Ne,30664,54289,40.3,0.1,40.4,26.643,1.199,81583,222260,54.0,60.0,57.0,0.730,0,1788.0,2238.0,87.0,72.5,9.0,2.1,2.1,0.0,11082,1198,32.0,340644,0.0,42.9,0.725,12.000,16.000,42.000,600.0,3000.0,1200.0,100.0,0.0,0.0,0.0,0.0,0.0,0.0,0.0,0.0,0,0,16.0,246,Ne,Ne,Ne,125.4,123.9,7.97,6.16,0.63,7.86,0.11,0,0,0.0,0.0,0,0,0.0,0.0,0,0,0.0,0.0,157590,4542,615.5,11.3,0,0.0,
20.5.2026,12:43:13.872,33888,9271,78.5,19997,11897,62.6,0.6,1.177,1.170,1.170,1.180,1.180,1.180,1.180,1.180,1.180,5010.7,5225.0,5225.0,5225.0,4653.5,5225.0,5225.0,4653.5,4653.5,100.0,1279.6,3997.9,1326.6,1143.6,624.7,2078.2,1014.4,781.6,462.9,2086.2,2736.5,1681.3,865.6,728.7,229.0,568.5,148.3,1279.6,21.9,62.1,23.1,19.8,10.3,37.1,17.1,13.1,7.6,38.3,51.0,30.1,14.7,12.0,3.7,9.0,2.3,62.1,21.9,25.3,70.1,26.7,23.0,12.3,42.7,20.2,15.4,9.0,43.6,57.4,34.5,17.3,14.1,4.5,10.7,2.8,25.3,50.1,52.2,52.2,52.2,46.5,52.2,52.2,46.5,46.5,0.0,42.3,76.3,31.4,51.2,22.7,81.3,44.1,17.9,13.6,57.7,23.7,68.6,48.8,77.3,18.7,55.9,82.1,86.4,0.0,0.0,0.0,0.0,0.0,0.0,0.0,0.0,0.0,3000.0,30.00,30,40,40,76,116,884,1,50.8,49.1,52.4,40.7,45.0,38.1,44.2,37.8,45.6,39.3,39.4,36.1,37.8,37.8,49.5,41.2,43.5,44.8,59.1,1.172,1.250,1.100,24.964,13.844,24.952,56.750,7.310,61.030,2.978,4.638,2.464,3.565,1.995,4.849,3.062,1.748,1.500,29.222,17.305,54.567,61.015,2000.0,3000.0,5239.4,5239.4,5250.0,37.7,20.8,31.5,37.7,51.6,Ne,Ne,Ne,4.815,1.833,3.4,30,50,39,26,1.172,5.040,3.408,3.328,12.288,1.101,1.243,3.408,3.280,3.328,1.072,1.056,1.048,1.368,1.814,0.920,3.344,0.064,0.048,0.048,0.048,1.016,1.016,1101,942,2772,51.9,58.3,44,44,22509302,1.175,1.238,605511,13,14,7378066,13,16,6796538,182.6,1.9,42.8,1.350,1.365,1.815,1.815,1.005,5.110,1.000,Ne,Ne,Ne,40.5,1.365,1.365,1.815,1.815,1.005,5.110,1.125,Ne,Ne,Ne,63,78,99.0,100.0,Ne,Ne,30664,54289,0.8,0.0,0.8,8.245,0.050,81599,222260,54.0,60.0,58.0,0.737,0,1884.0,2238.0,86.0,71.5,10.0,2.0,2.0,0.0,11082,1198,32.0,340644,0.0,42.9,0.725,18.000,16.000,49.000,600.0,3000.0,1200.0,100.0,0.0,0.0,0.0,0.0,0.0,0.0,0.0,0.0,0,0,16.0,246,Ne,Ne,Ne,124.7,126.1,8.02,6.01,1.82,7.91,0.11,0,0,0.0,0.0,0,0,0.0,0.0,0,0,0.0,0.0,157590,4542,0.3,0.2,0,0.0,
20.5.2026,12:43:15.871,33890,9269,78.5,19952,11943,62.5,0.6,1.174,1.175,1.175,1.175,1.175,1.175,1.175,1.175,1.170,4867.8,5225.0,4653.5,4653.5,4653.5,5225.0,4653.5,4653.5,5225.0,100.0,1269.7,4084.6,1187.1,1156.1,615.5,2029.4,1039.8,750.2,502.7,2229.4,2463.1,1758.7,854.1,722.8,220.7,569.1,132.2,1269.7,22.0,66.8,20.4,20.1,10.3,36.4,17.8,12.6,8.4,40.8,45.8,31.6,14.6,12.0,3.6,9.2,2.1,66.8,22.0,25.3,75.3,23.7,23.2,12.1,41.7,20.8,14.7,9.8,46.4,51.7,36.1,17.1,13.9,4.3,10.7,2.5,25.3,48.7,52.2,46.5,46.5,46.5,52.2,46.5,46.5,52.2,0.0,42.4,78.0,31.3,51.2,22.7,79.4,45.2,17.6,13.3,57.6,22.0,68.7,48.8,77.3,20.6,54.8,82.4,86.7,0.0,0.0,0.0,0.0,0.0,0.0,0.0,0.0,0.0,3000.0,30.00,30,40,40,76,116,884,1,51.1,49.3,50.6,40.8,45.0,38.1,44.3,37.8,45.8,39.5,39.3,36.1,37.8,37.8,48.8,40.8,43.3,44.7,59.0,1.172,1.250,1.100,24.985,13.886,25.010,60.500,7.296,61.111,2.996,4.639,2.461,3.580,1.997,4.904,3.154,1.744,1.487,29.241,17.357,54.624,61.132,2000.0,3000.0,5239.0,5239.0,5250.0,37.7,20.8,33.6,37.7,51.9,Ne,Ne,Ne,4.960,1.919,3.4,30,51,40,26,1.172,5.040,3.408,3.328,12.288,1.101,1.243,3.408,3.280,3.328,1.056,1.056,1.048,1.359,1.814,0.920,3.344,0.064,0.048,0.048,0.048,1.016,1.016,1102,916,2749,51.9,58.3,43,44,22509380,1.160,1.238,605513,32,14,7378130,28,17,6796602,182.6,1.9,42.5,1.365,1.365,1.815,1.815,1.005,5.110,0.375,Ne,Ne,Ne,40.5,1.365,1.365,1.815,1.815,1.005,5.110,1.000,Ne,Ne,Ne,63,78,99.0,100.0,Ne,Ne,30664,54289,1.1,0.9,2.0,5.251,0.503,81609,222261,55.0,60.0,58.0,0.736,0,1866.0,2238.0,85.0,69.7,9.0,2.0,2.0,0.0,11060,1137,32.0,340644,0.0,42.9,0.725,27.000,17.000,59.000,600.0,3000.0,1200.0,100.0,0.0,0.0,0.0,0.0,0.0,0.0,0.0,0.0,0,0,16.0,246,Ne,Ne,Ne,124.6,124.8,8.02,5.97,1.87,7.91,0.11,0,0,0.0,0.0,0,0,0.0,0.0,0,0,0.0,0.0,157590,4542,0.2,0.2,0,0.0,
20.5.2026,12:43:17.869,33664,9495,77.9,19583,12312,61.3,0.6,1.173,1.160,1.170,1.175,1.175,1.175,1.175,1.175,1.175,5010.7,5225.0,5225.0,5225.0,4653.5,5225.0,5225.0,4653.5,4653.5,100.0,1216.7,4473.5,1058.8,1103.1,588.4,1983.8,980.0,710.8,403.6,2057.8,2201.0,1690.1,733.8,626.1,201.7,513.7,141.2,1216.7,21.2,77.1,18.1,19.0,9.8,35.2,16.5,11.8,6.6,37.2,40.5,30.2,12.2,10.2,3.4,8.3,2.4,77.1,21.2,24.3,86.4,21.0,22.0,11.5,40.5,19.4,13.8,7.7,42.6,45.9,34.6,14.4,11.9,3.9,9.6,2.7,24.3,50.1,52.2,52.2,52.2,46.5,52.2,52.2,46.5,46.5,0.0,40.9,85.4,29.9,49.5,20.2,71.7,42.3,15.6,12.4,59.1,14.6,70.1,50.5,79.8,28.3,57.7,84.4,87.6,0.0,0.0,0.0,0.0,0.0,0.0,0.0,0.0,0.0,3000.0,30.00,30,40,40,76,116,884,1,50.5,48.9,51.1,40.3,45.4,37.8,43.8,37.5,44.3,38.9,38.9,35.9,37.6,37.6,48.8,41.1,43.2,44.6,59.0,1.171,1.250,1.100,24.000,13.755,23.988,69.000,7.306,59.695,2.855,4.873,2.329,3.425,1.872,4.361,2.881,1.649,1.454,28.074,17.193,53.304,59.711,2000.0,3000.0,5239.5,5239.5,5250.0,36.9,20.0,38.3,36.9,51.5,Ne,Ne,Ne,3.639,1.832,3.3,30,50,39,26,1.172,5.040,3.408,3.328,12.288,1.101,1.243,3.408,3.280,3.328,1.072,1.056,1.048,1.359,1.814,0.920,3.344,0.064,0.048,0.048,0.048,1.016,1.016,1111,901,2749,51.9,58.3,43,44,22509458,1.164,1.238,605516,11,13,7378152,14,17,6796628,182.6,1.9,42.5,1.365,1.365,1.800,1.815,1.005,5.110,0.875,Ne,Ne,Ne,40.5,1.365,1.365,1.815,1.815,1.005,5.110,2.250,Ne,Ne,Ne,63,78,99.0,100.0,Ne,Ne,30664,54289,21.2,0.4,21.6,22.432,0.172,81652,222261,55.0,60.0,58.0,0.727,0,1746.0,2238.0,87.0,71.2,9.0,2.1,2.1,0.0,11060,881,32.0,340772,0.0,42.8,0.725,46.000,17.000,79.000,600.0,3000.0,1200.0,100.0,0.0,0.0,0.0,0.0,0.0,0.0,0.0,0.0,0,0,16.0,246,Ne,Ne,Ne,125.0,125.4,8.00,6.19,1.78,7.89,0.11,0,0,0.0,0.0,0,0,0.0,0.0,0,0,0.0,0.0,157590,4542,0.2,0.1,0,0.0,
20.5.2026,12:43:19.873,33573,9586,77.7,19577,12318,61.3,0.6,1.168,1.170,1.175,1.160,1.160,1.170,1.170,1.170,1.170,5225.0,5225.0,5225.0,5225.0,5225.0,5225.0,5225.0,5225.0,5225.0,100.0,1782.4,4604.4,1855.4,1606.3,1464.7,2322.6,2033.7,1260.1,1055.5,3352.4,2018.4,1827.2,1850.9,1169.6,622.1,1069.6,406.1,1782.4,30.2,76.1,32.4,27.0,24.6,40.0,35.2,20.8,17.2,62.0,35.1,31.1,30.9,18.8,9.9,16.9,6.0,76.1,30.2,35.5,86.1,37.6,32.1,29.4,46.9,41.3,24.9,20.9,70.8,41.2,36.7,36.9,22.7,12.3,20.6,7.8,35.5,52.2,52.2,52.2,52.2,52.2,52.2,52.2,52.2,52.2,0.0,56.2,87.9,51.9,68.5,40.2,82.7,59.7,32.2,26.3,43.8,12.1,48.1,31.5,59.8,17.3,40.3,67.8,73.7,0.0,0.0,0.0,0.0,0.0,0.0,0.0,0.0,0.0,3000.0,30.00,30,40,40,76,116,884,1,50.9,49.8,50.6,43.8,47.8,41.9,47.4,41.6,47.7,42.8,42.0,39.1,39.1,39.1,48.5,41.2,44.0,44.6,59.0,1.174,1.250,1.100,32.821,14.259,32.823,73.250,7.346,71.138,3.934,5.525,3.699,4.568,3.169,5.279,4.087,2.717,2.432,38.493,17.824,64.397,71.131,2000.0,3000.0,5236.3,5236.3,5250.0,43.9,27.4,40.7,43.9,52.4,Ne,Ne,Ne,7.689,5.007,4.5,30,50,39,26,1.163,5.040,3.408,3.328,12.288,1.101,1.234,3.408,3.280,3.328,1.072,1.056,1.048,1.359,1.814,0.920,3.344,0.064,0.048,0.048,0.048,1.016,1.016,1101,895,2721,51.9,58.3,44,44,22509536,1.164,1.238,605518,62,14,7378276,49,17,6796748,182.6,1.9,42.5,1.365,1.365,1.815,1.800,1.005,5.110,0.625,Ne,Ne,Ne,40.5,1.365,1.365,1.815,1.800,1.005,5.110,0.750,Ne,Ne,Ne,63,78,99.0,100.0,Ne,Ne,30664,54289,5.1,1.8,6.9,3.980,0.317,81660,222262,55.0,60.0,59.0,0.750,0,2057.0,2238.0,86.0,66.3,9.0,1.9,1.9,20.0,11060,863,32.0,340772,0.0,43.0,0.725,19.000,17.000,51.000,600.0,3000.0,1200.0,100.0,0.0,0.0,0.0,0.0,0.0,0.0,0.0,0.0,0,0,16.0,246,Ne,Ne,Ne,124.6,124.9,8.03,5.76,2.69,7.90,0.12,0,0,0.0,0.0,0,0,0.0,0.0,0,0,0.0,0.0,157590,4542,0.7,0.2,0,0.0,
20.5.2026,12:43:21.870,33532,9627,77.6,19508,12386,61.1,0.6,1.170,1.170,1.170,1.170,1.170,1.170,1.170,1.170,1.170,5153.6,5225.0,4653.5,5225.0,5225.0,5225.0,5225.0,5225.0,5225.0,100.0,1343.7,4357.9,1384.2,888.2,1043.9,1406.9,1793.1,694.4,713.7,2198.0,2483.5,1161.0,1517.1,712.3,326.8,615.6,202.9,1343.7,23.1,70.6,24.1,14.8,17.9,24.1,31.7,11.3,12.1,40.2,45.8,19.9,26.4,11.8,5.6,10.0,3.4,70.6,23.1,26.5,79.6,27.7,17.4,20.8,28.2,36.5,13.3,14.1,45.8,51.8,23.3,30.6,13.6,6.4,11.6,3.9,26.5,51.5,52.2,46.5,52.2,52.2,52.2,52.2,52.2,52.2,0.0,44.2,83.2,33.7,52.7,25.3,78.1,45.9,19.2,15.3,55.8,16.8,66.3,47.3,74.7,21.9,54.1,80.8,84.7,0.0,0.0,0.0,0.0,0.0,0.0,0.0,0.0,0.0,3000.0,30.00,30,40,40,76,116,884,1,50.5,49.1,45.4,41.3,46.0,38.8,44.6,38.6,45.6,40.1,39.9,37.0,38.2,38.2,49.2,41.1,43.8,44.7,59.0,1.172,1.250,1.100,26.225,13.870,26.231,68.250,7.324,62.564,3.071,4.926,2.564,3.558,2.144,4.665,3.156,1.882,1.676,30.723,17.337,56.116,62.570,2000.0,3000.0,5238.7,5238.7,5250.0,38.6,21.9,37.9,38.6,51.7,Ne,Ne,Ne,3.904,2.067,3.5,30,50,39,26,1.163,5.040,3.408,3.328,12.288,1.101,1.243,3.408,3.280,3.344,1.072,1.056,1.048,1.359,1.814,0.920,3.344,0.064,0.048,0.048,0.048,1.016,1.016,1086,887,2749,51.9,58.3,44,44,22509614,1.164,1.238,605520,13,13,7378302,28,16,6796777,182.6,1.9,42.5,1.365,1.365,1.815,1.800,0.990,5.110,0.750,Ne,Ne,Ne,40.5,1.365,1.365,1.815,1.800,0.990,5.110,0.625,Ne,Ne,Ne,63,78,99.0,100.0,Ne,Ne,30664,54289,0.0,0.7,0.7,0.010,0.581,81660,222263,55.0,60.0,59.0,0.719,685,1667.0,2238.0,85.0,73.3,9.0,2.1,2.1,20.0,11060,863,32.0,340772,0.0,42.9,0.725,26.000,17.000,57.000,600.0,3000.0,1200.0,100.0,0.0,0.0,0.0,0.0,0.0,0.0,0.0,0.0,0,0,16.0,246,Ne,Ne,Ne,124.6,125.6,8.03,6.25,1.80,7.92,0.11,0,0,0.0,0.0,0,0,0.0,0.0,0,0,0.0,0.0,157590,4542,0.8,0.4,0,0.0,
20.5.2026,12:43:23.868,33625,9533,77.9,19546,12349,61.2,0.6,1.165,1.170,1.160,1.160,1.160,1.160,1.170,1.170,1.170,5225.0,5225.0,5225.0,5225.0,5225.0,5225.0,5225.0,5225.0,5225.0,100.0,1240.6,4305.4,1619.8,699.1,892.3,1188.6,1739.1,572.7,554.5,1812.1,2584.6,1162.5,1220.0,596.6,242.4,472.9,187.3,1240.6,21.0,62.7,29.2,11.5,15.5,20.3,31.0,9.4,9.4,32.4,48.1,20.2,21.5,9.8,4.0,7.5,3.2,62.7,21.0,24.0,70.6,33.2,13.5,17.9,23.8,35.6,11.0,10.9,37.2,54.2,23.4,24.8,11.3,4.7,8.7,3.6,24.0,52.2,52.2,52.2,52.2,52.2,52.2,52.2,52.2,52.2,0.0,40.5,82.2,28.4,49.0,20.5,74.3,41.5,15.6,12.4,59.5,17.8,71.6,51.0,79.5,25.7,58.5,84.4,87.6,0.0,0.0,0.0,0.0,0.0,0.0,0.0,0.0,0.0,3000.0,30.00,30,40,40,76,116,884,1,50.1,49.0,47.5,40.2,45.1,37.4,43.7,37.2,44.4,38.8,38.8,35.8,37.5,37.5,48.5,41.0,43.2,44.8,59.0,1.171,1.250,1.100,23.883,13.802,23.899,69.000,7.298,59.613,2.826,4.754,2.196,3.382,1.853,4.459,2.901,1.638,1.427,27.940,17.252,53.220,59.641,2000.0,3000.0,5239.3,5239.3,5250.0,36.8,19.9,38.3,36.8,51.5,Ne,Ne,Ne,3.580,1.455,3.2,30,50,39,26,1.172,5.040,3.408,3.328,12.288,1.101,1.243,3.408,3.280,3.328,1.056,1.056,1.048,1.359,1.814,0.920,3.328,0.064,0.048,0.048,0.048,1.016,1.016,1086,911,2721,51.9,58.3,44,44,22509692,1.167,1.238,605523,20,14,7378342,12,16,6796819,182.6,1.9,42.5,1.365,1.365,1.815,1.800,0.990,5.110,0.875,Ne,Ne,Ne,40.2,1.365,1.365,1.815,1.800,0.990,5.110,1.125,Ne,Ne,Ne,63,78,99.0,100.0,Ne,Ne,30664,54290,43.7,0.9,44.6,14.658,0.225,81688,222263,55.0,60.0,58.0,0.720,952,1679.0,2238.0,88.0,72.3,9.0,2.2,2.2,21.0,11082,924,32.0,340794,0.0,42.7,0.725,20.000,17.000,52.000,600.0,3000.0,1200.0,100.0,0.0,0.0,0.0,0.0,0.0,0.0,0.0,0.0,0,0,16.0,246,Ne,Ne,Ne,125.0,123.8,8.00,5.98,0.45,7.89,0.11,0,0,0.0,0.0,0,0,0.0,0.0,0,0,0.0,0.0,157590,4542,0.6,0.2,0,0.0,
20.5.2026,12:43:25.870,33704,9455,78.0,19535,12359,61.2,0.6,1.176,1.185,1.170,1.165,1.165,1.180,1.180,1.180,1.180,5082.1,5225.0,5225.0,5225.0,5225.0,5225.0,5225.0,4653.5,4653.5,100.0,1348.6,4083.1,1504.5,1030.2,922.5,1567.9,1612.5,856.8,589.4,2051.8,2824.7,1410.4,1269.3,743.8,304.9,591.4,213.8,1348.6,22.7,62.4,26.2,17.1,15.5,26.8,28.2,14.1,9.4,36.8,52.5,24.5,21.8,11.8,4.6,8.9,2.9,62.4,22.7,26.5,70.6,30.5,20.4,18.5,31.7,32.9,16.8,11.5,42.3,59.4,28.7,25.6,14.2,6.0,11.0,4.1,26.5,50.8,52.2,52.2,52.2,52.2,52.2,52.2,46.5,46.5,0.0,43.9,78.0,34.0,52.1,25.8,81.1,45.9,19.2,14.9,56.1,22.0,66.0,47.9,74.2,18.9,54.1,80.8,85.1,0.0,0.0,0.0,0.0,0.0,0.0,0.0,0.0,0.0,3000.0,30.00,30,40,40,76,116,884,1,51.6,49.7,50.6,41.0,45.0,38.5,44.5,38.2,46.4,39.6,39.5,36.3,37.8,37.8,49.5,41.4,43.2,44.6,59.0,1.171,1.250,1.100,26.314,13.972,26.279,79.500,7.300,62.763,3.128,4.712,2.605,3.709,2.177,5.194,3.183,1.865,1.583,30.789,17.465,56.284,62.743,2000.0,3000.0,5238.6,5238.6,5250.0,38.7,21.9,44.2,38.7,52.3,Ne,Ne,Ne,5.301,2.225,3.5,30,51,40,26,1.172,5.040,3.408,3.328,12.288,1.101,1.243,3.408,3.280,3.328,1.056,1.056,1.048,1.350,1.814,0.920,3.344,0.064,0.048,0.048,0.048,1.016,1.016,1086,907,2743,51.9,58.3,43,45,22509770,1.175,1.238,605525,25,14,7378392,38,16,6796871,182.6,1.9,42.5,1.350,1.365,1.815,1.800,0.990,5.110,2.375,Ne,Ne,Ne,40.2,1.350,1.365,1.815,1.800,0.990,5.110,1.750,Ne,Ne,Ne,63,78,99.0,100.0,Ne,Ne,30664,54290,0.9,1.2,2.2,8.824,0.534,81705,222264,55.0,61.0,58.0,0.734,1081,1846.0,2238.0,88.0,70.9,9.0,2.1,2.1,21.0,11082,924,32.0,340794,0.0,42.8,0.725,41.000,18.000,74.000,600.0,3000.0,1200.0,100.0,0.0,0.0,0.0,0.0,0.0,0.0,0.0,0.0,0,0,16.0,246,Ne,Ne,Ne,124.5,123.9,8.03,6.04,3.45,7.92,0.11,0,0,0.0,0.0,0,0,0.0,0.0,0,0,0.0,0.0,157590,4542,1.1,0.2,0,0.0,
20.5.2026,12:43:27.868,33638,9521,77.9,19503,12392,61.1,0.6,1.171,1.180,1.170,1.170,1.170,1.170,1.170,1.170,1.170,5225.0,5225.0,5225.0,5225.0,5225.0,5225.0,5225.0,5225.0,5225.0,100.0,1677.7,4611.3,2032.0,1713.0,991.4,2528.3,1411.9,1385.3,712.0,3210.7,1934.0,2124.9,1267.4,1178.5,456.6,942.1,343.3,1677.7,29.6,76.8,36.1,30.5,17.2,46.3,24.5,24.6,12.3,60.1,34.8,38.5,21.7,20.5,8.0,16.2,5.9,76.8,29.6,33.8,86.4,41.6,34.8,19.8,53.0,28.4,28.1,14.1,68.0,39.8,43.8,25.2,23.5,9.0,18.6,6.7,33.8,52.2,52.2,52.2,52.2,52.2,52.2,52.2,52.2,52.2,0.0,52.7,88.1,45.3,63.0,36.4,80.8,55.3,29.4,23.4,47.3,11.9,54.7,37.0,63.6,19.2,44.7,70.6,76.6,0.0,0.0,0.0,0.0,0.0,0.0,0.0,0.0,0.0,3000.0,30.00,30,40,40,76,116,884,1,51.8,50.0,49.8,43.5,48.0,41.3,47.2,41.0,47.6,42.3,41.9,38.6,39.2,39.2,48.8,41.1,44.0,44.5,59.0,1.174,1.250,1.100,32.007,14.301,32.021,70.000,7.355,70.220,3.775,5.581,3.447,4.414,2.933,5.168,3.888,2.564,2.209,37.534,17.877,63.501,70.248,2000.0,3000.0,5235.6,5235.6,5250.0,43.4,26.7,38.9,43.4,52.6,Ne,Ne,Ne,8.298,4.426,4.2,30,51,40,26,1.163,5.040,3.408,3.328,12.288,1.101,1.243,3.408,3.280,3.328,1.056,1.056,1.048,1.359,1.814,0.920,3.344,0.064,0.048,0.048,0.048,1.016,1.016,1125,910,2721,51.9,58.3,44,44,22509852,1.179,1.238,605527,12,13,7378416,27,16,6796898,182.6,1.9,42.5,1.350,1.365,1.815,1.800,0.990,5.110,0.750,Ne,Ne,Ne,40.5,1.350,1.365,1.815,1.800,0.990,5.110,0.875,Ne,Ne,Ne,63,78,99.0,100.0,Ne,Ne,30664,54290,14.4,0.6,15.0,19.159,10.486,81741,222284,54.0,60.0,58.0,0.747,1145,2022.0,2238.0,86.0,66.7,9.0,1.9,1.9,22.0,11090,924,32.0,340802,0.0,42.9,0.725,13.000,16.000,44.000,600.0,3000.0,1200.0,100.0,0.0,0.0,0.0,0.0,0.0,0.0,0.0,0.0,0,0,16.0,246,Ne,Ne,Ne,125.1,124.1,8.00,5.75,2.89,7.88,0.12,0,0,0.0,0.0,0,0,0.0,0.0,0,0,0.0,0.0,157606,4542,8583.4,185.6,0,0.0,
20.5.2026,12:43:29.870,33314,9844,77.1,19025,12870,59.6,0.6,1.170,1.160,1.160,1.160,1.160,1.180,1.180,1.180,1.180,5225.0,5225.0,5225.0,5225.0,5225.0,5225.0,5225.0,5225.0,5225.0,100.0,1603.5,4345.3,1761.7,1672.0,873.5,2233.4,1583.6,1272.2,679.6,2109.3,3234.3,2027.9,1191.1,928.6,548.3,745.2,450.6,1603.5,27.9,69.7,31.1,29.6,14.6,39.9,28.0,22.2,11.1,38.2,60.5,36.4,20.1,15.7,9.0,12.3,7.4,69.7,27.9,32.1,78.7,35.8,34.2,17.3,46.0,32.4,25.7,13.3,43.8,68.3,41.7,23.7,18.3,10.7,14.5,8.8,32.1,52.2,52.2,52.2,52.2,52.2,52.2,52.2,52.2,52.2,0.0,51.0,83.0,43.1,61.1,34.0,85.8,52.9,26.4,21.6,47.1,17.0,54.7,38.9,62.0,14.2,47.1,68.8,74.5,1.8,0.0,2.2,0.0,3.9,0.0,0.0,4.8,3.9,3000.0,30.00,30,40,40,76,116,884,1,52.0,50.0,49.8,42.6,47.3,40.1,46.3,39.9,47.1,41.3,41.1,37.7,38.7,38.7,48.8,41.2,43.9,44.5,59.0,1.173,1.250,1.100,30.041,14.148,30.025,74.250,7.327,67.629,3.577,5.375,3.161,4.168,2.702,5.206,3.726,2.292,1.985,35.209,17.685,60.954,67.598,2000.0,3000.0,5236.9,5236.9,5250.0,41.7,25.0,41.2,41.7,52.6,Ne,Ne,Ne,7.161,4.202,4.1,30,52,41,26,1.181,5.040,3.408,3.328,12.288,1.101,1.243,3.408,3.280,3.328,1.056,1.056,1.048,1.359,1.814,0.920,3.344,0.064,0.048,0.048,0.048,1.016,1.016,1112,943,2721,51.9,58.3,44,45,22509934,1.179,1.238,605530,17,13,7378450,38,17,6796935,182.6,1.9,42.5,1.350,1.365,1.800,1.800,0.990,5.110,2.250,Ne,Ne,Ne,40.2,1.350,1.365,1.815,1.800,0.990,5.110,1.250,Ne,Ne,Ne,63,78,99.0,100.0,Ne,Ne,30664,54290,100.0,30.2,100.0,64.240,2.223,81864,222288,53.0,60.0,56.0,0.735,1183,1846.0,2238.0,87.0,63.4,8.0,1.9,1.9,22.0,11014,924,32.0,340802,0.0,42.9,0.725,28.000,17.000,59.000,600.0,3000.0,1200.0,100.0,0.0,0.0,0.0,0.0,0.0,0.0,0.0,0.0,0,0,16.0,246,Ne,Ne,Ne,122.2,121.2,8.19,5.81,2.93,8.06,0.12,0,0,0.0,0.0,0,0,0.0,0.0,0,0,0.0,0.0,157610,4543,1663.9,28.5,0,0.0,
20.5.2026,12:43:31.872,33614,9545,77.8,19349,12545,60.6,0.6,1.154,1.150,1.155,1.155,1.155,1.155,1.155,1.155,1.155,5225.0,5225.0,5225.0,5225.0,5225.0,5225.0,5225.0,5225.0,5225.0,100.0,1701.4,4614.2,1900.1,1656.4,1088.9,2253.0,1716.5,1221.8,921.4,2089.6,3215.2,2055.8,1397.1,934.4,763.1,839.1,555.8,1701.4,29.3,73.9,33.8,29.0,18.3,39.8,29.9,21.1,15.3,37.1,60.0,36.6,23.7,15.6,12.6,14.0,8.8,73.9,29.3,34.0,83.3,38.9,33.7,21.7,46.1,34.9,24.7,18.3,42.9,68.0,42.3,28.1,18.6,15.1,16.6,10.8,34.0,52.2,52.2,52.2,52.2,52.2,52.2,52.2,52.2,52.2,0.0,53.4,88.1,45.4,62.6,37.0,83.0,56.4,30.1,24.6,46.6,11.9,54.6,37.4,63.0,17.0,43.6,69.9,75.3,0.0,0.0,0.0,0.0,0.0,0.0,0.0,0.0,0.1,3000.0,30.00,30,40,40,76,116,884,1,52.1,50.2,48.4,43.6,48.0,41.1,47.3,41.0,47.9,42.6,42.1,38.8,39.3,39.3,49.5,41.6,44.0,44.6,59.0,1.175,1.250,1.100,31.900,14.235,31.915,74.750,7.353,70.022,3.788,5.515,3.387,4.377,2.940,5.312,3.977,2.526,2.270,37.431,17.793,63.312,70.034,2000.0,3000.0,5236.0,5236.0,5250.0,43.2,26.6,41.5,43.2,52.9,Ne,Ne,Ne,7.919,4.362,4.3,30,52,41,26,1.172,5.040,3.408,3.328,12.288,1.101,1.243,3.408,3.280,3.328,1.056,1.056,1.048,1.359,1.814,0.920,3.344,0.064,0.048,0.048,0.048,1.016,1.016,1138,936,2743,51.9,58.3,44,44,22510016,1.171,1.238,605532,41,14,7378532,39,19,6797017,182.6,1.9,42.5,1.350,1.365,1.815,1.800,0.990,5.110,0.750,Ne,Ne,Ne,40.5,1.350,1.365,1.815,1.800,0.990,5.110,0.875,Ne,Ne,Ne,63,78,99.0,100.0,Ne,Ne,30664,54290,83.6,0.1,83.7,115.372,0.601,82085,222290,53.0,60.0,56.0,0.744,1198,1992.0,2238.0,87.0,68.1,10.0,1.9,1.9,22.0,11029,924,32.0,340817,0.0,43.1,0.725,24.000,17.000,44.000,600.0,3000.0,1200.0,100.0,0.0,0.0,0.0,0.0,0.0,0.0,0.0,0.0,0,0,16.0,246,Ne,Ne,Ne,125.6,125.4,7.96,5.93,0.27,7.85,0.11,0,0,0.0,0.0,0,0,0.0,0.0,0,0,0.0,0.0,157610,4543,0.2,0.1,0,0.0,
20.5.2026,12:43:33.868,33650,9509,77.9,19388,12507,60.7,0.6,1.173,1.170,1.175,1.175,1.170,1.170,1.175,1.175,1.175,5225.0,5225.0,5225.0,5225.0,5225.0,5225.0,5225.0,5225.0,5225.0,100.0,1396.6,4337.0,1835.5,933.5,987.5,1582.6,1534.5,691.9,876.8,2511.4,2153.3,1365.1,1313.0,570.9,637.2,437.1,578.3,1396.6,23.7,61.7,33.1,16.1,16.9,27.7,26.9,11.9,15.0,46.3,39.3,24.2,22.9,9.6,10.6,7.1,9.6,61.7,23.7,27.2,69.6,37.8,18.8,19.7,32.2,31.1,13.9,17.4,52.5,44.8,27.9,26.6,11.2,12.4,8.5,11.2,27.2,52.2,52.2,52.2,52.2,52.2,52.2,52.2,52.2,52.2,0.0,44.0,82.8,32.9,50.4,26.7,77.0,44.4,20.9,17.0,56.0,17.2,67.1,49.6,73.3,23.0,55.6,79.1,83.0,0.0,0.0,0.0,0.0,0.0,0.0,0.0,0.0,0.0,3000.0,30.00,30,40,40,76,116,884,1,51.9,49.5,50.2,41.4,46.2,38.6,44.8,38.6,45.9,39.9,40.1,36.9,38.2,38.2,49.5,41.3,43.9,44.8,59.0,1.172,1.250,1.100,26.100,13.907,26.082,72.750,7.319,62.489,3.119,5.006,2.536,3.589,2.227,4.758,3.181,1.951,1.702,30.559,17.383,55.993,62.473,2000.0,3000.0,5238.2,5238.2,5250.0,38.6,21.7,40.4,38.6,52.1,Ne,Ne,Ne,5.349,2.086,3.5,30,52,41,26,1.163,5.040,3.408,3.328,12.288,1.101,1.243,3.408,3.280,3.328,1.056,1.056,1.048,1.359,1.814,0.920,3.344,0.064,0.048,0.048,0.048,1.016,1.016,1140,912,2772,51.9,58.3,44,45,22510098,1.171,1.238,605534,15,14,7378562,17,16,6797050,182.6,1.9,42.5,1.350,1.365,1.815,1.800,1.005,5.110,1.875,Ne,Ne,Ne,40.2,1.350,1.365,1.815,1.800,0.990,5.110,2.375,Ne,Ne,Ne,63,78,99.0,100.0,Ne,Ne,30664,54290,5.2,0.6,5.9,11.915,0.192,82108,222290,52.0,60.0,56.0,0.747,1190,2018.0,2238.0,87.0,71.5,10.0,2.0,2.0,21.0,11029,924,32.0,340817,0.0,42.9,0.725,20.000,17.000,51.000,600.0,3000.0,1200.0,100.0,0.0,0.0,0.0,0.0,0.0,0.0,0.0,0.0,0,0,16.0,246,Ne,Ne,Ne,125.2,125.8,7.99,6.03,1.93,7.88,0.11,0,0,0.0,0.0,0,0,0.0,0.0,0,0,0.0,0.0,157610,4543,0.1,0.1,0,0.0,
20.5.2026,12:43:35.868,33528,9631,77.6,19323,12571,60.5,0.6,1.171,1.175,1.170,1.170,1.170,1.170,1.170,1.170,1.170,5225.0,5225.0,5225.0,5225.0,5225.0,5225.0,5225.0,5225.0,5225.0,100.0,1679.4,4776.4,1821.9,1258.2,1417.1,1765.4,2254.8,853.2,1318.5,2669.2,2301.7,1443.3,1967.5,660.0,1014.9,550.9,797.0,1679.4,29.3,78.2,32.6,22.0,24.5,30.7,40.7,14.7,23.1,49.3,41.6,25.3,34.8,11.3,17.3,9.2,13.4,78.2,29.3,33.5,87.9,37.1,25.4,28.4,35.6,46.4,17.0,26.5,56.0,47.6,29.3,39.9,13.1,20.0,10.8,15.5,33.5,52.2,52.2,52.2,52.2,52.2,52.2,52.2,52.2,52.2,0.0,52.9,91.2,45.1,63.0,37.6,77.2,55.1,29.4,24.2,47.1,8.8,54.9,37.0,62.4,22.8,44.9,70.6,75.8,0.0,0.0,0.0,0.0,0.0,0.0,0.0,0.0,0.0,3000.0,30.00,30,40,40,76,116,884,1,52.0,50.2,49.8,43.4,48.2,40.8,47.0,40.9,47.3,42.2,41.9,38.5,39.2,39.2,49.0,41.1,44.0,44.7,59.0,1.174,1.250,1.100,30.962,14.198,31.002,71.500,7.344,68.861,3.722,5.587,3.304,4.248,2.955,5.090,3.871,2.506,2.219,36.326,17.747,62.152,68.903,2000.0,3000.0,5236.3,5236.3,5250.0,42.5,25.8,39.7,42.5,52.8,Ne,Ne,Ne,7.877,4.271,4.2,30,51,41,26,1.163,5.040,3.408,3.328,12.288,1.101,1.243,3.408,3.280,3.328,1.056,1.056,1.048,1.359,1.814,0.920,3.344,0.064,0.056,0.048,0.048,1.016,1.016,1125,909,2749,51.9,58.3,44,45,22510180,1.175,1.238,605537,37,14,7378636,16,17,6797123,182.6,1.9,42.5,1.350,1.365,1.815,1.800,0.990,5.040,0.750,Ne,Ne,Ne,40.5,1.350,1.365,1.815,1.800,0.990,5.110,0.250,Ne,Ne,Ne,63,78,99.0,100.0,Ne,Ne,30664,54290,38.5,0.9,39.4,25.204,0.126,82156,222290,52.0,60.0,55.0,0.743,1157,1970.0,2238.0,85.0,67.1,10.0,1.8,1.8,20.0,11029,924,32.0,340817,0.0,43.1,0.725,26.000,18.000,58.000,600.0,3000.0,1200.0,100.0,0.0,0.0,0.0,0.0,0.0,0.0,0.0,0.0,0,0,16.0,246,Ne,Ne,Ne,124.7,124.6,8.02,5.73,2.66,7.91,0.11,0,0,0.0,0.0,0,0,0.0,0.0,0,0,0.0,0.0,157610,4543,0.9,0.3,0,0.0,
20.5.2026,12:43:37.868,33559,9600,77.7,19325,12570,60.5,0.6,1.176,1.180,1.180,1.180,1.170,1.170,1.175,1.175,1.175,5225.0,5225.0,5225.0,5225.0,5225.0,5225.0,5225.0,5225.0,5225.0,100.0,1457.3,4365.8,1835.3,831.9,1294.1,1255.3,2047.4,529.2,1110.5,2041.5,2916.1,1054.0,1788.1,378.9,890.4,290.7,687.6,1457.3,24.8,64.4,32.8,14.3,22.3,21.2,36.6,8.8,19.0,36.8,54.3,18.2,31.6,6.2,14.9,4.6,11.3,64.4,24.8,28.6,72.7,37.5,16.7,25.9,25.0,42.0,10.4,22.1,42.2,61.4,21.2,36.4,7.4,17.4,5.5,13.2,28.6,52.2,52.2,52.2,52.2,52.2,52.2,52.2,52.2,52.2,0.0,46.5,83.4,36.6,53.1,29.4,80.2,47.7,23.1,18.0,53.5,16.6,63.4,46.9,70.6,19.8,52.3,76.9,82.0,0.0,0.0,0.0,0.0,0.0,0.0,0.0,0.0,0.0,3000.0,30.00,30,40,40,76,116,884,1,51.6,49.4,54.6,41.6,46.1,39.1,45.0,38.9,46.2,40.3,40.3,37.0,38.3,38.3,49.2,41.6,43.7,44.5,59.0,1.172,1.250,1.100,27.077,14.009,27.042,74.750,7.334,63.869,3.257,5.010,2.790,3.750,2.372,4.961,3.334,2.073,1.768,31.713,17.511,57.291,63.822,2000.0,3000.0,5238.0,5238.0,5250.0,39.4,22.5,41.5,39.4,52.0,Ne,Ne,Ne,6.226,2.986,3.7,30,51,40,26,1.181,5.040,3.408,3.328,12.288,1.101,1.243,3.392,3.280,3.328,1.056,1.056,1.048,1.359,1.814,0.920,3.328,0.064,0.048,0.048,0.048,1.016,1.016,1114,898,2772,51.9,58.3,44,45,22510260,1.167,1.238,605539,13,13,7378662,23,16,6797153,182.6,1.9,42.5,1.350,1.365,1.815,1.800,0.990,5.110,2.375,Ne,Ne,Ne,40.2,1.350,1.365,1.815,1.800,0.990,5.110,0.750,Ne,Ne,Ne,63,78,99.0,100.0,Ne,Ne,30664,54290,1.5,0.1,1.6,10.191,0.537,82175,222291,51.0,59.0,54.0,0.732,1136,1801.0,2238.0,87.0,66.2,8.0,2.1,2.1,20.0,11029,924,32.0,340817,0.0,43.0,0.725,31.000,16.000,62.000,600.0,3000.0,1200.0,100.0,0.0,0.0,0.0,0.0,0.0,0.0,0.0,0.0,0,0,16.0,246,Ne,Ne,Ne,124.2,125.0,8.05,5.57,2.31,7.94,0.12,0,0,0.0,0.0,0,0,0.0,0.0,0,0,0.0,0.0,157610,4543,0.4,0.1,0,0.0,
20.5.2026,12:43:39.868,33537,9622,77.7,19331,12564,60.6,0.6,1.180,1.180,1.180,1.180,1.180,1.180,1.180,1.180,1.180,5225.0,5225.0,5225.0,5225.0,5225.0,5225.0,5225.0,5225.0,5225.0,100.0,1916.0,4576.6,2316.1,1429.7,1795.3,1978.8,2563.6,977.3,1625.7,2036.5,3717.2,1668.0,2224.7,701.5,1355.7,607.6,1082.7,1916.0,33.2,70.3,41.7,24.8,31.3,34.0,46.2,16.7,28.5,35.7,70.0,28.8,38.9,11.9,23.3,10.2,18.1,70.3,33.2,38.1,79.7,47.4,28.8,36.2,39.7,52.8,19.5,32.8,41.4,79.0,33.5,45.0,13.9,27.0,12.0,21.2,38.1,52.2,52.2,52.2,52.2,52.2,52.2,52.2,52.2,52.2,0.0,58.8,87.4,53.4,70.1,44.8,86.4,62.1,36.4,30.1,41.2,12.6,46.6,29.9,55.2,13.6,37.9,63.6,69.9,0.0,0.0,0.0,0.0,0.0,0.0,0.0,0.0,0.0,3000.0,30.00,30,40,40,76,116,884,1,52.5,51.1,54.6,45.0,49.0,42.8,48.9,42.6,49.3,43.8,43.4,39.9,39.9,39.9,49.0,41.5,44.0,44.6,59.0,1.176,1.250,1.100,35.225,14.433,35.217,76.750,7.359,74.311,4.194,5.757,3.954,4.860,3.421,5.678,4.300,2.977,2.608,41.363,18.041,67.499,74.353,2000.0,3000.0,5234.7,5234.7,5250.0,45.9,29.3,42.6,45.9,53.7,Ne,Ne,Ne,10.015,5.993,4.7,30,52,41,26,1.172,5.040,3.408,3.328,12.288,1.101,1.243,3.408,3.280,3.328,1.056,1.056,1.048,1.359,1.814,0.920,3.344,0.064,0.048,0.048,0.048,1.016,1.016,1112,940,2749,51.9,58.3,44,45,22510342,1.175,1.234,605541,32,14,7378726,41,16,6797217,182.6,1.9,42.5,1.350,1.365,1.815,1.800,0.990,5.110,2.250,Ne,Ne,Ne,40.5,1.350,1.365,1.815,1.800,0.990,5.110,1.375,Ne,Ne,Ne,63,78,99.0,100.0,Ne,Ne,30664,54290,18.8,0.1,18.9,7.402,0.174,82190,222292,50.0,58.0,53.0,0.734,1127,1841.0,2238.0,87.0,65.1,9.0,2.1,2.1,20.0,11029,924,32.0,340817,0.0,43.1,0.725,18.000,16.000,49.000,600.0,3000.0,1200.0,100.0,0.0,0.0,0.0,0.0,0.0,0.0,0.0,0.0,0,0,16.0,246,Ne,Ne,Ne,125.4,125.5,7.97,5.69,1.07,7.85,0.12,0,0,0.0,0.0,0,0,0.0,0.0,0,0,0.0,0.0,157610,4543,0.1,0.1,0,0.0,
20.5.2026,12:43:41.868,33659,9500,77.9,19376,12519,60.7,0.6,1.171,1.180,1.170,1.170,1.170,1.170,1.170,1.170,1.170,5225.0,5225.0,5225.0,5225.0,5225.0,5225.0,5225.0,5225.0,5225.0,100.0,1443.2,3967.6,1872.6,1040.3,1073.1,1851.5,1518.2,633.2,956.0,3602.7,1650.7,1440.0,1363.7,432.9,768.0,312.6,607.7,1443.2,24.6,53.7,33.6,18.5,18.4,32.9,26.7,11.0,16.4,67.9,29.8,25.6,23.8,7.5,12.9,5.3,10.1,67.9,24.6,28.1,60.8,38.2,21.1,21.3,37.8,30.7,12.6,18.9,76.2,34.0,29.3,27.5,8.5,14.9,6.0,11.6,28.1,52.2,52.2,52.2,52.2,52.2,52.2,52.2,52.2,52.2,0.0,46.1,75.8,37.0,54.7,28.3,86.6,47.4,22.1,17.2,53.9,24.2,63.0,45.3,71.7,13.4,52.6,77.9,82.8,0.0,0.0,0.0,0.0,0.0,0.0,0.0,0.0,0.0,3000.0,30.00,30,40,40,76,116,884,1,52.5,50.1,50.2,42.3,46.0,39.7,46.0,39.5,47.8,40.8,41.0,37.4,38.8,38.8,49.2,41.3,44.0,44.9,59.0,1.172,1.250,1.100,27.333,14.008,27.344,70.750,7.319,64.165,3.275,4.704,2.803,3.901,2.387,5.314,3.344,2.038,1.711,32.018,17.510,57.579,64.148,2000.0,3000.0,5237.3,5237.3,5250.0,39.6,22.8,39.3,39.6,52.7,Ne,Ne,Ne,5.977,2.760,3.7,30,52,41,26,1.172,5.040,3.408,3.328,12.288,1.101,1.243,3.408,3.280,3.328,1.056,1.056,1.048,1.359,1.814,0.920,3.328,0.064,0.048,0.048,0.048,1.016,1.016,1139,930,2727,51.9,58.3,44,45,22510424,1.167,1.238,605544,11,13,7378748,13,16,6797243,182.6,1.9,42.5,1.350,1.365,1.800,1.800,0.990,5.110,0.625,Ne,Ne,Ne,40.5,1.350,1.365,1.815,1.800,0.990,5.110,0.375,Ne,Ne,Ne,63,78,99.0,100.0,Ne,Ne,30664,54290,3.2,0.1,3.3,10.886,0.492,82211,222292,50.0,58.0,53.0,0.724,1124,1697.0,2238.0,86.0,67.9,9.0,2.1,2.1,20.0,11029,924,32.0,340817,0.0,43.1,0.725,25.000,16.000,56.000,600.0,3000.0,1200.0,100.0,0.0,0.0,0.0,0.0,0.0,0.0,0.0,0.0,0,0,16.0,246,Ne,Ne,Ne,125.5,124.3,7.97,5.83,2.79,7.86,0.11,0,0,0.0,0.0,0,0,0.0,0.0,0,0,0.0,0.0,157610,4543,0.8,0.3,0,0.0,
20.5.2026,12:43:43.869,33575,9584,77.7,19324,12571,60.5,0.6,1.170,1.170,1.170,1.170,1.170,1.170,1.170,1.170,1.170,5225.0,5225.0,5225.0,5225.0,5225.0,5225.0,5225.0,5225.0,5225.0,100.0,1303.3,4752.8,1277.0,940.8,861.2,1720.9,1289.0,609.2,767.9,2385.6,1747.8,1365.3,1311.4,351.7,686.9,267.5,518.2,1303.3,22.3,79.6,22.0,16.3,14.0,30.3,21.9,10.3,12.5,43.7,30.7,24.1,22.7,5.6,11.1,4.0,8.0,79.6,22.3,25.8,89.2,25.5,19.1,16.8,35.2,25.8,12.2,14.9,49.9,35.6,27.9,26.5,6.8,13.2,5.1,9.7,25.8,52.2,52.2,52.2,52.2,52.2,52.2,52.2,52.2,52.2,0.0,43.1,90.7,31.8,49.6,25.0,67.8,45.9,19.3,14.6,56.9,9.3,68.2,50.4,75.0,32.2,54.1,80.7,85.4,0.0,0.0,0.0,0.0,0.0,0.0,0.0,0.0,0.0,3000.0,30.00,30,40,40,76,116,884,1,52.0,49.5,46.6,41.2,47.0,38.4,44.6,38.2,45.0,39.8,39.8,36.5,38.2,38.2,49.0,41.2,43.7,44.8,59.0,1.172,1.250,1.100,25.614,13.898,25.635,73.500,7.293,61.843,3.045,5.294,2.481,3.516,2.089,4.403,3.176,1.849,1.553,29.976,17.372,55.370,61.885,2000.0,3000.0,5238.5,5238.5,5250.0,38.2,21.4,40.8,38.2,52.1,Ne,Ne,Ne,5.095,2.085,3.4,30,51,41,26,1.163,5.040,3.408,3.328,12.288,1.101,1.243,3.408,3.280,3.328,1.056,1.056,1.048,1.359,1.814,0.920,3.344,0.064,0.048,0.048,0.048,1.016,1.016,1125,934,2727,51.9,58.3,44,45,22510506,1.175,1.238,605546,33,14,7378814,10,16,6797309,182.6,1.9,42.5,1.350,1.365,1.815,1.800,0.990,5.110,0.750,Ne,Ne,Ne,40.5,1.350,1.365,1.815,1.815,0.990,5.110,0.750,Ne,Ne,Ne,63,78,99.0,100.0,Ne,Ne,30664,54290,0.5,0.7,1.2,4.117,0.093,82218,222293,49.0,58.0,52.0,0.725,1123,1715.0,2238.0,86.0,70.7,9.0,2.2,2.2,20.0,11029,924,32.0,340817,0.0,43.0,0.725,15.000,17.000,47.000,600.0,3000.0,1200.0,100.0,0.0,0.0,0.0,0.0,0.0,0.0,0.0,0.0,0,0,16.0,246,Ne,Ne,Ne,125.4,124.4,7.97,5.93,2.06,7.87,0.11,0,0,0.0,0.0,0,0,0.0,0.0,0,0,0.0,0.0,157610,4543,0.4,0.1,0,0.0,
20.5.2026,12:43:45.869,33510,9649,77.6,19302,12593,60.5,0.6,1.175,1.175,1.175,1.175,1.175,1.175,1.175,1.175,1.175,5153.6,5225.0,4653.5,5225.0,5225.0,5225.0,5225.0,5225.0,5225.0,100.0,1245.8,4768.8,1143.2,832.8,809.2,1798.3,1149.8,536.1,746.0,1607.5,2393.7,1355.7,1195.4,328.1,593.9,221.3,452.7,1245.8,21.7,80.9,19.8,14.7,13.5,32.3,19.9,9.4,12.7,28.7,43.8,24.5,21.1,5.7,9.9,3.7,7.3,80.9,21.7,24.7,90.4,22.6,16.8,15.7,36.9,23.0,10.7,14.5,32.9,49.7,27.8,24.2,6.3,11.3,4.1,8.4,24.7,51.5,52.2,46.5,52.2,52.2,52.2,52.2,52.2,52.2,0.0,41.6,91.0,29.2,48.9,23.3,66.0,44.3,17.2,12.8,58.4,9.0,70.8,51.1,76.7,34.0,55.7,82.8,87.2,0.0,0.0,0.0,0.0,0.0,0.0,0.0,0.0,0.0,3000.0,30.00,30,40,40,76,116,884,1,51.2,49.1,48.9,40.6,46.2,37.9,44.0,37.9,44.2,39.4,39.2,36.1,37.9,37.9,49.0,41.0,43.1,44.5,59.0,1.171,1.250,1.100,24.741,13.868,24.741,64.750,7.275,60.735,2.916,5.096,2.320,3.410,2.035,4.269,3.054,1.694,1.446,28.947,17.335,54.284,60.728,2000.0,3000.0,5238.9,5238.9,5250.0,37.5,20.6,36.0,37.5,51.7,Ne,Ne,Ne,4.342,1.761,3.3,30,51,40,26,1.163,5.040,3.408,3.328,12.288,1.101,1.243,3.392,3.280,3.328,1.072,1.056,1.048,1.359,1.814,0.920,3.344,0.064,0.056,0.048,0.048,1.016,1.016,1111,903,2721,51.9,58.3,43,45,22510586,1.167,1.238,605548,41,13,7378896,57,17,6797390,182.6,1.9,42.5,1.350,1.365,1.815,1.815,1.005,5.110,0.375,Ne,Ne,Ne,40.2,1.350,1.365,1.815,1.815,1.005,5.110,0.375,Ne,Ne,Ne,63,78,99.0,100.0,Ne,Ne,30664,54290,1.1,1.3,2.4,7.984,0.114,82234,222293,49.0,58.0,52.0,0.729,1122,1766.0,2238.0,85.0,71.5,9.0,2.2,2.2,20.0,11007,863,32.0,340817,0.0,43.0,0.725,31.000,17.000,63.000,600.0,3000.0,1200.0,100.0,0.0,0.0,0.0,0.0,0.0,0.0,0.0,0.0,0,0,16.0,246,Ne,Ne,Ne,124.5,124.6,8.03,6.02,1.88,7.92,0.11,0,0,0.0,0.0,0,0,0.0,0.0,0,0,0.0,0.0,157610,4543,0.1,0.1,0,0.0,
20.5.2026,12:43:47.868,33512,9646,77.6,19295,12600,60.4,0.6,1.171,1.175,1.175,1.175,1.175,1.175,1.165,1.165,1.165,5225.0,5225.0,5225.0,5225.0,5225.0,5225.0,5225.0,5225.0,5225.0,100.0,1156.7,4610.3,1257.8,659.2,747.0,1565.8,1137.5,398.6,642.5,1268.2,2740.7,1192.9,923.4,242.3,509.1,202.7,409.0,1156.7,19.6,74.7,21.8,11.2,12.0,27.7,19.4,6.5,10.2,22.0,50.2,20.9,15.3,3.7,8.0,3.1,6.3,74.7,19.6,22.6,83.8,25.2,13.1,14.4,32.0,22.8,7.8,12.2,25.7,56.9,24.2,18.1,4.6,9.5,3.8,7.5,22.6,52.2,52.2,52.2,52.2,52.2,52.2,52.2,52.2,52.2,0.0,38.3,88.0,25.4,44.9,19.2,66.8,36.8,14.1,11.5,61.7,12.0,74.6,55.1,80.8,33.2,63.2,85.9,88.5,0.0,0.0,0.0,0.0,0.0,0.0,0.0,0.0,0.0,3000.0,30.00,30,40,40,76,116,884,1,51.1,49.4,46.6,39.9,46.0,37.1,43.3,36.9,43.8,38.2,38.7,35.6,37.6,37.6,48.8,41.2,43.0,44.1,59.0,1.171,1.250,1.100,23.247,13.708,23.242,53.250,7.289,58.680,2.704,5.120,2.052,3.113,1.747,4.119,2.595,1.525,1.362,27.197,17.135,52.350,58.682,2000.0,3000.0,5239.3,5239.3,5250.0,36.2,19.4,29.6,36.2,52.0,Ne,Ne,Ne,2.467,1.041,3.1,30,51,40,26,1.163,5.040,3.408,3.328,12.288,1.101,1.243,3.408,3.280,3.328,1.056,1.056,1.048,1.368,1.814,0.920,3.344,0.064,0.048,0.048,0.048,1.016,1.016,1106,921,2727,51.9,58.3,43,44,22510666,1.179,1.238,605551,11,13,7378918,14,16,6797416,182.6,1.9,42.5,1.350,1.365,1.815,1.815,1.005,5.040,0.375,Ne,Ne,Ne,40.2,1.350,1.365,1.815,1.815,1.005,5.110,0.625,Ne,Ne,Ne,63,78,99.0,100.0,Ne,Ne,30664,54290,0.0,0.5,0.5,0.000,0.520,82234,222294,49.0,56.0,51.0,0.719,1122,1662.0,2238.0,84.0,70.5,8.0,2.1,2.1,20.0,11007,863,32.0,340817,0.0,42.9,0.725,39.000,17.000,70.000,600.0,3000.0,1200.0,100.0,0.0,0.0,0.0,0.0,0.0,0.0,0.0,0.0,0,0,16.0,246,Ne,Ne,Ne,125.6,125.4,7.96,5.91,1.94,7.86,0.10,0,0,0.0,0.0,0,0,0.0,0.0,0,0,0.0,0.0,157610,4543,0.3,0.3,0,0.0,
20.5.2026,12:43:49.868,33516,9643,77.6,19326,12569,60.5,0.6,1.180,1.170,1.185,1.185,1.180,1.180,1.180,1.180,1.180,5225.0,5225.0,5225.0,5225.0,5225.0,5225.0,5225.0,5225.0,5225.0,100.0,1202.4,4221.6,1516.2,440.2,1041.4,828.5,1909.0,306.2,755.7,2987.0,1420.5,748.9,1556.2,225.7,591.7,188.6,501.4,1202.4,20.3,63.0,26.8,7.1,17.6,13.5,34.0,4.9,12.3,55.8,25.7,12.9,27.5,3.5,9.5,2.9,8.0,63.0,20.3,23.4,70.9,30.7,8.6,20.5,16.2,39.0,5.8,14.5,62.9,29.7,15.2,31.6,4.2,11.2,3.5,9.4,23.4,52.2,52.2,52.2,52.2,52.2,52.2,52.2,52.2,52.2,0.0,39.4,80.6,26.5,45.3,19.4,74.9,40.5,15.3,13.0,60.6,19.4,73.5,54.7,80.6,25.1,59.5,84.7,87.0,0.0,0.0,0.0,0.0,0.0,0.0,0.0,0.0,0.0,3000.0,30.00,30,40,40,76,116,884,1,51.4,49.3,52.9,40.1,44.9,37.2,43.3,37.0,44.9,38.6,38.8,35.7,37.5,37.5,49.2,41.3,43.0,44.0,59.0,1.171,1.250,1.100,23.728,13.686,23.701,66.000,7.308,59.225,2.771,4.675,2.101,3.154,1.773,4.645,2.779,1.591,1.449,27.757,17.108,52.903,59.232,2000.0,3000.0,5238.6,5238.6,5250.0,36.6,19.8,36.7,36.6,51.9,Ne,Ne,Ne,2.790,1.282,3.2,30,51,40,26,1.172,5.040,3.408,3.328,12.288,1.101,1.243,3.392,3.280,3.328,1.056,1.056,1.048,1.359,1.814,0.920,3.344,0.064,0.048,0.048,0.048,1.016,1.016,1112,879,2749,51.9,58.3,43,44,22510744,1.175,1.238,605553,24,13,7378966,18,16,6797466,182.6,1.9,42.5,1.365,1.365,1.815,1.815,1.005,5.110,0.750,Ne,Ne,Ne,40.2,1.365,1.365,1.815,1.815,1.005,5.110,1.000,Ne,Ne,Ne,62,78,99.0,100.0,Ne,Ne,30664,54290,0.3,0.6,0.9,0.008,0.116,82234,222294,48.0,56.0,51.0,0.725,1122,1722.0,2238.0,86.0,69.5,8.0,2.1,2.1,20.0,11007,863,32.0,340817,0.0,42.8,0.725,14.000,16.000,45.000,600.0,3000.0,1200.0,100.0,0.0,0.0,0.0,0.0,0.0,0.0,0.0,0.0,0,0,16.0,246,Ne,Ne,Ne,123.2,125.7,8.12,5.86,4.05,8.01,0.10,0,0,0.0,0.0,0,0,0.0,0.0,0,0,0.0,0.0,157610,4543,1.0,2.0,0,0.0,
20.5.2026,12:43:51.871,33536,9622,77.7,19324,12571,60.5,0.6,1.175,1.175,1.175,1.175,1.175,1.175,1.175,1.175,1.175,5153.6,5225.0,5225.0,5225.0,4653.5,5225.0,5225.0,5225.0,5225.0,100.0,1720.6,4549.5,2131.1,1112.9,1619.0,1742.9,2252.0,827.4,1402.9,2614.7,2745.3,1480.7,1960.3,642.1,1096.4,473.3,879.5,1720.6,29.6,70.2,38.4,18.8,28.2,30.0,40.2,14.0,24.3,48.0,50.3,25.6,34.3,10.7,18.6,7.6,14.6,70.2,29.6,34.1,79.2,43.8,22.1,32.6,35.0,46.2,16.4,28.2,54.6,57.2,29.8,39.7,12.6,21.6,9.1,17.1,34.1,51.5,52.2,52.2,52.2,46.5,52.2,52.2,52.2,52.2,0.0,53.6,86.9,45.7,62.9,38.6,83.8,55.4,31.0,24.5,46.4,13.1,54.3,37.1,61.4,16.2,44.6,69.0,75.5,0.0,0.0,0.0,0.0,0.0,0.0,0.0,0.0,0.0,3000.0,30.00,30,40,40,76,116,884,1,51.6,50.1,51.1,43.5,48.0,41.1,47.1,41.1,47.9,42.3,42.2,38.6,39.2,39.2,48.8,41.4,43.9,44.1,59.0,1.174,1.250,1.100,31.898,14.208,31.930,78.000,7.331,69.974,3.781,5.583,3.365,4.290,3.011,5.266,3.861,2.643,2.226,37.413,17.760,63.238,69.974,2000.0,3000.0,5235.6,5235.6,5250.0,43.2,26.6,43.3,43.2,52.8,Ne,Ne,Ne,7.361,4.544,4.3,31,52,40,26,1.172,5.040,3.408,3.328,12.288,1.101,1.243,3.392,3.280,3.328,1.056,1.056,1.048,1.359,1.814,0.920,3.344,0.064,0.056,0.048,0.048,1.016,1.016,1100,927,2721,51.9,58.3,43,44,22510824,1.164,1.238,605555,52,14,7379070,17,16,6797567,182.6,1.9,42.5,1.365,1.365,1.815,1.815,1.005,5.110,0.625,Ne,Ne,Ne,40.2,1.365,1.365,1.815,1.815,1.005,5.110,0.375,Ne,Ne,Ne,62,78,99.0,100.0,Ne,Ne,30664,54290,0.9,0.4,1.3,8.834,0.622,82251,222295,48.0,56.0,50.0,0.716,859,1645.0,2238.0,81.0,64.4,7.0,2.1,2.1,0.0,11029,924,32.0,340839,0.0,43.1,0.725,42.000,17.000,75.000,600.0,3000.0,1200.0,100.0,0.0,0.0,0.0,0.0,0.0,0.0,0.0,0.0,0,0,16.0,246,Ne,Ne,Ne,124.8,124.8,8.01,5.45,3.66,7.90,0.11,0,0,0.0,0.0,0,0,0.0,0.0,0,0,0.0,0.0,157610,4543,0.6,0.6,0,0.0,
20.5.2026,12:43:53.868,33533,9626,77.6,19320,12574,60.5,0.6,1.171,1.170,1.170,1.170,1.170,1.170,1.170,1.170,1.175,5225.0,5225.0,5225.0,5225.0,5225.0,5225.0,5225.0,5225.0,5225.0,100.0,1335.4,4042.7,1654.0,729.2,1090.8,1137.2,1880.1,499.3,909.8,1737.9,3293.9,1053.8,1519.8,410.6,640.0,325.3,442.2,1335.4,22.7,57.4,29.4,12.5,18.8,19.4,33.6,8.3,15.5,31.4,62.0,18.2,27.0,6.5,10.7,5.0,7.1,62.0,22.7,26.0,64.8,33.7,14.6,21.8,22.7,38.5,9.8,18.0,35.9,69.6,21.2,31.0,7.8,12.5,6.1,8.4,26.0,52.2,52.2,52.2,52.2,52.2,52.2,52.2,52.2,52.2,0.0,43.5,77.2,32.4,50.1,25.4,85.0,44.5,19.3,14.2,56.5,22.8,67.6,49.9,74.6,15.0,55.5,80.7,85.8,0.0,0.0,0.0,0.0,0.0,0.0,0.0,0.0,0.0,3000.0,30.00,30,40,40,76,116,884,1,52.5,50.0,51.1,41.2,45.6,38.5,44.6,38.4,46.8,39.6,39.8,36.4,38.1,38.1,49.0,41.3,43.2,44.1,59.0,1.172,1.250,1.100,25.999,13.878,25.997,63.000,7.313,62.303,3.080,4.760,2.503,3.543,2.151,5.287,3.054,1.813,1.531,30.431,17.347,55.823,62.308,2000.0,3000.0,5238.4,5238.4,5250.0,38.5,21.7,35.0,38.5,52.6,Ne,Ne,Ne,5.026,1.978,3.5,30,52,40,26,1.181,5.040,3.408,3.328,12.288,1.101,1.243,3.408,3.280,3.328,1.056,1.056,1.048,1.359,1.814,0.920,3.344,0.064,0.048,0.048,0.048,1.016,1.016,1103,931,2749,51.9,58.3,44,44,22510904,1.167,1.238,605558,37,14,7379144,73,16,6797641,182.6,1.9,42.5,1.365,1.365,1.800,1.815,1.005,5.110,0.625,Ne,Ne,Ne,40.2,1.365,1.365,1.800,1.815,1.005,5.110,1.125,Ne,Ne,Ne,62,78,99.0,100.0,Ne,Ne,30664,54290,1.1,2.4,3.5,8.091,0.096,82266,222295,47.0,55.0,50.0,0.718,395,1653.0,2176.0,82.0,63.7,8.0,2.1,2.1,0.0,11029,924,32.0,340839,0.0,43.1,0.725,15.000,16.000,46.000,600.0,3000.0,1200.0,100.0,0.0,0.0,0.0,0.0,0.0,0.0,0.0,0.0,0,0,16.0,246,Ne,Ne,Ne,125.6,125.2,7.96,5.41,2.59,7.86,0.11,0,0,0.0,0.0,0,0,0.0,0.0,0,0,0.0,0.0,157610,4543,1.2,0.6,0,0.0,
20.5.2026,12:43:55.870,33520,9638,77.6,19310,12584,60.5,0.6,1.175,1.175,1.175,1.175,1.175,1.175,1.175,1.175,1.175,5010.7,5225.0,5225.0,5225.0,4653.5,5225.0,5225.0,4653.5,4653.5,100.0,1261.6,4437.0,1594.2,685.3,1019.6,1209.7,1733.7,422.6,797.4,2549.9,1724.7,1059.4,1391.9,365.1,488.6,292.5,414.6,1261.6,21.3,65.7,28.6,11.6,17.5,20.8,31.0,6.8,13.5,47.1,31.0,18.5,24.7,5.7,7.1,4.5,6.7,65.7,21.3,24.5,73.8,32.6,13.6,20.3,24.3,35.5,8.1,15.7,53.3,35.6,21.4,28.4,6.8,9.3,5.4,7.9,24.5,50.1,52.2,52.2,52.2,46.5,52.2,52.2,46.5,46.5,0.0,41.2,84.7,30.4,49.1,22.3,71.7,42.5,15.8,13.3,58.8,15.3,69.6,50.9,77.7,28.3,57.5,84.2,86.7,0.0,0.0,0.0,0.0,0.0,0.0,0.0,0.0,0.0,3000.0,30.00,30,40,40,76,116,884,1,51.8,49.3,51.5,40.6,45.8,38.1,44.1,37.9,44.7,39.3,39.1,36.2,37.8,37.8,49.5,41.4,43.0,44.1,59.0,1.172,1.250,1.100,24.557,13.836,24.562,58.500,7.308,60.536,2.908,4.941,2.352,3.481,1.969,4.431,2.993,1.637,1.462,28.742,17.295,54.076,60.537,2000.0,3000.0,5239.0,5239.0,5250.0,37.4,20.5,32.5,37.4,51.9,Ne,Ne,Ne,4.613,1.748,3.3,30,51,40,26,1.163,5.040,3.408,3.328,12.288,1.101,1.243,3.408,3.280,3.328,1.056,1.056,1.048,1.359,1.814,0.920,3.344,0.064,0.048,0.048,0.048,1.016,1.016,1113,967,2721,51.9,58.3,43,44,22510986,1.175,1.238,605560,40,14,7379166,18,16,6797666,182.6,1.9,42.5,1.365,1.365,1.800,1.800,1.005,5.110,0.375,Ne,Ne,Ne,40.2,1.365,1.365,1.800,1.800,1.005,5.110,0.625,Ne,Ne,Ne,62,78,99.0,100.0,Ne,Ne,30664,54290,0.7,0.1,0.7,4.184,0.139,82274,222296,48.0,55.0,50.0,0.717,0,1638.0,2028.0,79.0,61.3,7.0,2.2,2.2,0.0,11029,924,32.0,340839,0.0,43.1,0.725,47.000,18.000,81.000,600.0,3000.0,1200.0,100.0,0.0,0.0,0.0,0.0,0.0,0.0,0.0,0.0,0,0,16.0,246,Ne,Ne,Ne,124.5,124.9,8.03,5.16,2.87,7.93,0.10,0,0,0.0,0.0,0,0,0.0,0.0,0,0,0.0,0.0,157610,4543,0.8,0.1,0,0.0,
20.5.2026,12:43:57.870,33186,9973,76.8,19021,12874,59.6,0.6,1.165,1.165,1.165,1.165,1.165,1.165,1.165,1.165,1.165,4939.3,5225.0,4653.5,5225.0,4653.5,5225.0,5225.0,4653.5,4653.5,100.0,1262.3,4405.7,1235.2,987.8,703.0,1768.7,1061.8,591.9,597.3,3668.4,1297.4,1347.4,994.4,434.5,462.8,340.4,300.9,1262.3,21.5,70.1,21.5,16.8,11.4,31.1,18.0,9.4,9.6,69.2,22.8,23.5,16.8,6.7,8.1,5.0,4.5,70.1,21.5,25.0,78.8,25.0,19.9,13.9,36.1,21.4,11.5,11.7,77.8,26.6,27.4,20.0,8.3,9.1,6.4,5.8,25.0,49.4,52.2,46.5,52.2,46.5,52.2,52.2,46.5,46.5,0.0,42.5,84.1,30.3,48.3,21.5,86.4,41.0,16.5,11.9,51.3,15.9,60.3,51.7,67.4,13.6,59.0,69.2,73.5,6.2,0.0,9.3,0.0,11.1,0.0,0.0,14.3,14.6,3000.0,30.00,30,40,40,76,116,884,1,51.8,49.6,46.2,40.7,45.4,37.9,44.0,37.6,46.6,39.0,39.3,36.0,37.8,37.8,49.0,41.3,43.0,44.1,59.0,1.171,1.250,1.100,24.640,13.831,24.648,74.000,7.273,60.587,2.927,4.817,2.271,3.349,1.829,5.338,2.844,1.613,1.358,28.840,17.289,54.130,60.616,2000.0,3000.0,5239.1,5239.1,5250.0,37.4,20.5,41.1,37.4,52.2,Ne,Ne,Ne,4.374,2.519,3.4,30,52,40,26,1.172,5.040,3.408,3.328,12.288,1.101,1.243,3.408,3.280,3.328,1.072,1.056,1.048,1.359,1.814,0.920,3.344,0.064,0.056,0.048,0.048,1.016,1.016,1120,942,2727,51.9,58.3,43,44,22511066,1.171,1.238,605562,16,15,7379246,66,18,6797746,182.6,1.9,42.5,1.365,1.365,1.800,1.800,1.005,5.110,1.125,Ne,Ne,Ne,40.2,1.365,1.365,1.800,1.800,1.005,5.110,0.625,Ne,Ne,Ne,61,78,99.0,100.0,Ne,Ne,30664,54290,15.2,0.1,15.3,31.155,0.599,82334,222297,47.0,52.0,48.0,0.725,0,1645.0,1538.0,50.0,33.9,2.0,1.0,1.0,0.0,10790,1101,32.0,341280,0.0,43.0,0.725,53.000,19.000,87.000,600.0,3000.0,1200.0,100.0,0.0,0.0,0.0,0.0,0.0,0.0,0.0,0.0,0,0,16.0,246,Ne,Ne,Ne,487.9,482.4,2.05,0.37,1.68,1.94,0.11,0,0,0.0,0.0,0,0,0.0,0.0,0,0,0.0,0.0,157610,4543,0.7,3.8,0,0.0,
20.5.2026,12:43:59.868,32746,10413,75.8,19123,12772,59.9,0.6,1.169,1.160,1.170,1.170,1.170,1.170,1.170,1.170,1.170,5225.0,5225.0,5225.0,5225.0,5225.0,5225.0,5225.0,5225.0,5225.0,100.0,1712.7,4655.5,2283.4,1588.8,1133.7,1959.8,1901.9,1102.4,995.1,2516.6,2904.0,1783.5,1567.1,825.1,866.6,685.2,634.7,1712.7,29.1,69.0,41.7,27.2,19.1,33.5,33.6,18.2,16.8,45.9,53.5,30.7,26.8,13.2,14.8,10.8,10.6,69.0,29.1,33.6,78.0,47.4,31.7,22.5,39.3,38.7,21.6,19.7,52.3,60.7,35.8,31.3,15.8,17.3,13.0,12.4,33.6,52.2,52.2,52.2,52.2,52.2,52.2,52.2,52.2,52.2,0.0,53.9,88.9,46.4,63.6,36.3,86.9,55.4,30.2,23.3,45.8,11.1,53.6,36.4,63.7,13.1,44.6,68.9,75.4,0.3,0.0,0.0,0.0,0.0,0.0,0.0,0.9,1.3,3000.0,30.00,30,40,40,76,116,884,1,54.2,52.3,54.6,44.8,50.2,42.1,48.8,41.7,50.2,43.4,42.8,39.1,39.6,39.6,49.2,41.6,43.9,44.1,59.0,1.175,1.250,1.100,34.686,14.087,34.641,79.250,7.313,72.894,4.155,6.280,3.713,4.766,3.077,6.100,4.246,2.757,2.305,40.728,17.609,66.381,72.847,2000.0,3000.0,5235.1,5235.1,5250.0,45.0,28.9,44.0,45.0,55.0,Ne,Ne,Ne,5.428,3.141,4.3,30,54,43,26,1.172,5.040,3.408,3.344,12.288,1.101,1.243,3.408,3.280,3.328,1.056,1.056,1.048,1.359,1.814,0.920,3.344,0.064,0.048,0.048,0.048,1.016,1.016,1145,940,2721,51.9,58.3,43,44,22511150,1.183,1.238,605565,18,13,7379278,25,16,6797781,182.6,1.9,42.5,1.365,1.365,1.800,1.800,1.005,5.110,0.750,Ne,Ne,Ne,40.2,1.365,1.365,1.800,1.800,1.005,5.110,1.000,Ne,Ne,Ne,61,78,99.0,100.0,Ne,Ne,30664,54291,100.0,0.0,100.0,203.875,0.150,82725,222297,47.0,52.0,48.0,0.712,0,1600.0,1538.0,22.0,4.7,1.0,0.0,0.0,0.0,10543,1101,32.0,341288,0.0,43.2,0.725,49.000,18.000,94.000,600.0,3000.0,1200.0,100.0,0.0,0.0,0.0,0.0,0.0,0.0,0.0,0.0,0,0,16.0,246,Ne,Ne,Ne,221.5,218.2,4.51,0.83,3.69,4.38,0.13,0,0,0.0,0.0,0,0,0.0,0.0,0,0,0.0,0.0,157610,4543,20.0,10.5,0,0.0,
20.5.2026,12:44:1.871,33303,9856,77.1,19246,12648,60.3,0.6,1.169,1.165,1.165,1.165,1.165,1.165,1.175,1.175,1.175,5225.0,5225.0,5225.0,5225.0,5225.0,5225.0,5225.0,5225.0,5225.0,100.0,1545.7,4618.4,2132.0,1377.1,893.8,1868.5,1545.6,972.9,858.5,1511.3,3607.8,1528.9,1340.8,787.1,549.4,666.4,472.2,1545.7,26.1,69.8,38.6,23.3,14.8,31.6,26.7,15.9,14.5,25.9,67.8,25.9,22.5,12.3,9.2,10.3,7.9,69.8,26.1,30.3,78.9,44.0,27.5,17.7,37.3,31.1,19.0,17.1,30.4,76.3,30.5,26.7,14.9,10.9,12.5,9.4,30.3,52.2,52.2,52.2,52.2,52.2,52.2,52.2,52.2,52.2,0.0,49.0,88.2,38.6,56.4,31.5,85.0,48.1,23.7,20.2,48.4,11.8,59.2,43.6,63.4,15.0,51.9,69.6,72.6,2.6,0.0,2.2,0.0,5.1,0.0,0.0,6.7,7.2,3000.0,30.00,30,40,40,76,116,884,1,53.9,51.4,52.4,43.8,50.2,40.8,48.0,40.7,48.6,42.2,41.8,38.5,39.4,39.4,49.5,41.4,44.0,44.3,59.0,1.174,1.250,1.100,31.252,14.088,31.276,75.000,7.324,68.858,3.765,6.294,3.128,4.434,2.703,5.482,3.734,2.288,2.054,36.676,17.610,62.343,68.911,2000.0,3000.0,5236.0,5236.0,5250.0,42.5,26.1,41.7,42.5,54.1,Ne,Ne,Ne,5.648,3.457,3.9,30,54,42,26,1.163,5.040,3.408,3.328,12.288,1.101,1.243,3.408,3.280,3.328,1.056,1.056,1.048,1.359,1.814,0.920,3.344,0.064,0.048,0.048,0.048,1.016,1.016,1160,949,2721,51.9,58.3,44,45,22511236,1.171,1.238,605567,28,14,7379314,69,17,6797820,182.6,1.9,42.5,1.365,1.365,1.800,1.800,1.005,5.110,0.750,Ne,Ne,Ne,40.2,1.350,1.365,1.800,1.800,1.005,5.110,2.250,Ne,Ne,Ne,61,78,99.0,100.0,Ne,Ne,30664,54291,100.0,0.0,100.0,286.554,0.612,83277,222298,48.0,53.0,50.0,0.591,0,1467.0,2184.0,72.0,21.2,10.0,0.4,0.4,0.0,10890,1113,32.0,344690,0.0,43.2,0.725,58.000,19.000,93.000,600.0,3000.0,1200.0,100.0,0.0,0.0,0.0,0.0,0.0,0.0,0.0,0.0,0,0,16.0,246,Ne,Ne,Ne,222.7,180.9,4.49,0.72,4.20,4.37,0.12,0,0,0.0,0.0,0,0,0.0,0.0,0,0,0.0,0.0,157610,4543,27.8,10.4,0,0.0,
20.5.2026,12:44:3.871,33370,9788,77.3,19355,12540,60.6,0.6,1.169,1.165,1.180,1.180,1.165,1.165,1.165,1.165,1.165,5225.0,5225.0,5225.0,5225.0,5225.0,5225.0,5225.0,5225.0,5225.0,100.0,2444.8,4852.3,2645.3,2615.0,1861.4,2934.1,2792.5,2182.1,1591.2,3767.8,2654.7,2964.4,2315.0,2174.0,1069.4,2011.3,687.1,2444.8,43.9,83.2,48.1,47.3,33.0,53.4,51.6,38.4,28.1,70.5,48.3,54.2,41.2,38.3,19.2,35.4,12.2,83.2,43.9,50.3,93.9,54.8,54.3,38.0,61.5,59.1,44.4,32.4,80.0,55.6,62.0,47.5,44.1,21.9,40.8,13.9,50.3,52.2,52.2,52.2,52.2,52.2,52.2,52.2,52.2,52.2,0.0,69.8,92.8,67.1,77.5,59.6,86.4,74.3,54.3,46.4,30.2,7.2,32.9,22.5,40.4,13.6,25.7,45.7,53.6,0.0,0.0,0.0,0.0,0.0,0.0,0.0,0.0,0.0,3000.0,30.00,30,40,40,76,116,884,1,54.8,53.6,57.6,48.6,51.8,46.4,52.6,46.6,52.2,48.2,47.1,43.5,41.5,41.5,50.2,42.0,44.7,44.9,59.0,1.179,1.250,1.100,45.317,14.863,45.283,77.250,7.378,86.707,5.345,6.592,5.152,6.100,4.650,6.356,5.789,4.309,3.810,53.354,18.579,80.049,86.681,2000.0,3000.0,5230.4,5230.4,5250.0,53.5,37.7,42.9,53.5,56.4,Ne,Ne,Ne,12.589,4.073,5.6,30,55,43,26,1.172,5.040,3.408,3.328,12.192,1.101,1.234,3.408,3.280,3.328,1.056,1.056,1.048,1.350,1.814,0.920,3.344,0.064,0.048,0.048,0.048,1.016,1.016,1169,1000,2772,51.9,58.3,44,45,22511322,1.183,1.238,605569,56,15,7379370,91,16,6797877,182.6,1.9,42.5,1.350,1.365,1.800,1.800,1.005,5.110,1.375,Ne,Ne,Ne,40.2,1.350,1.365,1.800,1.800,1.005,5.110,1.000,Ne,Ne,Ne,61,78,99.0,100.0,Ne,Ne,30664,54291,100.0,0.2,100.0,138.842,0.309,83543,222299,51.0,56.0,64.0,1.075,473,3161.0,2238.0,100.0,97.0,20.0,2.6,2.6,20.0,10900,1113,32.0,344722,0.0,43.5,0.725,62.000,20.000,98.000,600.0,3000.0,1200.0,100.0,0.0,0.0,0.0,0.0,0.0,0.0,0.0,0.0,0,0,16.0,246,Ne,Ne,Ne,249.3,249.5,4.01,3.96,0.00,3.89,0.12,0,0,0.0,0.0,0,0,0.0,0.0,0,0,0.0,0.0,157610,4543,13.7,10.5,0,0.0,
20.5.2026,12:44:5.869,33272,9886,77.0,19359,12535,60.6,0.6,1.185,1.190,1.190,1.190,1.190,1.180,1.180,1.180,1.180,5225.0,5225.0,5225.0,5225.0,5225.0,5225.0,5225.0,5225.0,5225.0,100.0,2449.3,4770.0,2796.6,2323.1,2122.1,2755.9,3035.5,2149.3,1600.3,3578.6,3094.6,2658.6,2582.6,2057.4,995.0,1979.8,689.0,2449.3,43.5,78.7,51.3,40.6,37.4,50.2,55.8,37.5,27.7,66.7,56.8,48.4,45.8,35.6,17.0,34.3,11.6,78.7,43.5,50.2,89.3,58.7,47.3,43.5,58.3,64.0,43.8,32.5,75.9,65.2,56.1,53.2,41.7,20.2,40.0,14.0,50.2,52.2,52.2,52.2,52.2,52.2,52.2,52.2,52.2,52.2,0.0,69.7,91.2,67.0,77.5,60.0,89.6,73.9,51.9,46.7,30.3,8.8,33.0,22.5,40.0,10.4,26.1,48.1,53.3,0.0,0.0,0.0,0.0,0.0,0.0,0.0,0.0,0.0,3000.0,30.00,30,40,40,76,116,884,1,55.9,54.5,53.8,49.2,52.2,46.7,53.5,47.1,53.4,48.7,47.7,44.2,42.2,42.2,50.0,42.1,45.0,45.0,59.0,1.180,1.250,1.100,45.078,14.850,45.074,76.500,7.379,86.421,5.336,6.444,5.111,6.194,4.656,6.522,5.726,4.182,3.849,53.121,18.563,79.801,86.399,2000.0,3000.0,5230.5,5230.5,5250.0,53.3,37.6,42.5,53.3,57.4,Ne,Ne,Ne,12.133,3.549,5.6,30,55,45,26,1.181,5.040,3.408,3.328,12.192,1.101,1.243,3.408,3.280,3.328,1.056,1.056,1.048,1.350,1.814,0.920,3.344,0.064,0.048,0.048,0.048,1.016,1.016,1216,993,2749,51.9,58.3,45,45,22511410,1.171,1.238,605572,37,15,7379482,17,17,6797986,182.6,1.9,42.5,1.350,1.365,1.800,1.800,1.005,5.110,1.250,Ne,Ne,Ne,40.2,1.350,1.365,1.815,1.800,1.005,5.110,1.500,Ne,Ne,Ne,61,78,99.0,100.0,Ne,Ne,30664,54291,100.0,4.9,100.0,88.765,0.310,83713,222300,52.0,58.0,67.0,1.099,850,3215.0,2238.0,100.0,96.5,20.0,2.6,2.6,20.0,10900,1113,32.0,344722,0.0,43.6,0.725,36.000,17.000,68.000,600.0,3000.0,1200.0,100.0,0.0,0.0,0.0,0.0,0.0,0.0,0.0,0.0,0,0,16.0,246,Ne,Ne,Ne,248.9,249.6,4.02,3.94,0.01,3.89,0.12,0,0,0.0,0.0,0,0,0.0,0.0,0,0,0.0,0.0,157610,4543,106.6,12.7,0,0.0,
20.5.2026,12:44:7.869,33275,9884,77.0,19367,12528,60.7,0.6,1.186,1.185,1.190,1.185,1.185,1.185,1.185,1.185,1.185,5225.0,5225.0,5225.0,5225.0,5225.0,5225.0,5225.0,5225.0,5225.0,100.0,2401.4,4813.6,2597.5,2206.3,2151.8,2566.7,3133.1,1986.8,1667.3,2809.9,3712.0,2504.0,2597.6,1991.2,1088.3,1923.0,673.2,2401.4,42.6,81.1,47.3,38.8,38.1,45.2,58.1,34.7,29.1,51.1,69.4,44.3,46.4,34.6,19.1,33.4,11.5,81.1,42.6,49.0,91.7,54.0,44.9,44.0,52.5,66.4,40.2,33.8,58.8,78.8,51.2,53.5,40.1,22.1,38.7,13.5,49.0,52.2,52.2,52.2,52.2,52.2,52.2,52.2,52.2,52.2,0.0,69.2,92.0,66.3,76.4,59.1,88.1,73.1,52.9,45.7,30.8,8.0,33.7,23.6,40.9,11.9,26.9,47.1,54.3,0.0,0.0,0.0,0.0,0.0,0.0,0.0,0.0,0.0,3000.0,30.00,30,40,40,76,116,884,1,55.8,54.0,51.5,48.9,52.1,46.4,52.9,46.7,52.9,48.3,47.8,43.9,42.1,42.1,49.0,41.7,45.0,45.0,59.0,1.180,1.250,1.100,43.653,14.772,43.659,76.000,7.382,84.598,5.241,6.437,4.991,5.957,4.567,6.359,5.612,4.239,3.766,51.443,18.466,78.029,84.585,2000.0,3000.0,5231.1,5231.1,5250.0,52.2,36.4,42.2,52.2,56.8,Ne,Ne,Ne,11.402,2.986,5.5,30,55,44,26,1.163,5.040,3.408,3.328,12.288,1.101,1.243,3.408,3.280,3.328,1.056,1.056,1.048,1.359,1.814,0.920,3.344,0.064,0.048,0.048,0.048,1.016,1.016,1216,990,2743,51.9,58.3,45,45,22511498,1.175,1.238,605574,23,14,7379556,23,18,6798060,182.6,1.9,42.5,1.350,1.365,1.815,1.800,1.005,5.110,1.375,Ne,Ne,Ne,40.5,1.350,1.365,1.815,1.815,1.005,5.110,2.375,Ne,Ne,Ne,62,78,99.0,100.0,Ne,Ne,30664,54291,100.0,0.1,100.0,35.470,0.462,83781,222300,53.0,58.0,67.0,1.100,1032,3217.0,2238.0,100.0,94.5,19.0,2.7,2.7,21.0,10900,1113,32.0,344722,0.0,43.5,0.725,29.000,17.000,61.000,600.0,3000.0,1200.0,100.0,0.0,0.0,0.0,0.0,0.0,0.0,0.0,0.0,0,0,16.0,246,Ne,Ne,Ne,236.2,235.6,4.23,4.06,0.12,4.11,0.13,0,0,0.0,0.0,0,0,0.0,0.0,0,0,0.0,0.0,157610,4543,10.4,10.2,0,0.0,
20.5.2026,12:44:9.867,33310,9849,77.1,19411,12483,60.8,0.6,1.174,1.185,1.175,1.175,1.175,1.175,1.170,1.170,1.170,5225.0,5225.0,5225.0,5225.0,5225.0,5225.0,5225.0,5225.0,5225.0,100.0,2494.6,4826.6,2788.7,2603.4,2041.7,2908.9,2992.0,2174.8,1661.7,2927.8,3711.4,2839.0,2543.7,1966.6,1228.0,1713.4,986.2,2494.6,44.4,79.6,50.9,46.2,35.9,52.8,55.3,38.5,28.8,53.2,69.5,51.9,45.0,34.4,21.3,29.5,16.9,79.6,44.4,51.1,90.1,58.1,53.4,41.7,61.0,63.5,44.5,33.7,61.3,78.8,59.6,52.2,39.9,24.9,34.5,19.8,51.1,52.2,52.2,52.2,52.2,52.2,52.2,52.2,52.2,52.2,0.0,71.0,92.3,70.3,78.7,61.4,88.8,75.7,54.3,46.7,29.0,7.7,29.7,21.3,38.6,11.2,24.3,45.7,53.3,0.0,0.0,0.0,0.0,0.0,0.0,0.0,0.0,0.0,3000.0,30.00,30,40,40,76,116,884,1,56.1,54.5,56.4,49.4,52.6,47.2,53.6,47.4,53.2,49.0,48.0,44.2,42.3,42.3,49.5,41.9,45.0,45.0,59.0,1.179,1.250,1.100,45.287,14.909,45.279,79.750,7.416,86.725,5.397,6.578,5.317,6.161,4.754,6.413,5.835,4.285,3.837,53.346,18.637,80.141,86.734,2000.0,3000.0,5230.9,5230.9,5250.0,53.5,37.7,44.3,53.5,57.3,Ne,Ne,Ne,12.197,3.521,5.7,30,56,45,26,1.181,5.040,3.408,3.328,12.192,1.101,1.243,3.408,3.280,3.328,1.056,1.056,1.048,1.359,1.814,0.920,3.344,0.064,0.048,0.048,0.048,1.016,1.016,1214,1009,2749,51.9,58.3,45,45,22511586,1.183,1.238,605576,39,16,7379602,33,17,6798108,182.6,1.9,42.8,1.350,1.365,1.815,1.815,1.005,5.110,1.625,Ne,Ne,Ne,40.5,1.350,1.365,1.815,1.815,1.005,5.110,1.625,Ne,Ne,Ne,62,78,99.0,100.0,Ne,Ne,30664,54291,100.0,3.5,100.0,99.570,0.315,83971,222301,53.0,58.0,68.0,1.101,1126,3217.0,2238.0,100.0,95.7,20.0,2.7,2.7,22.0,10900,1113,32.0,344722,0.0,43.5,0.725,61.000,18.000,95.000,600.0,3000.0,1200.0,100.0,0.0,0.0,0.0,0.0,0.0,0.0,0.0,0.0,0,0,16.0,246,Ne,Ne,Ne,249.3,249.9,4.01,3.95,0.00,3.88,0.14,0,0,0.0,0.0,0,0,0.0,0.0,0,0,0.0,0.0,157610,4543,13.9,19.2,0,0.0,
20.5.2026,12:44:11.872,33285,9874,77.1,19402,12493,60.8,0.6,1.182,1.185,1.190,1.190,1.190,1.190,1.170,1.170,1.170,5225.0,5225.0,5225.0,5225.0,5225.0,5225.0,5225.0,5225.0,5225.0,100.0,2394.4,4793.5,2648.9,2263.7,2077.3,3023.1,2710.4,1764.8,1811.5,4022.0,2591.0,2685.9,2373.7,1386.4,1611.2,1204.5,1342.3,2394.4,42.7,80.3,48.3,40.4,36.4,55.9,48.7,31.5,31.6,75.5,46.5,49.5,41.5,24.3,28.1,20.9,23.3,80.3,42.7,48.9,90.6,55.1,46.4,42.2,64.1,56.2,36.1,36.6,85.4,53.6,56.7,48.2,28.1,32.5,24.2,26.9,48.9,52.2,52.2,52.2,52.2,52.2,52.2,52.2,52.2,52.2,0.0,69.2,91.6,67.4,76.4,59.3,89.0,72.8,52.0,44.9,30.8,8.4,32.6,23.6,40.7,11.0,27.2,48.0,55.1,0.0,0.0,0.0,0.0,0.0,0.0,0.0,0.0,0.0,3000.0,30.00,30,40,40,76,116,884,1,56.5,54.5,53.2,49.1,52.3,46.7,53.3,47.0,53.4,48.4,47.8,44.1,42.3,42.3,49.5,41.8,45.0,45.0,59.0,1.180,1.250,1.100,44.151,14.919,44.155,76.500,7.408,85.368,5.273,6.427,5.122,6.004,4.635,6.506,5.563,4.152,3.777,52.013,18.649,78.810,85.384,2000.0,3000.0,5231.2,5231.2,5250.0,52.7,36.8,42.5,52.7,57.4,Ne,Ne,Ne,11.620,3.288,5.5,30,56,45,26,1.172,5.040,3.408,3.328,12.192,1.101,1.243,3.408,3.280,3.328,1.056,1.056,1.048,1.359,1.814,0.920,3.344,0.064,0.048,0.048,0.048,1.016,1.016,1231,996,2721,51.9,58.3,45,45,22511676,1.175,1.238,605579,51,14,7379680,75,17,6798185,182.6,1.9,42.8,1.350,1.365,1.815,1.815,1.005,5.040,0.875,Ne,Ne,Ne,40.5,1.350,1.365,1.815,1.815,1.005,5.110,0.875,Ne,Ne,Ne,63,78,99.0,100.0,Ne,Ne,30664,54291,68.1,0.5,68.5,39.886,0.130,84048,222301,53.0,60.0,67.0,1.102,1196,3221.0,2238.0,99.0,93.6,19.0,2.6,2.6,24.0,10887,1077,32.0,344722,0.0,43.6,0.725,0.000,18.000,99.000,600.0,3000.0,1200.0,100.0,0.0,0.0,0.0,0.0,0.0,0.0,0.0,0.0,0,0,16.0,246,Ne,Ne,Ne,248.9,248.4,4.02,3.88,0.00,3.90,0.12,0,0,0.0,0.0,0,0,0.0,0.0,0,0,0.0,0.0,157610,4543,11.6,10.4,0,0.0,
20.5.2026,12:44:13.869,33253,9906,77.0,19396,12499,60.8,0.6,1.181,1.180,1.175,1.175,1.175,1.185,1.185,1.185,1.185,5225.0,5225.0,5225.0,5225.0,5225.0,5225.0,5225.0,5225.0,5225.0,100.0,2509.8,4826.4,2890.0,1881.8,2697.9,2783.0,3198.5,1418.8,2414.1,3543.5,3109.4,2457.5,2904.9,1148.9,2076.8,878.2,1926.7,2509.8,43.8,78.7,52.6,32.1,47.9,49.5,58.0,23.4,41.6,65.5,56.2,42.9,51.3,19.0,35.4,13.7,33.0,78.7,43.8,51.2,89.4,60.6,38.3,56.2,57.8,67.4,28.5,49.1,75.2,65.3,50.4,60.1,23.1,41.9,17.3,38.9,51.2,52.2,52.2,52.2,52.2,52.2,52.2,52.2,52.2,52.2,0.0,70.7,92.3,69.4,78.7,61.2,87.1,74.5,54.3,48.1,29.3,7.7,30.6,21.3,38.8,12.9,25.5,45.7,51.9,0.0,0.0,0.0,0.0,0.0,0.0,0.0,0.0,0.0,3000.0,30.00,30,40,40,76,116,884,1,57.0,54.8,57.2,49.2,52.9,46.7,53.3,47.0,53.0,48.5,47.9,44.3,42.3,42.3,49.2,41.9,45.2,45.1,59.0,1.179,1.250,1.100,45.447,14.938,45.438,75.000,7.445,86.922,5.316,6.671,5.090,6.017,4.648,6.375,5.576,4.244,3.909,53.520,18.673,80.382,86.953,2000.0,3000.0,5230.6,5230.6,5250.0,53.7,37.9,41.7,53.7,57.7,Ne,Ne,Ne,11.923,3.767,5.7,31,56,46,26,1.172,5.040,3.392,3.328,12.192,1.101,1.243,3.392,3.280,3.328,1.056,1.056,1.048,1.359,1.814,0.912,3.328,0.064,0.048,0.048,0.048,1.016,1.016,1236,1002,2721,51.9,58.3,45,46,22511766,1.183,1.238,605581,39,15,7379782,48,18,6798285,182.6,1.9,42.8,1.350,1.365,1.815,1.815,1.005,5.110,0.875,Ne,Ne,Ne,40.5,1.350,1.365,1.815,1.815,1.005,5.110,0.750,Ne,Ne,Ne,63,78,99.0,100.0,Ne,Ne,30664,54291,25.9,0.4,26.2,13.783,0.438,84074,222302,53.0,60.0,68.0,1.101,1261,3219.0,2238.0,100.0,94.3,19.0,3.6,3.6,26.0,10887,1077,32.0,344722,0.0,43.5,0.725,53.000,18.000,87.000,600.0,3000.0,1200.0,100.0,0.0,0.0,0.0,0.0,0.0,0.0,0.0,0.0,0,0,16.0,246,Ne,Ne,Ne,249.1,249.8,4.01,3.90,0.54,3.90,0.12,0,0,0.0,0.0,0,0,0.0,0.0,0,0,0.0,0.0,157610,4543,24.6,14.8,0,0.0,
20.5.2026,12:44:15.870,33220,9939,76.9,19171,12724,60.1,0.7,1.179,1.180,1.185,1.185,1.175,1.175,1.175,1.175,1.185,5225.0,5225.0,5225.0,5225.0,5225.0,5225.0,5225.0,5225.0,5225.0,100.0,2685.1,4895.1,3024.2,1875.7,3066.8,2582.6,3545.8,1465.8,2659.7,2889.9,4000.8,2295.2,3260.9,1170.4,2360.1,1528.2,2340.0,2685.1,47.9,80.5,56.0,32.8,56.4,45.3,65.5,25.1,46.8,52.9,74.5,40.4,60.0,20.0,41.3,27.0,41.0,80.5,47.9,55.1,91.2,63.9,38.2,64.9,52.7,75.0,29.5,54.2,61.1,84.8,47.0,69.0,23.4,47.8,31.3,47.6,55.1,52.2,52.2,52.2,52.2,52.2,52.2,52.2,52.2,52.2,0.0,74.1,93.6,72.0,80.1,63.7,89.1,75.1,58.1,61.0,25.1,6.4,28.0,19.9,33.4,10.9,24.9,38.6,39.0,0.8,0.0,0.0,0.0,3.0,0.0,0.0,3.3,0.0,3000.0,30.00,30,40,40,76,116,884,1,58.5,56.2,59.0,50.8,53.8,48.1,54.5,48.4,54.6,50.0,49.3,47.6,43.1,43.1,50.0,42.1,45.7,45.4,59.4,1.183,1.250,1.100,49.117,15.217,49.124,77.500,7.452,92.067,5.733,6.889,5.463,6.247,4.948,6.764,5.856,4.596,5.100,58.081,19.022,85.300,92.069,2000.0,3000.0,5230.2,5230.2,5250.0,56.8,40.9,43.1,56.8,59.1,Ne,Ne,Ne,15.225,5.210,5.9,31,58,47,26,1.172,5.040,3.408,3.328,12.288,1.101,1.243,3.408,3.280,3.328,1.056,1.056,1.048,1.359,1.814,0.912,3.344,0.064,0.048,0.048,0.048,1.016,1.016,1258,1027,2721,51.9,58.3,46,46,22511856,1.183,1.238,605583,41,14,7379860,46,18,6798363,182.6,1.9,42.8,1.350,1.350,1.815,1.815,1.005,5.110,1.250,Ne,Ne,Ne,40.5,1.350,1.365,1.815,1.815,1.005,5.110,1.375,Ne,Ne,Ne,63,78,99.0,100.0,Ne,Ne,30664,54291,37.7,2.6,40.3,25.211,5.607,84122,222313,53.0,60.0,66.0,1.103,1320,3223.0,2238.0,99.0,90.4,18.0,3.4,3.4,27.0,10887,1077,32.0,344722,0.0,43.7,0.725,37.000,18.000,71.000,600.0,3000.0,1200.0,100.0,0.0,0.0,0.0,0.0,0.0,0.0,0.0,0.0,0,0,16.0,246,Ne,Ne,Ne,242.8,242.4,4.12,3.88,0.00,4.00,0.12,0,0,0.0,0.0,0,0,0.0,0.0,0,0,0.0,0.0,157611,4543,280.8,13.5,0,0.0,
20.5.2026,12:44:17.870,33209,9949,76.9,19156,12739,60.0,0.7,1.189,1.175,1.185,1.185,1.185,1.195,1.195,1.195,1.195,5225.0,5225.0,5225.0,5225.0,5225.0,5225.0,5225.0,5225.0,5225.0,100.0,2482.3,4822.8,2718.6,1722.2,2880.6,2560.6,3351.6,1305.2,2443.4,2866.4,3802.9,2170.1,3039.0,1062.7,2110.5,901.8,1957.9,2482.3,43.9,81.0,49.8,29.4,52.5,45.2,61.6,21.9,42.4,52.3,70.6,37.5,55.4,17.7,36.5,14.8,33.8,81.0,43.9,51.0,91.5,57.3,34.9,60.9,52.7,71.0,26.2,49.6,60.4,80.7,44.1,64.3,21.3,42.8,17.9,39.6,51.0,52.2,52.2,52.2,52.2,52.2,52.2,52.2,52.2,52.2,0.0,70.6,92.2,69.1,78.5,60.2,89.3,72.8,53.8,48.8,28.5,7.8,30.9,21.5,37.9,10.7,27.2,43.2,48.7,0.9,0.0,0.0,0.0,1.9,0.0,0.0,3.0,2.5,3000.0,30.00,30,40,40,76,116,884,1,57.6,54.7,55.5,49.4,52.7,47.0,53.6,47.1,53.6,48.7,48.2,44.5,42.6,42.6,49.8,42.1,45.7,45.6,59.8,1.180,1.250,1.100,45.579,14.885,45.546,74.250,7.424,87.002,5.278,6.479,5.136,5.986,4.553,6.453,5.529,4.188,3.904,53.709,18.606,80.481,86.994,2000.0,3000.0,5231.3,5231.3,5250.0,53.7,38.0,41.2,53.7,57.5,Ne,Ne,Ne,11.393,3.364,5.6,31,57,46,26,1.181,5.040,3.408,3.328,12.288,1.101,1.243,3.408,3.280,3.328,1.056,1.056,1.048,1.350,1.814,0.912,3.344,0.064,0.048,0.048,0.048,1.016,1.016,1271,1033,2749,51.9,58.3,45,46,22511950,1.175,1.238,605586,33,14,7379942,88,17,6798444,182.6,1.9,42.8,1.350,1.365,1.800,1.815,1.005,5.110,1.125,Ne,Ne,Ne,40.5,1.350,1.365,1.815,1.815,1.005,5.110,1.125,Ne,Ne,Ne,63,78,99.0,100.0,Ne,Ne,30664,54291,0.6,0.2,0.8,1.619,0.737,84126,222314,53.0,60.0,66.0,1.101,1374,3218.0,2238.0,98.0,84.9,18.0,2.8,2.8,28.0,10887,1077,32.0,344722,0.0,43.7,0.725,52.000,17.000,84.000,600.0,3000.0,1200.0,100.0,0.0,0.0,0.0,0.0,0.0,0.0,0.0,0.0,0,0,16.0,246,Ne,Ne,Ne,237.4,238.1,4.21,3.90,0.02,4.09,0.12,0,0,0.0,0.0,0,0,0.0,0.0,0,0,0.0,0.0,157611,4543,103.5,29.7,0,0.0,
20.5.2026,12:44:20.083,33199,9960,76.9,19151,12744,60.0,0.7,1.182,1.180,1.180,1.180,1.180,1.180,1.185,1.185,1.185,5225.0,5225.0,5225.0,5225.0,5225.0,5225.0,5225.0,5225.0,5225.0,100.0,2560.3,4836.1,2863.2,2251.4,2442.0,3156.6,2967.7,1847.6,2106.7,3971.1,2932.1,2914.5,2526.6,1617.9,1680.1,1398.9,1451.8,2560.3,45.6,80.7,52.9,39.7,43.4,58.2,53.8,32.4,36.5,74.4,53.9,52.8,45.0,28.0,29.0,24.1,25.0,80.7,45.6,52.5,91.3,60.5,46.0,50.5,66.9,62.1,37.5,42.5,84.3,62.1,60.8,52.2,32.5,33.8,28.0,29.1,52.5,52.2,52.2,52.2,52.2,52.2,52.2,52.2,52.2,52.2,0.0,72.8,92.5,71.7,80.7,64.2,90.5,76.7,56.2,49.8,27.2,7.5,28.3,19.3,35.8,9.5,23.3,43.8,50.2,0.0,0.0,0.0,0.0,0.0,0.0,0.0,0.0,0.0,3000.0,30.00,30,40,40,76,116,884,1,57.6,55.5,55.9,50.1,53.1,47.5,54.5,48.0,54.5,49.2,48.8,45.0,42.9,42.9,49.5,42.2,45.9,45.6,60.0,1.180,1.250,1.100,46.947,14.941,46.977,74.500,7.436,88.799,5.482,6.581,5.277,6.274,4.873,6.686,5.734,4.403,4.024,55.341,18.676,82.197,88.798,2000.0,3000.0,5230.7,5230.7,5250.0,54.8,39.1,41.4,54.8,58.4,Ne,Ne,Ne,11.572,3.543,5.8,31,57,46,26,1.172,5.040,3.408,3.328,12.288,1.101,1.243,3.408,3.280,3.328,1.056,1.056,1.048,1.359,1.814,0.912,3.344,0.064,0.048,0.048,0.048,1.016,1.016,1268,1002,2772,51.9,58.3,46,46,22512042,1.164,1.238,605588,53,15,7380008,37,18,6798510,182.6,1.9,42.8,1.350,1.365,1.815,1.800,1.005,5.110,0.750,Ne,Ne,Ne,40.5,1.350,1.365,1.815,1.815,1.005,5.110,1.375,Ne,Ne,Ne,63,78,99.0,100.0,Ne,Ne,30664,54291,45.5,0.1,45.6,12.101,1.038,84149,222316,53.0,60.0,66.0,1.101,1399,3219.0,2238.0,99.0,90.5,18.0,3.0,3.0,28.0,10887,1077,32.0,344722,0.0,43.8,0.725,57.000,18.000,91.000,600.0,3000.0,1200.0,100.0,0.0,0.0,0.0,0.0,0.0,0.0,0.0,0.0,0,0,16.0,246,Ne,Ne,Ne,248.8,246.9,4.02,3.85,0.02,3.91,0.11,0,0,0.0,0.0,0,0,0.0,0.0,0,0,0.0,0.0,157611,4543,164.5,20.2,0,0.0,
20.5.2026,12:44:21.871,33213,9946,76.9,19290,12604,60.4,0.7,1.173,1.175,1.175,1.175,1.175,1.170,1.170,1.170,1.170,5010.7,5225.0,4653.5,5225.0,4653.5,5225.0,5225.0,4653.5,5225.0,100.0,1858.5,5029.4,1819.9,1586.7,1269.3,2070.7,2287.7,1424.1,1207.4,2990.9,2175.5,1863.1,1701.5,1303.2,881.4,1240.8,884.3,1858.5,32.2,84.7,33.2,27.6,21.2,37.3,40.1,24.3,20.0,55.1,38.5,33.3,28.7,22.0,14.2,20.5,14.6,84.7,32.2,37.6,95.4,38.2,32.3,25.3,43.5,47.0,28.9,24.2,63.0,45.1,38.9,34.1,26.2,17.4,24.7,17.7,37.6,50.1,52.2,46.5,52.2,46.5,52.2,52.2,46.5,52.2,0.0,56.1,96.1,46.1,65.8,40.2,76.8,55.5,34.7,33.4,35.3,3.9,50.2,34.2,42.4,23.2,44.5,38.4,45.4,8.7,0.0,3.7,0.0,17.4,0.0,0.0,26.9,21.2,3000.0,30.00,30,40,40,76,116,884,1,56.8,53.0,51.1,46.0,51.0,43.0,50.3,43.4,49.6,44.8,44.6,41.5,41.1,41.1,49.2,41.6,45.2,45.8,60.0,1.177,1.250,1.100,34.620,14.167,34.682,69.500,7.363,72.965,4.087,6.063,3.567,4.941,3.253,5.192,4.209,2.763,2.712,40.772,17.709,66.580,73.034,2000.0,3000.0,5235.3,5235.3,5250.0,45.1,28.9,38.6,45.1,55.8,Ne,Ne,Ne,5.336,1.698,4.5,31,56,45,26,1.163,5.040,3.408,3.328,12.288,1.101,1.243,3.408,3.280,3.328,1.072,1.056,1.048,1.359,1.814,0.912,3.344,0.064,0.048,0.048,0.048,1.016,1.016,1252,1028,2772,51.9,58.3,44,46,22512134,1.183,1.238,605590,14,13,7380114,67,18,6798613,182.6,1.9,42.8,1.350,1.365,1.815,1.815,0.975,5.110,0.625,Ne,Ne,Ne,40.5,1.350,1.365,1.815,1.815,0.990,5.110,0.625,Ne,Ne,Ne,63,78,99.0,100.0,Ne,Ne,30664,54291,0.2,2.6,2.9,0.546,0.532,84150,222317,50.0,56.0,51.0,0.727,1433,1689.0,2238.0,57.0,20.8,1.0,0.7,0.7,28.0,10110,1094,32.0,345035,0.0,43.6,0.725,29.000,17.000,57.000,600.0,3000.0,1200.0,100.0,0.0,0.0,0.0,0.0,0.0,0.0,0.0,0.0,0,0,16.0,246,Ne,Ne,Ne,250.5,249.7,3.99,3.86,0.00,3.89,0.11,0,0,0.0,0.0,0,0,0.0,0.0,0,0,0.0,0.0,157611,4543,65.8,4.4,0,0.0,
20.5.2026,12:44:23.868,33297,9861,77.1,19236,12658,60.3,0.7,1.183,1.185,1.180,1.180,1.180,1.185,1.185,1.185,1.185,5225.0,5225.0,5225.0,5225.0,5225.0,5225.0,5225.0,5225.0,5225.0,100.0,2048.0,5017.3,2285.3,1816.5,1704.8,2068.6,2819.7,1518.8,1344.0,2496.4,3087.3,1879.4,2173.6,1580.9,839.6,1429.7,705.3,2048.0,36.4,85.1,42.1,32.2,30.2,37.4,51.2,26.6,23.5,45.3,57.0,33.0,39.4,27.7,14.6,24.8,12.1,85.1,36.4,41.9,95.7,48.0,37.3,35.0,43.3,58.8,30.9,27.4,52.2,65.0,38.4,45.4,32.1,17.1,28.9,14.3,41.9,52.2,52.2,52.2,52.2,52.2,52.2,52.2,52.2,52.2,0.0,58.6,95.9,51.8,66.9,44.6,76.8,56.0,40.3,36.6,31.6,4.1,40.6,33.1,33.7,23.2,44.0,34.8,39.6,9.8,0.0,7.6,0.0,21.7,0.0,0.0,24.9,23.8,3000.0,30.00,30,40,40,76,116,884,1,56.5,54.3,57.2,46.1,53.0,43.2,50.4,43.1,49.8,44.4,44.4,40.8,40.6,40.6,49.8,41.9,44.7,45.5,60.0,1.175,1.250,1.100,38.849,14.296,38.771,75.000,7.392,78.259,4.531,7.158,4.058,5.277,3.488,5.695,4.494,3.165,2.910,45.663,17.870,71.665,78.192,2000.0,3000.0,5233.7,5233.7,5250.0,48.3,32.3,41.7,48.3,57.1,Ne,Ne,Ne,7.336,4.062,4.7,31,56,45,26,1.181,5.040,3.408,3.328,12.192,1.101,1.243,3.408,3.280,3.328,1.056,1.056,1.048,1.359,1.814,0.912,3.328,0.064,0.048,0.048,0.048,1.016,1.016,1226,977,2721,51.9,58.3,45,45,22512224,1.179,1.238,605593,61,14,7380142,42,18,6798645,182.6,1.9,42.8,1.350,1.365,1.815,1.815,0.990,5.040,1.625,Ne,Ne,Ne,40.5,1.350,1.365,1.815,1.815,0.990,5.040,0.875,Ne,Ne,Ne,63,78,99.0,100.0,Ne,Ne,30664,54291,37.3,0.3,37.5,26.891,1.181,84201,222320,52.0,60.0,67.0,1.030,1436,3052.0,2238.0,91.0,86.9,25.0,2.2,2.2,28.0,10945,873,32.0,346026,0.0,43.4,0.725,29.000,16.000,60.000,600.0,3000.0,1200.0,100.0,0.0,0.0,0.0,0.0,0.0,0.0,0.0,0.0,0,0,16.0,246,Ne,Ne,Ne,194.8,194.9,5.13,4.83,0.00,5.02,0.12,0,0,0.0,0.0,0,0,0.0,0.0,0,0,0.0,0.0,157612,4543,177.8,9.3,0,0.0,
20.5.2026,12:44:25.870,33243,9916,77.0,19178,12716,60.1,0.7,1.186,1.190,1.190,1.190,1.190,1.190,1.180,1.180,1.180,5225.0,5225.0,5225.0,5225.0,5225.0,5225.0,5225.0,5225.0,5225.0,100.0,2315.6,4863.5,2656.5,2106.4,1888.5,2515.1,2932.7,1895.7,1470.9,2849.7,3616.6,2442.5,2372.6,1961.6,847.7,1903.7,726.7,2315.6,40.9,81.3,48.6,36.8,33.0,44.9,53.9,33.0,25.2,52.1,67.3,42.8,42.1,34.2,14.2,33.0,12.0,81.3,40.9,47.3,91.6,55.8,43.0,38.6,52.3,61.9,38.6,29.8,60.0,76.7,49.9,49.0,39.8,17.1,38.5,14.6,47.3,52.2,52.2,52.2,52.2,52.2,52.2,52.2,52.2,52.2,0.0,66.4,93.0,61.1,72.9,54.4,87.7,67.5,48.4,45.8,32.4,7.0,38.7,27.1,43.6,12.3,32.5,48.0,50.3,1.2,0.0,0.2,0.0,2.0,0.0,0.0,3.6,3.9,3000.0,30.00,30,40,40,76,116,884,1,56.2,54.1,54.1,48.6,52.3,45.9,52.8,46.2,52.9,47.7,47.3,43.8,42.1,42.1,49.2,41.9,45.2,45.5,60.0,1.179,1.250,1.100,42.992,14.291,43.007,76.500,7.413,83.312,5.050,6.475,4.696,5.764,4.299,6.362,5.236,3.908,3.661,50.641,17.864,76.659,83.344,2000.0,3000.0,5232.0,5232.0,5250.0,51.4,35.8,42.5,51.4,57.0,Ne,Ne,Ne,7.092,4.271,5.3,31,56,45,26,1.172,5.040,3.408,3.328,12.192,1.101,1.243,3.408,3.280,3.328,1.056,1.056,1.048,1.350,1.814,0.912,3.344,0.064,0.048,0.048,0.048,1.016,1.016,1222,1010,2721,51.9,58.3,45,46,22512314,1.183,1.238,605595,32,15,7380264,72,17,6798763,182.6,1.9,42.8,1.365,1.365,1.815,1.815,0.990,5.040,0.625,Ne,Ne,Ne,40.5,1.350,1.365,1.815,1.815,0.990,5.040,1.000,Ne,Ne,Ne,63,78,99.0,100.0,Ne,Ne,30664,54291,1.2,0.5,1.7,1.727,0.596,84204,222321,51.0,60.0,66.0,0.988,1414,2917.0,2238.0,93.0,86.6,25.0,2.0,2.0,26.0,10927,901,32.0,346075,0.0,43.6,0.725,0.000,18.000,99.000,600.0,3000.0,1200.0,100.0,0.0,0.0,0.0,0.0,0.0,0.0,0.0,0.0,0,0,16.0,246,Ne,Ne,Ne,203.2,203.5,4.92,4.68,0.00,4.81,0.11,0,0,0.0,0.0,0,0,0.0,0.0,0,0,0.0,0.0,157612,4543,86.7,12.3,0,0.0,
20.5.2026,12:44:27.879,33053,10106,76.5,19147,12747,60.0,0.7,1.172,1.190,1.170,1.170,1.170,1.170,1.170,1.170,1.170,5225.0,5225.0,5225.0,5225.0,5225.0,5225.0,5225.0,5225.0,5225.0,100.0,2514.7,4854.2,2909.5,2433.7,2123.4,2904.5,3043.7,2206.3,1665.4,3550.2,3056.2,2736.3,2514.9,2264.0,1046.3,2102.9,823.9,2514.7,45.2,81.9,53.6,43.4,37.7,53.2,56.0,39.3,29.4,66.1,56.6,49.8,45.3,40.3,18.6,37.1,14.5,81.9,45.2,51.7,92.4,61.0,49.8,43.4,61.3,64.1,45.0,33.9,75.3,64.7,57.2,52.1,46.1,21.3,42.6,16.6,51.7,52.2,52.2,52.2,52.2,52.2,52.2,52.2,52.2,52.2,0.0,70.2,92.8,67.1,76.8,61.4,85.1,71.3,56.2,50.7,29.8,7.2,32.9,23.2,38.6,14.9,28.7,43.8,49.3,0.0,0.0,0.0,0.0,0.0,0.0,0.0,0.0,0.0,3000.0,30.00,30,40,40,76,116,884,1,56.9,55.2,51.5,50.0,53.4,47.4,54.3,47.8,54.0,49.2,48.7,45.0,42.8,42.8,49.5,42.0,45.7,45.8,60.0,1.181,1.250,1.100,46.587,14.457,46.611,79.500,7.433,87.911,5.464,6.731,5.225,6.253,4.796,6.555,5.696,4.391,4.068,54.919,18.072,81.167,87.913,2000.0,3000.0,5230.4,5230.4,5250.0,54.3,38.8,44.2,54.3,58.1,Ne,Ne,Ne,7.854,4.779,5.6,31,57,45,26,1.181,5.040,3.408,3.328,12.288,1.101,1.243,3.408,3.280,3.328,1.056,1.056,1.048,1.368,1.814,0.912,3.344,0.064,0.048,0.048,0.048,1.016,1.016,1221,1018,2749,51.9,58.3,46,45,22512404,1.171,1.238,605598,64,14,7380328,32,18,6798828,182.6,1.9,42.8,1.350,1.365,1.815,1.815,0.990,5.040,1.000,Ne,Ne,Ne,40.5,1.350,1.365,1.815,1.815,0.990,5.040,0.875,Ne,Ne,Ne,63,78,99.0,100.0,Ne,Ne,30664,54291,11.1,0.1,11.2,13.178,0.332,84230,222321,52.0,61.0,69.0,1.049,1392,3138.0,2238.0,99.0,98.7,27.0,2.3,2.3,27.0,10927,901,32.0,346075,0.0,43.7,0.725,54.000,18.000,88.000,600.0,3000.0,1200.0,100.0,0.0,0.0,0.0,0.0,0.0,0.0,0.0,0.0,0,0,16.0,246,Ne,Ne,Ne,198.5,198.6,5.04,5.04,0.00,4.93,0.11,0,0,0.0,0.0,0,0,0.0,0.0,0,0,0.0,0.0,157612,4543,41.5,31.2,0,0.0,
20.5.2026,12:44:29.877,33162,9997,76.8,19185,12710,60.1,0.7,1.183,1.175,1.175,1.185,1.185,1.185,1.185,1.185,1.190,5225.0,5225.0,5225.0,5225.0,5225.0,5225.0,5225.0,5225.0,5225.0,100.0,2728.1,4879.2,3213.2,2662.5,2383.6,3142.6,3242.1,2249.3,2033.9,3631.5,3394.8,2967.6,2781.0,2262.7,1451.3,2182.7,1172.1,2728.1,48.4,80.4,59.3,47.7,41.4,57.5,59.3,39.2,35.1,67.2,62.3,54.0,49.4,39.6,24.8,37.6,19.3,80.4,48.4,56.1,91.2,67.9,55.4,48.5,66.5,68.6,45.8,41.2,77.0,71.9,62.4,57.6,46.0,29.3,44.1,23.2,56.1,52.2,52.2,52.2,52.2,52.2,52.2,52.2,52.2,52.2,0.0,74.3,93.3,72.2,80.7,65.8,88.2,76.5,61.0,56.4,25.5,6.7,27.8,19.3,33.8,11.8,23.5,38.4,42.8,0.2,0.0,0.0,0.0,0.4,0.0,0.0,0.6,0.8,3000.0,30.00,30,40,40,76,116,884,1,57.9,56.5,55.9,51.3,54.4,48.6,55.7,49.2,55.5,50.7,50.2,46.4,43.6,43.6,50.0,42.0,46.0,45.9,60.0,1.181,1.250,1.100,49.745,14.443,49.704,79.500,7.479,91.640,5.826,6.929,5.578,6.611,5.178,6.925,6.135,4.787,4.466,58.680,18.054,84.961,91.606,2000.0,3000.0,5229.5,5229.5,5250.0,56.5,41.4,44.2,56.5,59.5,Ne,Ne,Ne,7.638,4.570,5.9,31,58,46,26,1.181,5.040,3.408,3.328,12.192,1.101,1.243,3.392,3.280,3.328,1.056,1.056,1.048,1.359,1.814,0.912,3.344,0.064,0.048,0.048,0.048,1.016,1.016,1248,1025,2749,51.9,58.3,46,46,22512494,1.171,1.238,605600,44,14,7380456,83,18,6798951,182.6,1.9,42.8,1.350,1.365,1.800,1.815,0.990,5.040,0.875,Ne,Ne,Ne,40.5,1.350,1.365,1.800,1.815,0.990,5.040,1.750,Ne,Ne,Ne,63,78,99.0,100.0,Ne,Ne,30664,54291,9.1,0.1,9.3,4.061,0.958,84237,222323,52.0,61.0,69.0,1.076,1403,3167.0,2238.0,100.0,96.7,28.0,2.2,2.2,28.0,10927,901,32.0,346075,0.0,43.8,0.725,40.000,18.000,97.000,600.0,3000.0,1200.0,100.0,0.0,0.0,0.0,0.0,0.0,0.0,0.0,0.0,0,0,16.0,246,Ne,Ne,Ne,224.3,224.4,4.46,4.37,0.00,4.34,0.11,0,0,0.0,0.0,0,0,0.0,0.0,0,0,0.0,0.0,157612,4543,296.7,28.2,0,0.0,
20.5.2026,12:44:31.868,33112,10047,76.7,19162,12733,60.0,0.7,1.177,1.180,1.175,1.175,1.175,1.175,1.180,1.180,1.180,5225.0,5225.0,5225.0,5225.0,5225.0,5225.0,5225.0,5225.0,5225.0,100.0,2566.6,4847.2,2970.3,2268.9,2390.4,2915.9,3000.7,1873.4,2075.8,3260.1,3641.8,2616.7,2724.9,1585.8,1800.7,1486.9,1605.9,2566.6,45.8,81.5,54.7,40.3,41.9,53.1,54.5,33.1,36.1,60.2,67.7,47.2,49.3,28.0,31.5,25.4,27.7,81.5,45.8,52.7,92.2,62.5,46.7,48.7,61.3,63.0,38.4,42.1,69.0,77.2,54.5,57.1,32.5,36.6,29.9,32.4,52.7,52.2,52.2,52.2,52.2,52.2,52.2,52.2,52.2,52.2,0.0,70.6,92.7,67.1,75.6,60.7,89.2,71.2,56.1,52.3,28.0,7.3,32.4,24.4,36.5,10.8,28.8,39.6,44.4,1.4,0.0,0.4,0.0,2.8,0.0,0.0,4.3,3.3,3000.0,30.00,30,40,40,76,116,884,1,58.2,56.1,60.2,50.6,53.9,47.8,54.8,48.2,55.2,49.7,49.4,45.6,43.3,43.3,50.5,42.2,45.9,46.0,60.0,1.180,1.250,1.100,47.304,14.409,47.321,77.250,7.484,88.699,5.515,6.738,5.244,6.188,4.804,6.823,5.740,4.425,4.154,55.771,18.011,82.015,88.725,2000.0,3000.0,5230.9,5230.9,5250.0,54.8,39.4,42.9,54.8,59.1,Ne,Ne,Ne,7.538,4.358,5.6,31,58,47,26,1.172,5.040,3.408,3.328,12.288,1.101,1.243,3.408,3.280,3.328,1.056,1.056,1.048,1.350,1.814,0.912,3.344,0.064,0.048,0.048,0.048,1.016,1.016,1266,1048,2749,51.9,58.3,46,46,22512586,1.164,1.238,605602,55,15,7380544,73,18,6799038,182.6,1.9,42.8,1.350,1.365,1.800,1.800,0.990,5.040,1.375,Ne,Ne,Ne,40.5,1.350,1.365,1.800,1.815,0.990,5.040,0.625,Ne,Ne,Ne,63,78,99.0,100.0,Ne,Ne,30664,54291,2.3,0.3,2.6,5.472,2.082,84248,222327,52.0,61.0,67.0,1.041,1443,3117.0,2238.0,100.0,87.8,27.0,1.9,1.9,30.0,10927,901,32.0,346075,0.0,43.8,0.725,20.000,17.000,51.000,600.0,3000.0,1200.0,100.0,0.0,0.0,0.0,0.0,0.0,0.0,0.0,0.0,0,0,16.0,246,Ne,Ne,Ne,181.3,181.5,5.52,4.77,0.00,5.39,0.12,0,0,0.0,0.0,0,0,0.0,0.0,0,0,0.0,0.0,157614,4543,576.1,21.8,0,0.0,
20.5.2026,12:44:33.869,33189,9970,76.8,19245,12649,60.3,0.7,1.178,1.175,1.170,1.170,1.185,1.185,1.180,1.180,1.180,5225.0,5225.0,5225.0,5225.0,5225.0,5225.0,5225.0,5225.0,5225.0,100.0,2523.4,4805.6,2928.5,2157.0,2418.5,2896.1,3099.1,1609.3,2272.4,3365.0,3191.8,2594.1,2708.2,1244.2,2069.9,1046.5,1967.8,2523.4,44.8,80.9,53.9,38.1,42.0,53.2,56.6,28.0,39.7,62.3,58.4,46.0,48.1,21.4,36.1,17.6,34.1,80.9,44.8,51.9,91.5,62.0,44.4,49.3,61.4,65.6,33.0,46.4,71.5,67.6,53.4,56.2,25.4,42.1,21.2,40.0,51.9,52.2,52.2,52.2,52.2,52.2,52.2,52.2,52.2,52.2,0.0,70.2,91.9,67.3,77.1,61.7,83.4,72.0,55.8,52.2,29.8,8.1,32.7,22.9,38.3,16.6,28.0,44.2,47.8,0.0,0.0,0.0,0.0,0.0,0.0,0.0,0.0,0.0,3000.0,30.00,30,40,40,76,116,884,1,58.1,55.8,56.8,50.5,53.9,47.8,54.9,48.3,54.4,49.9,49.3,45.9,43.2,43.2,49.8,42.3,46.0,46.0,60.0,1.181,1.250,1.100,47.300,14.432,47.295,75.250,7.446,88.713,5.539,6.743,5.225,6.330,4.852,6.610,5.786,4.491,4.275,55.808,18.040,82.038,88.727,2000.0,3000.0,5230.9,5230.9,5250.0,54.8,39.4,41.8,54.8,58.7,Ne,Ne,Ne,7.600,4.501,5.6,31,58,47,26,1.181,5.040,3.408,3.328,12.192,1.101,1.243,3.408,3.280,3.328,1.056,1.056,1.048,1.350,1.814,0.912,3.344,0.064,0.048,0.048,0.048,1.016,1.016,1273,1047,2727,51.9,58.3,46,46,22512680,1.183,1.238,605605,21,14,7380654,81,18,6799145,182.6,1.9,42.8,1.350,1.365,1.800,1.815,1.005,5.040,0.875,Ne,Ne,Ne,40.5,1.350,1.365,1.800,1.815,0.990,5.040,1.375,Ne,Ne,Ne,63,78,99.0,100.0,Ne,Ne,30664,54291,17.1,0.2,17.3,18.639,1.338,84284,222330,52.0,62.0,70.0,1.029,1489,3076.0,2238.0,98.0,98.5,26.0,2.2,2.2,32.0,10927,902,32.0,346090,0.0,43.8,0.725,27.000,17.000,60.000,600.0,3000.0,1200.0,100.0,0.0,0.0,0.0,0.0,0.0,0.0,0.0,0.0,0,0,16.0,246,Ne,Ne,Ne,198.9,198.0,5.03,5.04,0.00,4.91,0.12,0,0,0.0,0.0,0,0,0.0,0.0,0,0,0.0,0.0,157615,4543,959.4,43.9,0,0.0,
20.5.2026,12:44:35.867,33315,9844,77.1,19354,12541,60.6,0.7,1.178,1.180,1.175,1.180,1.180,1.180,1.175,1.175,1.175,5225.0,5225.0,5225.0,5225.0,5225.0,5225.0,5225.0,5225.0,5225.0,100.0,2630.8,4799.8,3065.8,2278.7,2586.2,2972.3,3091.1,1773.7,2361.3,3408.1,3254.2,2733.4,2769.6,1438.6,2176.5,1375.6,2007.3,2630.8,46.9,78.6,56.8,40.4,45.8,54.7,56.7,31.4,41.6,63.1,59.7,49.5,48.9,25.5,38.3,24.2,35.0,78.6,46.9,53.8,89.1,64.7,46.4,52.8,62.9,65.4,36.0,47.9,72.1,68.8,56.9,56.5,29.1,44.0,27.7,40.3,53.8,52.2,52.2,52.2,52.2,52.2,52.2,52.2,52.2,52.2,0.0,71.5,91.8,68.5,77.6,63.0,84.0,72.6,58.5,56.5,28.5,8.2,31.5,22.4,37.0,16.0,27.4,41.5,43.5,0.0,0.0,0.0,0.0,0.0,0.0,0.0,0.0,0.0,3000.0,30.00,30,40,40,76,116,884,1,58.0,56.0,58.1,50.8,54.1,48.1,55.1,48.5,54.8,50.0,49.7,46.1,43.4,43.4,50.8,42.5,46.0,46.0,60.0,1.182,1.250,1.100,48.141,14.486,48.109,84.250,7.424,89.722,5.627,6.795,5.368,6.381,4.932,6.700,5.842,4.642,4.352,56.809,18.107,83.082,89.733,2000.0,3000.0,5230.6,5230.6,5250.0,55.4,40.1,46.8,55.4,59.0,Ne,Ne,Ne,7.367,4.601,5.7,31,58,47,26,1.172,5.040,3.408,3.328,12.192,1.101,1.243,3.408,3.280,3.328,1.056,1.056,1.048,1.350,1.814,0.912,3.344,0.064,0.048,0.048,0.048,1.016,1.016,1291,1018,2721,51.9,58.3,46,46,22512774,1.183,1.238,605607,40,14,7380696,45,17,6799189,182.6,1.9,42.8,1.350,1.365,1.800,1.815,0.990,5.040,1.375,Ne,Ne,Ne,40.5,1.350,1.365,1.800,1.815,0.990,5.040,0.875,Ne,Ne,Ne,63,78,99.0,100.0,Ne,Ne,30664,54291,100.0,22.0,100.0,115.142,1.587,84506,222333,53.0,62.0,70.0,1.046,1549,3129.0,2238.0,99.0,98.4,28.0,2.1,2.1,34.0,10927,902,32.0,346090,0.0,43.9,0.725,58.000,18.000,90.000,600.0,3000.0,1200.0,100.0,0.0,0.0,0.0,0.0,0.0,0.0,0.0,0.0,0,0,16.0,246,Ne,Ne,Ne,199.0,199.1,5.03,5.02,0.00,4.90,0.12,0,0,0.0,0.0,0,0,0.0,0.0,0,0,0.0,0.0,157617,4543,994.4,37.6,0,0.0,
20.5.2026,12:44:37.873,33192,9967,76.9,19309,12585,60.5,0.7,1.193,1.180,1.195,1.195,1.195,1.195,1.195,1.195,1.195,5225.0,5225.0,5225.0,5225.0,5225.0,5225.0,5225.0,5225.0,5225.0,100.0,2492.6,4827.2,2941.3,1797.5,2625.9,2712.3,3149.7,1378.6,2360.8,3092.3,3439.1,2325.6,2849.9,1280.0,2108.7,1062.2,1930.2,2492.6,44.5,81.9,54.3,31.5,47.1,48.9,57.9,24.0,42.2,56.9,63.6,40.8,50.9,22.5,37.3,18.5,34.1,81.9,44.5,51.5,92.3,62.3,37.0,54.6,56.8,66.8,28.3,48.8,65.5,73.1,47.7,59.0,26.4,43.2,21.9,39.5,51.5,52.2,52.2,52.2,52.2,52.2,52.2,52.2,52.2,52.2,0.0,69.3,92.3,65.0,74.3,59.8,82.7,69.4,57.8,53.1,30.7,7.7,35.0,25.7,40.2,17.3,30.6,42.2,46.9,0.0,0.0,0.0,0.0,0.0,0.0,0.0,0.0,0.0,3000.0,30.00,30,40,40,76,116,884,1,57.6,55.4,59.9,50.1,53.7,47.3,54.5,47.8,54.2,49.1,49.1,45.4,43.1,43.1,50.0,42.4,46.0,46.0,60.0,1.180,1.250,1.100,46.034,14.402,46.059,76.250,7.422,87.074,5.407,6.705,5.076,6.185,4.698,6.528,5.539,4.417,4.109,54.260,18.003,80.427,87.088,2000.0,3000.0,5231.1,5231.1,5250.0,53.8,38.4,42.4,53.8,58.3,Ne,Ne,Ne,6.538,4.197,5.5,31,57,46,26,1.172,5.040,3.408,3.328,12.192,1.101,1.243,3.408,3.280,3.328,1.056,1.056,1.048,1.359,1.814,0.912,3.344,0.064,0.048,0.048,0.048,1.016,1.016,1273,999,2727,51.9,58.3,46,46,22512866,1.195,1.238,605609,29,14,7380776,43,19,6799269,182.6,1.9,42.8,1.350,1.365,1.800,1.815,0.990,5.040,0.875,Ne,Ne,Ne,40.5,1.335,1.365,1.800,1.815,0.990,5.040,1.000,Ne,Ne,Ne,63,78,99.0,100.0,Ne,Ne,30664,54292,100.0,0.1,100.0,70.731,1.866,84641,222336,53.0,62.0,70.0,1.054,1617,3141.0,2238.0,100.0,98.6,25.0,2.2,2.2,36.0,10927,902,32.0,346090,0.0,43.8,0.725,61.000,18.000,94.000,600.0,3000.0,1200.0,100.0,0.0,0.0,0.0,0.0,0.0,0.0,0.0,0.0,0,0,16.0,246,Ne,Ne,Ne,203.1,203.8,4.92,4.90,0.00,4.80,0.12,0,0,0.0,0.0,0,0,0.0,0.0,0,0,0.0,0.0,157620,4543,1091.5,39.1,0,0.0,
20.5.2026,12:44:39.877,33183,9975,76.8,19314,12580,60.5,0.7,1.179,1.175,1.180,1.180,1.180,1.180,1.180,1.180,1.180,5225.0,5225.0,5225.0,5225.0,5225.0,5225.0,5225.0,5225.0,5225.0,100.0,2570.8,4766.4,3019.0,2165.3,2539.3,2805.9,3202.2,1771.5,2182.0,2867.4,3980.1,2596.4,2768.9,1707.0,1739.9,1523.5,1498.0,2570.8,46.0,79.2,56.1,38.2,46.0,51.4,59.0,31.0,38.4,52.8,74.4,46.2,50.3,30.2,30.8,26.4,26.0,79.2,46.0,52.9,89.6,63.9,44.1,53.1,59.4,67.9,35.9,44.4,60.7,84.5,53.4,58.1,34.6,35.4,30.6,30.1,52.9,52.2,52.2,52.2,52.2,52.2,52.2,52.2,52.2,52.2,0.0,70.7,91.1,67.6,76.5,61.4,86.8,72.2,57.7,52.0,29.2,8.9,32.4,23.5,38.6,13.2,27.8,41.8,47.8,0.1,0.0,0.0,0.0,0.0,0.0,0.0,0.5,0.2,3000.0,30.00,30,40,40,76,116,884,1,57.9,56.1,55.5,50.9,54.0,48.3,55.2,48.7,55.2,50.1,49.7,46.0,43.4,43.4,50.0,42.2,46.0,46.0,60.0,1.181,1.250,1.100,47.483,14.387,47.504,75.000,7.443,88.821,5.596,6.749,5.396,6.328,4.905,6.768,5.846,4.560,4.213,56.012,17.984,82.183,88.796,2000.0,3000.0,5229.9,5229.9,5250.0,54.8,39.6,41.7,54.8,59.1,Ne,Ne,Ne,6.085,3.505,5.7,31,57,47,26,1.181,5.040,3.408,3.328,12.192,1.101,1.243,3.408,3.280,3.328,1.056,1.056,1.048,1.359,1.814,0.912,3.344,0.064,0.048,0.048,0.048,1.016,1.016,1258,986,2749,51.9,58.3,46,46,22512958,1.171,1.238,605612,54,14,7380834,92,17,6799328,182.6,1.9,42.8,1.335,1.365,1.800,1.815,0.990,5.040,1.375,Ne,Ne,Ne,40.5,1.335,1.365,1.800,1.815,0.990,5.040,1.250,Ne,Ne,Ne,63,78,99.0,100.0,Ne,Ne,30664,54292,100.0,3.8,100.0,73.837,2.140,84782,222340,52.0,62.0,70.0,1.031,1687,3088.0,2238.0,100.0,97.9,27.0,2.1,2.1,38.0,10927,902,32.0,346090,0.0,43.9,0.725,49.000,17.000,81.000,600.0,3000.0,1200.0,100.0,0.0,0.0,0.0,0.0,0.0,0.0,0.0,0.0,0,0,16.0,246,Ne,Ne,Ne,201.1,189.3,4.97,4.93,0.00,4.86,0.11,0,0,0.0,0.0,0,0,0.0,0.0,0,0,0.0,0.0,157622,4543,1166.9,35.5,0,0.0,
20.5.2026,12:44:41.868,33190,9969,76.9,19342,12552,60.6,0.7,1.180,1.195,1.195,1.185,1.185,1.170,1.170,1.170,1.170,5225.0,5225.0,5225.0,5225.0,5225.0,5225.0,5225.0,5225.0,5225.0,100.0,2417.1,4731.9,2797.2,2350.0,2025.3,2944.6,2799.7,1926.0,1669.6,3171.7,3322.5,2573.8,2471.2,2066.6,1046.4,1991.8,785.5,2417.1,42.5,79.8,50.7,40.8,34.9,52.8,51.1,33.1,28.6,57.6,61.3,45.4,43.4,35.7,17.7,34.0,12.6,79.8,42.5,49.3,90.4,58.3,47.7,41.1,61.4,59.3,38.8,33.7,66.5,70.5,52.9,50.7,41.6,21.1,39.9,15.4,49.3,52.2,52.2,52.2,52.2,52.2,52.2,52.2,52.2,52.2,0.0,67.8,90.5,64.8,74.8,57.3,84.1,69.9,53.3,48.1,32.2,9.5,35.2,25.2,42.7,15.9,30.1,46.7,51.9,0.0,0.0,0.0,0.0,0.0,0.0,0.0,0.0,0.0,3000.0,30.00,30,40,40,76,116,884,1,57.2,54.9,60.8,49.8,53.2,47.2,54.2,47.4,53.8,49.0,48.6,45.0,42.9,42.9,50.0,42.3,46.0,46.0,60.0,1.181,1.250,1.100,44.672,14.272,44.670,76.000,7.417,85.173,5.303,6.566,5.051,6.102,4.551,6.424,5.552,4.230,3.946,52.672,17.840,78.671,85.183,2000.0,3000.0,5231.1,5231.1,5250.0,52.6,37.2,42.2,52.6,57.8,Ne,Ne,Ne,5.083,2.789,5.4,31,57,46,26,1.172,5.040,3.408,3.328,12.192,1.101,1.243,3.408,3.280,3.328,1.056,1.056,1.048,1.359,1.814,0.912,3.344,0.064,0.048,0.048,0.048,1.016,1.016,1269,1003,2721,51.9,58.3,46,46,22513052,1.175,1.238,605614,50,13,7380942,64,17,6799433,182.6,1.9,42.8,1.335,1.365,1.800,1.815,0.990,5.040,0.875,Ne,Ne,Ne,40.5,1.335,1.365,1.815,1.815,0.990,5.040,0.750,Ne,Ne,Ne,63,78,99.0,100.0,Ne,Ne,30664,54292,100.0,0.2,100.0,57.684,2.042,84892,222344,52.0,62.0,69.0,1.045,1732,3124.0,2238.0,100.0,98.8,26.0,2.0,2.0,38.0,10927,918,32.0,346090,0.0,43.8,0.725,59.000,17.000,92.000,600.0,3000.0,1200.0,100.0,0.0,0.0,0.0,0.0,0.0,0.0,0.0,0.0,0,0,16.0,246,Ne,Ne,Ne,198.5,198.7,5.04,5.02,0.00,4.92,0.12,0,0,0.0,0.0,0,0,0.0,0.0,0,0,0.0,0.0,157624,4543,1103.5,44.0,0,0.0,
20.5.2026,12:44:43.870,33232,9926,76.9,19357,12538,60.6,0.7,1.179,1.185,1.175,1.175,1.175,1.180,1.180,1.180,1.180,5225.0,5225.0,5225.0,5225.0,5225.0,5225.0,5225.0,5225.0,5225.0,100.0,2581.9,4738.7,2983.8,2615.6,2069.3,3208.9,2883.9,2285.7,1673.6,3775.2,3031.0,2911.8,2520.6,2349.3,1119.8,2225.2,918.4,2581.9,45.6,77.5,55.0,45.9,35.7,58.8,52.6,39.9,28.4,70.2,55.1,53.3,44.0,41.2,19.0,38.4,15.0,77.5,45.6,52.9,88.0,63.1,53.4,42.0,68.0,61.1,46.5,33.6,80.1,63.9,61.6,51.4,47.8,22.5,44.8,18.1,52.9,52.2,52.2,52.2,52.2,52.2,52.2,52.2,52.2,52.2,0.0,71.2,90.6,68.1,78.3,61.4,87.4,73.5,57.3,52.8,28.8,9.4,31.9,21.7,38.6,12.6,26.5,42.7,47.2,0.0,0.0,0.0,0.0,0.0,0.0,0.0,0.0,0.0,3000.0,30.00,30,40,40,76,116,884,1,57.8,56.0,58.1,50.8,53.9,48.1,55.3,48.6,55.0,50.2,49.6,46.0,43.4,43.4,50.5,42.5,46.0,46.0,60.0,1.181,1.250,1.100,47.223,14.365,47.220,78.000,7.416,88.369,5.599,6.718,5.311,6.438,4.860,6.771,5.906,4.544,4.247,55.718,17.956,81.831,88.411,2000.0,3000.0,5230.2,5230.2,5250.0,54.6,39.4,43.3,54.6,59.0,Ne,Ne,Ne,6.129,3.570,5.7,31,58,47,26,1.181,5.040,3.392,3.328,12.192,1.101,1.243,3.408,3.280,3.328,1.056,1.056,1.048,1.350,1.814,0.912,3.344,0.064,0.048,0.048,0.048,1.016,1.016,1248,1002,2743,51.9,58.3,46,46,22513144,1.183,1.238,605616,38,14,7381042,86,17,6799531,182.6,1.9,42.8,1.335,1.365,1.815,1.800,0.990,5.040,2.250,Ne,Ne,Ne,40.5,1.335,1.365,1.815,1.800,0.990,5.040,1.375,Ne,Ne,Ne,63,78,99.0,100.0,Ne,Ne,30664,54292,100.0,9.6,100.0,58.023,2.010,85003,222348,52.0,62.0,70.0,1.022,1736,3057.0,2238.0,100.0,98.7,26.0,2.1,2.1,37.0,10927,918,32.0,346090,0.0,43.9,0.725,4.000,18.000,103.000,600.0,3000.0,1200.0,100.0,0.0,0.0,0.0,0.0,0.0,0.0,0.0,0.0,0,0,16.0,246,Ne,Ne,Ne,189.2,189.4,5.29,5.28,0.00,5.16,0.13,0,0,0.0,0.0,0,0,0.0,0.0,0,0,0.0,0.0,157626,4544,1005.5,41.8,0,0.0,
20.5.2026,12:44:45.870,33195,9964,76.9,19348,12547,60.6,0.7,1.183,1.170,1.185,1.185,1.185,1.185,1.185,1.185,1.185,5225.0,5225.0,5225.0,5225.0,5225.0,5225.0,5225.0,5225.0,5225.0,100.0,2571.1,4766.7,2886.3,2589.0,2130.2,3153.9,2863.6,2229.9,1745.1,3415.1,3320.2,2844.1,2584.8,2297.4,1158.9,2191.6,961.2,2571.1,46.0,80.3,53.3,46.4,37.4,57.8,52.5,39.3,30.3,63.2,61.5,52.1,46.0,40.6,20.1,38.3,16.4,80.3,46.0,53.0,90.9,61.1,53.8,43.5,66.8,60.7,45.6,35.4,72.4,70.4,60.2,53.4,47.0,23.5,44.5,19.4,53.0,52.2,52.2,52.2,52.2,52.2,52.2,52.2,52.2,52.2,0.0,70.9,91.1,68.0,77.1,61.7,86.0,73.0,57.0,53.3,29.1,8.9,32.0,22.9,38.3,14.0,27.0,43.0,46.7,0.0,0.0,0.0,0.0,0.0,0.0,0.0,0.0,0.0,3000.0,30.00,30,40,40,76,116,884,1,58.0,56.3,61.1,51.1,54.1,48.6,55.5,49.0,55.2,50.6,49.9,46.3,43.5,43.5,50.5,42.5,46.0,46.0,60.0,1.181,1.250,1.100,47.357,14.374,47.357,77.000,7.448,88.675,5.620,6.742,5.381,6.445,4.915,6.775,5.909,4.558,4.236,55.883,17.968,82.044,88.664,2000.0,3000.0,5230.4,5230.4,5250.0,54.7,39.5,42.8,54.7,59.3,Ne,Ne,Ne,6.436,3.712,5.7,31,58,47,26,1.172,5.040,3.408,3.328,12.288,1.101,1.243,3.408,3.280,3.328,1.056,1.056,1.048,1.350,1.814,0.912,3.344,0.064,0.048,0.048,0.048,1.016,1.016,1286,1028,2721,51.9,58.3,46,46,22513238,1.175,1.238,605619,44,14,7381118,52,17,6799607,182.6,1.9,42.8,1.335,1.365,1.815,1.800,1.005,5.040,0.625,Ne,Ne,Ne,40.5,1.335,1.365,1.815,1.800,1.005,5.040,0.375,Ne,Ne,Ne,63,78,99.0,100.0,Ne,Ne,30664,54292,25.9,0.2,26.1,40.561,2.332,85081,222353,52.0,62.0,70.0,1.024,1725,3059.0,2238.0,100.0,98.3,26.0,2.2,2.2,36.0,10927,902,32.0,346090,0.0,43.9,0.725,53.000,18.000,86.000,600.0,3000.0,1200.0,100.0,0.0,0.0,0.0,0.0,0.0,0.0,0.0,0.0,0,0,16.0,246,Ne,Ne,Ne,190.7,190.5,5.24,5.25,0.00,5.13,0.11,0,0,0.0,0.0,0,0,0.0,0.0,0,0,0.0,0.0,157628,4544,902.6,44.7,0,0.0,
20.5.2026,12:44:47.877,33216,9942,76.9,19368,12527,60.7,0.7,1.182,1.195,1.180,1.180,1.180,1.180,1.180,1.180,1.180,5225.0,5225.0,5225.0,5225.0,5225.0,5225.0,5225.0,5225.0,5225.0,100.0,2849.4,4833.9,3162.0,2818.5,2444.7,3141.3,3222.6,2448.3,2220.7,3430.5,3569.6,2999.2,2910.8,2315.5,1833.5,2350.4,1889.5,2849.4,50.7,79.7,58.1,50.1,43.1,57.1,58.8,43.1,38.5,62.8,65.6,54.7,52.1,40.7,31.6,41.6,33.2,79.7,50.7,58.9,90.8,66.9,58.5,50.6,66.5,68.2,50.5,45.3,72.7,75.7,63.5,60.8,47.5,37.2,48.5,38.9,58.9,52.2,52.2,52.2,52.2,52.2,52.2,52.2,52.2,52.2,0.0,75.6,92.4,71.8,80.6,67.2,87.5,76.6,63.5,65.2,24.4,7.6,28.2,19.4,32.8,12.5,23.4,36.5,34.8,0.0,0.0,0.0,0.0,0.0,0.0,0.0,0.0,0.0,3000.0,30.00,30,40,40,76,116,884,1,59.0,57.0,56.4,52.0,54.5,49.4,56.2,50.1,55.9,51.5,50.9,47.8,43.9,43.9,50.2,42.6,46.0,46.0,60.0,1.182,1.250,1.100,50.497,14.457,50.474,79.250,7.473,92.657,5.932,6.841,5.675,6.639,5.348,6.944,6.201,4.970,4.836,59.654,18.071,85.946,92.630,2000.0,3000.0,5229.8,5229.8,5250.0,57.2,42.1,44.0,57.2,60.0,Ne,Ne,Ne,7.581,4.571,6.0,31,59,47,26,1.190,5.040,3.408,3.328,12.192,1.101,1.243,3.408,3.280,3.328,1.056,1.056,1.048,1.350,1.814,0.912,3.344,0.064,0.048,0.048,0.048,1.016,1.016,1290,1014,2721,51.9,58.3,46,46,22513332,1.195,1.238,605621,71,14,7381206,30,17,6799693,182.6,1.9,42.8,1.335,1.365,1.815,1.800,1.005,5.040,1.375,Ne,Ne,Ne,40.8,1.335,1.365,1.815,1.800,1.005,5.040,1.250,Ne,Ne,Ne,63,78,99.0,100.0,Ne,Ne,30664,54292,61.9,0.2,62.0,35.666,1.826,85149,222356,52.0,62.0,69.0,1.045,1705,3130.0,2238.0,100.0,98.6,29.0,2.1,2.1,35.0,10927,902,32.0,346090,0.0,44.0,0.725,5.000,18.000,105.000,600.0,3000.0,1200.0,100.0,0.0,0.0,0.0,0.0,0.0,0.0,0.0,0.0,0,0,16.0,246,Ne,Ne,Ne,204.6,204.5,4.89,4.89,0.00,4.76,0.13,0,0,0.0,0.0,0,0,0.0,0.0,0,0,0.0,0.0,157630,4544,1106.1,47.2,0,0.0,
20.5.2026,12:44:49.877,33195,9964,76.9,19342,12553,60.6,0.7,1.182,1.170,1.175,1.185,1.185,1.185,1.185,1.185,1.185,5225.0,5225.0,5225.0,5225.0,5225.0,5225.0,5225.0,5225.0,5225.0,100.0,2964.2,4856.8,3266.7,2700.1,2966.3,3138.2,3346.0,2362.6,2646.9,3484.3,3586.3,2968.2,3035.9,1989.7,2520.0,2071.9,2487.2,2964.2,53.3,80.6,60.3,48.2,54.0,57.3,61.4,42.0,46.9,64.0,66.0,54.2,55.4,35.7,45.2,36.6,44.5,80.6,53.3,61.5,91.7,69.1,56.1,62.6,66.5,70.9,48.9,54.6,73.8,76.1,62.6,64.3,41.1,52.1,42.6,51.4,61.5,52.2,52.2,52.2,52.2,52.2,52.2,52.2,52.2,52.2,0.0,77.7,92.9,75.6,81.7,70.2,87.7,76.9,67.6,69.0,22.3,7.1,24.4,18.3,29.8,12.3,23.1,32.4,31.0,0.0,0.0,0.0,0.0,0.0,0.0,0.0,0.0,0.0,3000.0,30.00,30,40,40,76,116,884,1,59.2,57.6,57.6,53.1,55.2,50.6,56.9,51.3,56.6,52.5,52.3,49.0,44.8,44.8,50.2,42.7,46.0,46.0,60.0,1.183,1.250,1.100,52.463,14.576,52.475,81.750,7.464,95.198,6.078,6.890,5.938,6.688,5.575,6.906,6.282,5.271,5.074,62.044,18.220,88.475,95.265,2000.0,3000.0,5229.3,5229.3,5250.0,58.8,43.7,45.4,58.8,60.7,Ne,Ne,Ne,8.405,5.229,6.2,31,59,48,26,1.181,5.040,3.392,3.328,12.192,1.101,1.234,3.392,3.280,3.328,1.056,1.056,1.048,1.350,1.814,0.912,3.344,0.064,0.056,0.048,0.048,1.016,1.016,1295,1052,2743,51.9,58.3,46,46,22513426,1.167,1.238,605623,68,13,7381348,87,16,6799830,182.6,1.9,42.8,1.350,1.365,1.815,1.800,1.005,5.040,1.000,Ne,Ne,Ne,40.8,1.350,1.365,1.815,1.800,1.005,5.040,1.250,Ne,Ne,Ne,63,78,99.0,100.0,Ne,Ne,30664,54292,13.0,0.2,13.2,9.879,1.746,85168,222360,52.0,62.0,69.0,1.047,1688,3128.0,2238.0,99.0,98.1,28.0,2.3,2.3,35.0,10927,918,32.0,346090,0.0,44.2,0.725,45.000,18.000,78.000,600.0,3000.0,1200.0,100.0,0.0,0.0,0.0,0.0,0.0,0.0,0.0,0.0,0,0,16.0,246,Ne,Ne,Ne,219.2,219.2,4.56,4.55,0.00,4.45,0.11,0,0,0.0,0.0,0,0,0.0,0.0,0,0,0.0,0.0,157632,4544,1199.6,45.3,0,0.0,
20.5.2026,12:44:51.870,33257,9901,77.0,19395,12500,60.8,0.7,1.181,1.180,1.175,1.175,1.175,1.185,1.185,1.185,1.185,5225.0,5225.0,5225.0,5225.0,5225.0,5225.0,5225.0,5225.0,5225.0,100.0,2713.0,4807.9,3013.2,2388.1,2637.9,2938.9,3185.3,1948.0,2360.4,3411.2,3313.0,2788.1,2817.0,1528.5,2239.0,2009.5,2022.5,2713.0,48.5,80.6,55.2,42.0,46.9,53.8,58.5,34.2,41.5,62.9,61.0,50.0,51.1,26.7,39.7,36.7,35.6,80.6,48.5,56.0,91.5,63.4,49.1,54.3,62.2,67.5,39.9,48.3,72.3,70.3,58.0,59.1,31.2,45.9,42.0,41.3,56.0,52.2,52.2,52.2,52.2,52.2,52.2,52.2,52.2,52.2,0.0,72.9,91.9,68.9,77.8,63.4,85.2,72.5,59.3,64.5,27.1,8.1,31.1,22.2,36.6,14.8,27.5,40.7,35.5,0.0,0.0,0.0,0.0,0.0,0.0,0.0,0.0,0.0,3000.0,30.00,30,40,40,76,116,884,1,59.0,56.6,58.1,51.7,54.5,49.1,55.8,49.7,55.4,51.2,50.6,47.7,44.1,44.1,50.0,42.3,46.0,46.0,60.0,1.183,1.250,1.100,49.163,14.365,49.190,76.750,7.442,90.940,5.708,6.709,5.479,6.378,5.077,6.643,5.943,4.725,4.712,58.094,17.956,84.236,90.916,2000.0,3000.0,5230.6,5230.6,5250.0,56.1,41.0,42.6,56.1,59.6,Ne,Ne,Ne,6.639,4.130,5.8,31,58,48,26,1.172,5.040,3.408,3.328,12.192,1.101,1.243,3.408,3.280,3.328,1.056,1.056,1.048,1.359,1.814,0.912,3.344,0.064,0.048,0.048,0.048,1.016,1.016,1322,1047,2777,51.9,58.3,46,46,22513522,1.187,1.238,605626,43,14,7381484,41,17,6799961,182.6,1.9,42.8,1.350,1.365,1.815,1.800,1.005,5.040,1.750,Ne,Ne,Ne,40.8,1.350,1.365,1.815,1.800,1.005,5.040,0.875,Ne,Ne,Ne,63,78,99.0,100.0,Ne,Ne,30664,54292,82.6,1.3,83.8,59.809,2.719,85283,222365,52.0,62.0,69.0,1.052,1681,3126.0,2238.0,100.0,98.1,26.0,2.4,2.4,35.0,10927,1158,32.0,346090,0.0,44.1,0.725,54.000,18.000,87.000,600.0,3000.0,1200.0,100.0,0.0,0.0,0.0,0.0,0.0,0.0,0.0,0.0,0,0,16.0,246,Ne,Ne,Ne,214.2,214.3,4.67,4.67,0.00,4.56,0.11,0,0,0.0,0.0,0,0,0.0,0.0,0,0,0.0,0.0,157635,4544,1216.6,48.9,0,0.0,
20.5.2026,12:44:53.868,33542,9617,77.7,19714,12180,61.8,0.7,1.183,1.190,1.175,1.175,1.180,1.185,1.185,1.185,1.185,5225.0,5225.0,5225.0,5225.0,5225.0,5225.0,5225.0,5225.0,5225.0,100.0,2689.8,4750.4,3036.2,2415.6,2681.5,2888.4,3273.6,1888.7,2457.8,3337.7,3562.5,2704.8,2857.9,1455.1,2272.9,1304.6,2149.8,2689.8,48.1,79.2,55.9,42.9,48.0,52.9,60.3,33.2,43.7,61.6,66.2,48.4,52.0,25.5,40.3,21.9,37.4,79.2,48.1,55.3,89.7,63.9,49.7,55.4,61.0,69.4,38.6,50.4,70.6,75.6,56.0,60.0,29.5,46.4,25.9,43.5,55.3,52.2,52.2,52.2,52.2,52.2,52.2,52.2,52.2,52.2,0.0,72.8,90.8,71.6,78.3,65.3,87.3,73.5,59.7,55.7,27.2,9.2,28.4,21.7,34.7,12.7,26.5,40.3,44.3,0.0,0.0,0.0,0.0,0.0,0.0,0.0,0.0,0.0,3000.0,30.00,30,40,40,76,116,884,1,58.8,56.3,54.1,51.2,53.9,48.5,55.3,49.1,55.2,50.6,50.2,46.7,43.6,43.6,50.0,42.6,46.0,46.0,60.0,1.182,1.250,1.100,48.682,14.492,48.656,85.500,7.450,90.442,5.660,6.684,5.427,6.366,5.012,6.734,5.892,4.746,4.419,57.485,18.114,83.795,90.416,2000.0,3000.0,5231.1,5231.1,5250.0,55.8,40.5,47.5,55.8,59.2,Ne,Ne,Ne,7.155,4.888,5.8,31,58,47,26,1.172,5.040,3.408,3.328,12.288,1.101,1.243,3.408,3.280,3.328,1.056,1.056,1.048,1.359,1.814,0.912,3.344,0.064,0.048,0.048,0.048,1.016,1.016,1309,1056,2777,51.9,58.3,46,46,22513618,1.191,1.238,605628,44,14,7381570,87,19,6800046,182.6,1.9,42.8,1.350,1.365,1.800,1.800,1.005,5.040,0.750,Ne,Ne,Ne,40.8,1.350,1.365,1.815,1.800,1.005,5.040,1.750,Ne,Ne,Ne,63,78,99.0,100.0,Ne,Ne,30664,54292,100.0,0.5,100.0,138.826,1.386,85549,222367,52.0,62.0,68.0,1.066,1679,3148.0,2238.0,99.0,98.4,25.0,2.4,2.4,35.0,10927,1178,32.0,346090,0.0,44.2,0.725,42.000,18.000,74.000,600.0,3000.0,1200.0,100.0,0.0,0.0,0.0,0.0,0.0,0.0,0.0,0.0,0,0,16.0,246,Ne,Ne,Ne,219.2,219.2,4.56,4.55,0.00,4.45,0.11,0,0,0.0,0.0,0,0,0.0,0.0,0,0,0.0,0.0,157636,4544,721.1,29.9,0,0.0,
20.5.2026,12:44:55.871,33610,9549,77.8,19753,12142,61.9,0.7,1.177,1.185,1.185,1.175,1.175,1.175,1.175,1.175,1.175,5225.0,5225.0,5225.0,5225.0,5225.0,5225.0,5225.0,5225.0,5225.0,100.0,2703.4,4827.4,3108.4,2459.6,2574.3,2975.1,3337.3,1986.6,2313.6,3187.2,3786.2,2897.3,2766.1,1617.1,2060.0,1546.9,1811.5,2703.4,48.2,79.5,57.4,43.3,46.0,54.4,61.4,34.5,40.5,58.7,70.4,53.0,50.3,28.2,36.3,26.4,31.1,79.5,48.2,55.7,90.2,65.8,50.5,53.4,63.0,70.7,40.5,47.2,67.6,80.3,61.4,58.4,33.0,42.1,31.2,36.6,55.8,52.2,52.2,52.2,52.2,52.2,52.2,52.2,52.2,52.2,0.0,73.3,92.3,71.0,80.2,64.6,87.9,74.5,60.4,55.8,26.7,7.7,29.0,19.8,35.4,12.1,25.5,39.6,44.2,0.0,0.0,0.0,0.0,0.0,0.0,0.0,0.0,0.0,3000.0,30.00,30,40,40,76,116,884,1,58.8,56.9,58.5,51.8,54.5,49.4,56.0,49.8,55.8,51.3,50.5,47.1,43.9,43.9,50.8,42.8,46.0,46.0,60.0,1.183,1.250,1.100,49.317,14.579,49.320,79.750,7.448,91.356,5.781,6.807,5.599,6.551,5.150,6.865,6.064,4.760,4.451,58.256,18.224,84.673,91.376,2000.0,3000.0,5230.4,5230.4,5250.0,56.4,41.1,44.3,56.4,59.9,Ne,Ne,Ne,8.212,4.854,5.9,31,58,48,26,1.172,5.040,3.392,3.328,12.192,1.101,1.243,3.408,3.280,3.328,1.056,1.056,1.048,1.350,1.814,0.912,3.344,0.064,0.056,0.048,0.048,1.016,1.016,1311,1050,2772,51.9,58.3,46,46,22513712,1.179,1.238,605630,23,14,7381658,32,18,6800133,182.6,1.9,42.8,1.350,1.365,1.815,1.800,1.005,5.040,1.250,Ne,Ne,Ne,40.8,1.350,1.365,1.815,1.800,1.005,5.040,2.625,Ne,Ne,Ne,63,78,99.0,100.0,Ne,Ne,30664,54293,72.9,0.1,73.0,48.977,0.929,85643,222369,52.0,62.0,69.0,1.039,1679,3114.0,2238.0,99.0,98.5,26.0,2.1,2.1,35.0,10927,1178,32.0,346090,0.0,44.3,0.725,50.000,18.000,84.000,600.0,3000.0,1200.0,100.0,0.0,0.0,0.0,0.0,0.0,0.0,0.0,0.0,0,0,16.0,246,Ne,Ne,Ne,182.4,181.8,5.48,5.48,0.00,5.37,0.12,0,0,0.0,0.0,0,0,0.0,0.0,0,0,0.0,0.0,157637,4544,568.7,34.1,0,0.0,
20.5.2026,12:44:57.873,33654,9505,77.9,19773,12121,61.9,0.7,1.183,1.190,1.185,1.180,1.180,1.180,1.180,1.185,1.185,5225.0,5225.0,5225.0,5225.0,5225.0,5225.0,5225.0,5225.0,5225.0,100.0,2802.1,4842.3,3256.0,2740.5,2432.7,3250.1,3268.7,2466.9,2083.0,3803.9,3376.3,3078.8,2857.3,2374.7,1508.6,2222.2,1271.2,2802.1,50.3,80.7,60.5,48.9,43.5,59.9,60.2,43.6,36.6,70.8,62.4,56.2,52.2,41.6,26.2,38.8,21.8,80.7,50.3,57.8,91.5,69.0,56.6,50.2,68.9,69.2,50.3,42.4,80.7,71.6,64.8,60.2,48.1,30.5,44.9,25.5,57.8,52.2,52.2,52.2,52.2,52.2,52.2,52.2,52.2,52.2,0.0,74.9,92.6,71.6,81.1,68.1,88.6,76.2,62.8,58.5,25.0,7.4,28.4,18.9,31.9,11.4,23.8,36.9,41.3,0.1,0.0,0.0,0.0,0.0,0.0,0.0,0.3,0.2,3000.0,30.00,30,40,40,76,116,884,1,58.8,56.9,59.0,52.0,54.7,49.5,56.1,50.1,55.8,51.5,50.8,47.4,44.0,44.0,50.8,42.7,46.0,46.0,60.0,1.183,1.250,1.100,49.785,14.685,49.755,82.000,7.448,92.179,5.861,6.883,5.654,6.593,5.262,6.867,6.192,4.875,4.564,58.819,18.357,85.368,92.158,2000.0,3000.0,5230.1,5230.1,5250.0,56.9,41.5,45.6,56.9,59.9,Ne,Ne,Ne,9.578,6.349,6.0,31,58,47,26,1.190,5.040,3.408,3.328,12.192,1.101,1.243,3.408,3.280,3.328,1.056,1.056,1.048,1.350,1.814,0.912,3.344,0.064,0.056,0.048,0.048,1.016,1.016,1279,1021,2772,51.9,58.3,46,46,22513806,1.167,1.238,605633,61,14,7381704,66,17,6800181,182.6,1.9,42.8,1.350,1.365,1.815,1.800,1.005,5.040,1.875,Ne,Ne,Ne,40.8,1.350,1.365,1.815,1.800,1.005,5.040,0.750,Ne,Ne,Ne,63,78,99.0,100.0,Ne,Ne,30664,54293,100.0,5.8,100.0,52.871,1.549,85744,222372,52.0,62.0,69.0,1.043,1679,3114.0,2238.0,100.0,97.4,28.0,2.3,2.3,35.0,10927,1162,32.0,346090,0.0,44.2,0.725,53.000,17.000,85.000,600.0,3000.0,1200.0,100.0,0.0,0.0,0.0,0.0,0.0,0.0,0.0,0.0,0,0,16.0,246,Ne,Ne,Ne,197.7,197.6,5.06,5.03,0.00,4.93,0.13,0,0,0.0,0.0,0,0,0.0,0.0,0,0,0.0,0.0,157638,4544,529.1,38.2,0,0.0,
20.5.2026,12:44:59.870,33547,9611,77.7,19738,12157,61.8,0.7,1.193,1.180,1.195,1.195,1.195,1.195,1.195,1.195,1.195,5225.0,5225.0,5225.0,5225.0,5225.0,5225.0,5225.0,5225.0,5225.0,100.0,2877.2,4861.2,3417.1,2865.7,2527.9,3400.8,3247.0,2628.2,2076.9,3836.5,3468.4,3131.1,2929.3,2648.4,1420.5,2499.5,1076.7,2877.2,51.8,79.6,63.6,51.8,45.1,62.7,59.9,47.1,36.6,71.4,64.2,57.6,53.8,48.1,25.1,44.0,18.5,79.6,51.8,59.6,90.4,72.4,60.0,52.0,72.1,68.8,54.4,42.5,81.4,73.6,66.4,61.8,55.4,29.1,50.9,21.7,59.6,52.2,52.2,52.2,52.2,52.2,52.2,52.2,52.2,52.2,0.0,77.1,93.0,75.2,83.4,70.7,89.9,79.2,66.0,59.9,22.9,7.0,24.8,16.6,29.3,10.1,20.8,34.0,40.1,0.0,0.0,0.0,0.0,0.0,0.0,0.0,0.0,0.0,3000.0,30.00,30,40,40,76,116,884,1,59.5,58.1,59.4,53.0,55.7,50.5,57.4,51.1,57.1,52.6,52.0,48.1,44.7,44.7,51.2,43.1,46.0,46.0,60.0,1.183,1.250,1.100,51.958,14.692,51.964,78.250,7.439,94.768,6.086,7.067,5.909,6.868,5.476,7.147,6.401,5.110,4.713,61.411,18.365,87.958,94.786,2000.0,3000.0,5229.3,5229.3,5250.0,58.5,43.3,43.5,58.5,61.1,Ne,Ne,Ne,9.600,5.958,6.2,31,59,48,26,1.181,5.040,3.408,3.328,12.288,1.101,1.243,3.408,3.280,3.328,1.056,1.056,1.048,1.350,1.814,0.912,3.344,0.064,0.048,0.048,0.048,1.016,1.016,1315,1058,2721,51.9,58.3,46,46,22513900,1.179,1.238,605635,48,14,7381826,48,18,6800299,182.6,1.9,43.0,1.350,1.365,1.815,1.800,1.005,5.040,1.250,Ne,Ne,Ne,40.8,1.350,1.365,1.815,1.800,1.005,5.110,1.000,Ne,Ne,Ne,62,78,99.0,100.0,Ne,Ne,30664,54293,46.3,0.1,46.4,51.141,0.864,85842,222374,52.0,62.0,69.0,1.056,1678,3139.0,2238.0,100.0,98.8,27.0,2.2,2.2,35.0,10927,1162,32.0,346090,0.0,44.4,0.725,5.000,18.000,103.000,600.0,3000.0,1200.0,100.0,0.0,0.0,0.0,0.0,0.0,0.0,0.0,0.0,0,0,16.0,246,Ne,Ne,Ne,213.9,213.5,4.68,4.68,0.00,4.55,0.13,0,0,0.0,0.0,0,0,0.0,0.0,0,0,0.0,0.0,157639,4544,486.9,30.3,0,0.0,
20.5.2026,12:45:1.873,33587,9571,77.8,19736,12159,61.8,0.7,1.179,1.185,1.185,1.185,1.185,1.185,1.170,1.170,1.170,5225.0,5225.0,5225.0,5225.0,5225.0,5225.0,5225.0,5225.0,5225.0,100.0,2807.6,4814.3,3257.3,2613.5,2659.1,2949.1,3503.9,2321.3,2280.4,3144.7,3992.1,2835.2,3065.1,2345.8,1584.4,2299.6,1255.9,2807.6,50.0,77.8,60.3,46.1,47.8,53.6,64.8,40.1,40.3,57.5,74.4,51.0,56.4,41.4,27.8,39.7,21.2,77.8,50.0,57.8,88.7,69.0,53.9,55.2,62.4,74.3,47.1,46.8,66.6,84.7,59.3,64.9,48.2,32.4,46.4,25.3,57.8,52.2,52.2,52.2,52.2,52.2,52.2,52.2,52.2,52.2,0.0,75.3,92.1,73.3,82.1,67.8,89.7,77.5,62.5,57.8,24.7,7.9,26.7,17.9,32.2,10.3,22.5,37.5,42.2,0.0,0.0,0.0,0.0,0.0,0.0,0.0,0.0,0.0,3000.0,30.00,30,40,40,76,116,884,1,59.6,57.8,58.1,52.8,55.4,50.2,56.9,50.8,56.9,52.4,51.7,48.0,44.7,44.7,50.5,42.6,46.0,46.0,60.0,1.184,1.250,1.100,50.536,14.627,50.559,76.750,7.424,92.997,5.954,6.950,5.757,6.668,5.336,7.043,6.330,4.946,4.600,59.757,18.284,86.208,93.023,2000.0,3000.0,5229.4,5229.4,5250.0,57.4,42.1,42.6,57.4,60.9,Ne,Ne,Ne,8.894,5.394,6.0,31,59,48,26,1.181,5.040,3.408,3.328,12.192,1.101,1.243,3.408,3.280,3.328,1.056,1.056,1.048,1.350,1.814,0.912,3.344,0.064,0.048,0.048,0.048,1.016,1.016,1303,1084,2772,51.9,58.3,46,46,22513996,1.183,1.238,605637,31,14,7381922,43,17,6800393,182.6,1.9,43.0,1.350,1.365,1.815,1.800,1.005,5.110,1.625,Ne,Ne,Ne,40.8,1.350,1.365,1.815,1.800,1.005,5.110,0.750,Ne,Ne,Ne,62,78,99.0,100.0,Ne,Ne,30664,54293,29.6,0.2,29.8,39.157,1.984,85917,222378,52.0,62.0,68.0,1.039,1658,3112.0,2238.0,100.0,98.3,28.0,2.1,2.1,34.0,10927,1178,32.0,346090,0.0,44.4,0.725,64.000,18.000,98.000,600.0,3000.0,1200.0,100.0,0.0,0.0,0.0,0.0,0.0,0.0,0.0,0.0,0,0,16.0,246,Ne,Ne,Ne,185.0,185.1,5.40,5.40,0.00,5.28,0.13,0,0,0.0,0.0,0,0,0.0,0.0,0,0,0.0,0.0,157640,4544,662.0,45.0,0,0.0,
20.5.2026,12:45:3.871,33578,9581,77.8,19745,12150,61.9,0.7,1.189,1.195,1.180,1.180,1.180,1.195,1.195,1.195,1.195,5225.0,5225.0,5225.0,5225.0,5225.0,5225.0,5225.0,5225.0,5225.0,100.0,2779.6,4821.2,3329.7,2482.1,2689.9,2950.6,3555.7,2058.3,2319.9,3067.5,4101.1,2750.2,3112.7,2096.0,1754.0,1960.4,1424.9,2779.6,49.7,77.2,62.0,43.7,48.5,54.0,66.0,36.1,41.1,56.4,76.9,49.2,57.4,37.1,31.2,34.3,24.8,77.2,49.7,57.1,87.6,70.5,50.7,55.7,62.4,75.4,41.9,47.5,65.0,87.1,57.0,65.9,42.8,35.9,39.8,28.8,57.1,52.2,52.2,52.2,52.2,52.2,52.2,52.2,52.2,52.2,0.0,74.7,92.2,72.7,82.3,65.9,89.6,76.6,62.2,56.4,25.3,7.8,27.3,17.7,34.1,10.4,23.4,37.8,43.6,0.0,0.0,0.0,0.0,0.0,0.0,0.0,0.0,0.0,3000.0,30.00,30,40,40,76,116,884,1,59.9,57.8,62.9,52.5,55.2,49.9,56.8,50.4,56.8,51.9,51.3,47.7,44.5,44.5,50.5,42.8,46.0,46.0,60.0,1.183,1.250,1.100,50.094,14.683,50.097,78.500,7.430,92.477,5.883,6.920,5.673,6.680,5.188,7.046,6.194,4.865,4.501,59.189,18.354,85.716,92.505,2000.0,3000.0,5229.4,5229.4,5250.0,57.1,41.7,43.6,57.1,60.8,Ne,Ne,Ne,8.902,5.556,6.0,31,59,48,26,1.181,5.040,3.408,3.328,12.192,1.101,1.243,3.408,3.280,3.328,1.056,1.056,1.048,1.350,1.814,0.912,3.344,0.064,0.048,0.048,0.048,1.016,1.016,1303,1084,2772,51.9,58.3,46,46,22514092,1.179,1.238,605640,31,14,7381922,43,17,6800393,182.6,1.9,43.0,1.350,1.365,1.815,1.800,1.005,5.110,1.125,Ne,Ne,Ne,41.0,1.350,1.365,1.815,1.800,1.005,5.110,0.750,Ne,Ne,Ne,62,78,99.0,100.0,Ne,Ne,30664,54293,100.0,9.8,100.0,50.884,2.238,86014,222382,52.0,62.0,68.0,1.039,1658,3112.0,2238.0,100.0,98.3,28.0,2.1,2.1,34.0,10927,1178,32.0,346090,0.0,44.4,0.725,12.000,18.000,110.000,600.0,3000.0,1200.0,100.0,0.0,0.0,0.0,0.0,0.0,0.0,0.0,0.0,0,0,16.0,246,Ne,Ne,Ne,187.8,187.4,5.33,5.33,0.00,5.20,0.13,0,0,0.0,0.0,0,0,0.0,0.0,0,0,0.0,0.0,157642,4544,930.5,46.3,0,0.0,
20.5.2026,12:45:5.869,33525,9634,77.6,19755,12139,61.9,0.7,1.184,1.175,1.185,1.185,1.185,1.185,1.185,1.185,1.185,5225.0,5225.0,5225.0,5225.0,5225.0,5225.0,5225.0,5225.0,5225.0,100.0,2787.5,4841.5,3334.5,2386.3,2838.7,3019.7,3423.8,1939.8,2480.7,3595.5,3447.3,2738.8,3156.7,1646.2,2327.9,1425.1,1996.7,2787.5,49.6,77.3,61.7,42.2,51.6,55.2,63.0,33.2,43.6,66.5,63.9,49.5,58.3,28.2,41.5,24.3,34.3,77.3,49.6,57.3,87.9,70.6,49.3,59.6,64.0,72.6,39.2,50.8,76.3,73.1,57.2,66.9,33.3,47.7,28.5,40.3,57.3,52.2,52.2,52.2,52.2,52.2,52.2,52.2,52.2,52.2,0.0,74.7,92.6,72.6,81.6,66.0,88.5,77.1,63.4,56.3,25.3,7.4,27.4,18.4,34.0,11.5,22.9,36.6,43.7,0.0,0.0,0.0,0.0,0.0,0.0,0.0,0.0,0.0,3000.0,30.00,30,40,40,76,116,884,1,59.6,57.3,62.5,52.2,54.9,49.8,56.3,50.1,56.2,51.9,51.1,47.5,44.3,44.3,50.2,42.6,46.0,46.0,60.0,1.183,1.250,1.100,49.549,14.507,49.537,78.500,7.457,91.537,5.841,6.824,5.683,6.567,5.160,6.884,6.227,4.861,4.520,58.565,18.134,84.901,91.552,2000.0,3000.0,5229.7,5229.7,5250.0,56.5,41.3,43.6,56.5,60.3,Ne,Ne,Ne,7.268,4.241,6.0,31,59,48,26,1.172,5.040,3.408,3.328,12.192,1.101,1.243,3.408,3.280,3.328,1.056,1.056,1.048,1.350,1.814,0.912,3.344,0.064,0.048,0.048,0.048,1.016,1.016,1322,1068,2721,51.9,58.3,46,46,22514188,1.183,1.238,605642,37,14,7382102,55,18,6800570,182.6,1.9,43.0,1.350,1.365,1.800,1.800,1.005,5.110,0.750,Ne,Ne,Ne,41.0,1.350,1.365,1.815,1.800,1.005,5.110,0.625,Ne,Ne,Ne,62,78,99.0,100.0,Ne,Ne,30664,54293,0.3,0.1,0.4,3.646,1.197,86021,222384,52.0,62.0,69.0,1.059,1604,3144.0,2238.0,99.0,98.5,26.0,2.1,2.1,33.0,10927,1178,32.0,346090,0.0,44.3,0.725,25.000,17.000,57.000,600.0,3000.0,1200.0,100.0,0.0,0.0,0.0,0.0,0.0,0.0,0.0,0.0,0,0,16.0,246,Ne,Ne,Ne,204.8,204.5,4.88,4.89,0.00,4.77,0.11,0,0,0.0,0.0,0,0,0.0,0.0,0,0,0.0,0.0,157645,4544,1327.1,50.6,0,0.0,
20.5.2026,12:45:7.869,33510,9648,77.6,19732,12163,61.8,0.7,1.183,1.175,1.170,1.170,1.190,1.190,1.190,1.190,1.190,5225.0,5225.0,5225.0,5225.0,5225.0,5225.0,5225.0,5225.0,5225.0,100.0,2733.2,4850.6,3240.1,2291.6,2745.8,3123.7,3329.0,1773.6,2450.8,3818.0,3282.9,2848.0,2928.6,1445.0,2309.0,1134.1,2160.5,2733.2,49.3,80.0,60.4,41.1,49.8,57.8,61.7,31.6,43.8,71.5,60.4,52.2,53.7,25.8,40.9,19.4,38.4,80.0,49.3,56.4,90.4,68.6,47.2,57.1,66.1,70.6,36.2,50.2,81.1,69.5,60.1,61.9,29.5,47.2,22.9,44.0,56.4,52.2,52.2,52.2,52.2,52.2,52.2,52.2,52.2,52.2,0.0,74.0,92.8,71.3,80.9,64.8,88.8,76.0,61.5,55.9,26.0,7.2,28.7,19.1,35.2,11.2,24.0,38.5,44.1,0.0,0.0,0.0,0.0,0.0,0.0,0.0,0.0,0.0,3000.0,30.00,30,40,40,76,116,884,1,59.5,57.3,61.1,52.1,55.0,49.5,56.5,49.9,56.2,51.5,51.0,47.2,44.2,44.2,50.0,42.7,46.0,46.0,60.0,1.182,1.250,1.100,49.565,14.717,49.577,80.750,7.438,91.881,5.839,6.921,5.655,6.624,5.134,6.941,6.098,4.849,4.488,58.548,18.396,85.127,91.881,2000.0,3000.0,5230.1,5230.1,5250.0,56.7,41.3,44.9,56.7,60.3,Ne,Ne,Ne,9.158,5.142,5.9,31,59,48,26,1.172,5.040,3.408,3.328,12.192,1.101,1.243,3.408,3.280,3.328,1.056,1.056,1.048,1.359,1.814,0.912,3.344,0.064,0.056,0.048,0.048,1.016,1.016,1304,1069,2772,51.9,58.3,46,46,22514284,1.175,1.238,605645,44,14,7382176,54,17,6800644,182.6,1.9,43.0,1.350,1.365,1.815,1.800,1.005,5.110,1.250,Ne,Ne,Ne,41.0,1.350,1.365,1.815,1.815,1.005,5.110,0.875,Ne,Ne,Ne,62,78,99.0,100.0,Ne,Ne,30664,54293,100.0,0.1,100.0,50.653,1.619,86118,222387,51.0,62.0,67.0,1.044,1592,3132.0,2238.0,100.0,97.5,26.0,2.4,2.4,33.0,10927,1162,32.0,346090,0.0,44.4,0.725,3.000,18.000,102.000,600.0,3000.0,1200.0,100.0,0.0,0.0,0.0,0.0,0.0,0.0,0.0,0.0,0,0,16.0,246,Ne,Ne,Ne,207.1,208.1,4.83,4.79,0.00,4.71,0.12,0,0,0.0,0.0,0,0,0.0,0.0,0,0,0.0,0.0,157646,4545,790.9,32.1,0,0.0,
20.5.2026,12:45:9.870,33575,9584,77.7,19755,12140,61.9,0.7,1.179,1.175,1.180,1.180,1.180,1.180,1.180,1.180,1.180,5225.0,5225.0,5225.0,5225.0,5225.0,5225.0,5225.0,5225.0,5225.0,100.0,2649.3,4781.9,3114.9,2252.7,2531.9,2809.2,3332.3,1800.7,2360.9,3231.5,3644.1,2711.5,2878.9,1426.5,2225.5,1200.3,2086.3,2649.3,46.8,77.8,57.3,39.2,44.8,50.9,60.9,30.7,41.2,58.8,67.4,49.0,52.3,24.2,39.0,19.6,35.7,77.8,46.8,54.5,88.5,65.9,46.2,52.4,59.5,70.6,36.5,48.3,68.1,77.3,57.1,61.0,28.9,45.5,23.9,42.2,54.5,52.2,52.2,52.2,52.2,52.2,52.2,52.2,52.2,52.2,0.0,72.1,91.4,68.0,78.5,63.6,87.2,73.9,59.8,54.7,27.9,8.6,32.0,21.5,36.4,12.8,26.1,40.2,45.3,0.0,0.0,0.0,0.0,0.0,0.0,0.0,0.0,0.0,3000.0,30.00,30,40,40,76,116,884,1,59.2,57.1,58.5,51.9,54.9,49.1,56.2,49.8,56.1,51.4,50.9,47.2,44.3,44.3,50.8,42.9,46.0,46.0,60.0,1.183,1.250,1.100,49.139,14.553,49.126,79.500,7.425,91.061,5.713,6.821,5.394,6.460,5.048,6.830,6.027,4.724,4.397,58.061,18.191,84.420,91.069,2000.0,3000.0,5230.9,5230.9,5250.0,56.2,40.9,44.2,56.2,60.1,Ne,Ne,Ne,7.639,4.366,5.8,31,59,48,26,1.172,5.040,3.408,3.328,12.288,1.101,1.243,3.408,3.280,3.328,1.056,1.056,1.048,1.359,1.814,0.912,3.344,0.064,0.048,0.048,0.048,1.016,1.016,1305,1050,2721,51.9,58.3,46,46,22514380,1.171,1.238,605647,26,14,7382264,53,18,6800730,182.6,1.9,43.0,1.350,1.365,1.815,1.815,0.990,5.110,0.875,Ne,Ne,Ne,41.0,1.350,1.365,1.815,1.815,1.005,5.110,1.875,Ne,Ne,Ne,62,78,99.0,100.0,Ne,Ne,30664,54293,100.0,3.5,100.0,62.788,2.107,86239,222391,52.0,62.0,69.0,1.036,1590,3102.0,2238.0,100.0,98.4,27.0,2.3,2.3,33.0,10927,1162,32.0,346090,0.0,44.4,0.725,50.000,18.000,83.000,600.0,3000.0,1200.0,100.0,0.0,0.0,0.0,0.0,0.0,0.0,0.0,0.0,0,0,16.0,246,Ne,Ne,Ne,190.6,190.5,5.25,5.18,0.00,5.13,0.11,0,0,0.0,0.0,0,0,0.0,0.0,0,0,0.0,0.0,157648,4545,1010.3,60.7,0,0.0,
20.5.2026,12:45:11.867,33572,9587,77.7,19772,12122,61.9,0.7,1.185,1.180,1.185,1.185,1.185,1.185,1.185,1.185,1.190,5225.0,5225.0,5225.0,5225.0,5225.0,5225.0,5225.0,5225.0,5225.0,100.0,2366.4,4746.9,2804.4,2103.6,2169.8,2573.9,2878.7,1616.0,1867.0,3205.9,3124.6,2561.0,2453.0,1414.3,1672.8,1145.9,1524.6,2366.4,42.4,79.3,51.7,37.4,39.0,46.5,53.2,28.4,33.0,59.4,58.1,46.1,43.6,25.1,29.8,20.0,26.9,79.3,42.4,48.4,89.3,58.8,42.9,44.7,53.5,61.0,32.6,37.8,67.6,66.3,52.9,50.3,28.6,33.9,22.9,30.7,48.4,52.2,52.2,52.2,52.2,52.2,52.2,52.2,52.2,52.2,0.0,65.5,90.7,61.5,70.0,54.7,81.5,66.0,52.6,46.9,34.5,9.3,38.5,30.0,45.3,18.5,34.0,47.4,53.1,0.0,0.0,0.0,0.0,0.0,0.0,0.0,0.0,0.0,3000.0,30.00,30,40,40,76,116,884,1,58.5,55.3,58.5,49.7,53.7,47.1,53.7,47.3,53.3,48.8,48.5,45.1,43.0,43.0,50.8,42.7,46.0,46.0,60.0,1.182,1.250,1.100,43.486,14.488,43.501,78.750,7.404,84.084,5.128,6.602,4.825,5.827,4.337,6.175,5.304,4.146,3.807,51.295,18.110,77.550,84.109,2000.0,3000.0,5232.7,5232.7,5250.0,51.9,36.3,43.8,51.9,58.2,Ne,Ne,Ne,6.737,3.091,5.2,31,58,47,26,1.190,5.040,3.408,3.328,12.192,1.101,1.243,3.408,3.280,3.328,1.056,1.056,1.048,1.359,1.814,0.912,3.344,0.064,0.048,0.048,0.048,1.016,1.016,1308,1057,2721,51.9,58.3,46,46,22514476,1.191,1.238,605649,40,14,7382316,29,18,6800784,182.6,1.9,43.0,1.350,1.365,1.815,1.815,1.005,5.040,1.500,Ne,Ne,Ne,41.0,1.350,1.365,1.815,1.815,1.005,5.040,1.250,Ne,Ne,Ne,62,78,99.0,100.0,Ne,Ne,30664,54293,100.0,0.2,100.0,35.100,1.477,86306,222394,52.0,62.0,68.0,1.057,1583,3148.0,2238.0,100.0,97.2,27.0,2.2,2.2,32.0,10927,1178,32.0,346090,0.0,44.4,0.725,12.000,18.000,111.000,600.0,3000.0,1200.0,100.0,0.0,0.0,0.0,0.0,0.0,0.0,0.0,0.0,0,0,16.0,246,Ne,Ne,Ne,194.5,197.0,5.14,5.05,0.66,5.04,0.11,0,0,0.0,0.0,0,0,0.0,0.0,0,0,0.0,0.0,157651,4545,1116.3,47.6,0,0.0,
20.5.2026,12:45:13.869,33553,9605,77.7,19787,12108,62.0,0.7,1.181,1.185,1.180,1.180,1.180,1.180,1.180,1.180,1.180,5225.0,5225.0,5225.0,5225.0,5225.0,5225.0,5225.0,5225.0,5225.0,100.0,2860.5,4867.4,3255.2,2724.3,2691.5,3211.9,3463.2,2337.5,2324.3,3762.7,3498.3,3134.1,2931.0,2326.3,1666.0,2054.6,1519.5,2860.5,51.1,80.6,60.2,48.3,47.7,59.2,63.9,41.1,40.7,69.8,64.6,57.3,53.0,40.7,28.8,35.3,25.9,80.6,51.1,59.0,91.5,68.9,56.1,55.4,68.1,73.4,47.9,47.4,79.8,74.2,66.1,61.4,47.4,33.9,41.5,30.6,59.0,52.2,52.2,52.2,52.2,52.2,52.2,52.2,52.2,52.2,0.0,77.0,93.1,75.6,84.2,69.8,90.8,79.6,64.2,58.8,22.9,6.9,24.4,15.8,30.2,9.2,20.4,35.8,40.8,0.1,0.0,0.0,0.0,0.0,0.0,0.0,0.0,0.4,3000.0,30.00,30,40,40,76,116,884,1,59.8,58.1,57.6,52.7,55.4,50.2,57.0,50.8,56.8,52.2,51.2,47.8,44.3,44.3,51.2,43.2,46.0,46.0,60.0,1.183,1.250,1.100,51.253,14.680,51.240,77.500,7.428,93.908,6.031,7.070,5.842,6.826,5.405,7.173,6.342,4.946,4.643,60.585,18.350,87.105,93.887,2000.0,3000.0,5230.0,5230.0,5250.0,58.0,42.7,43.1,58.0,61.1,Ne,Ne,Ne,9.300,5.662,6.2,31,59,48,26,1.181,5.040,3.408,3.328,12.192,1.101,1.234,3.392,3.280,3.328,1.056,1.056,1.048,1.350,1.814,0.912,3.344,0.064,0.048,0.048,0.048,1.016,1.016,1313,1068,2772,51.9,58.3,46,46,22514570,1.167,1.238,605652,59,14,7382396,68,17,6800864,182.6,1.9,43.0,1.365,1.365,1.815,1.815,1.005,5.040,1.125,Ne,Ne,Ne,41.0,1.350,1.365,1.815,1.815,1.005,5.040,0.875,Ne,Ne,Ne,62,78,99.0,100.0,Ne,Ne,30664,54293,14.8,0.4,15.2,18.078,1.313,86340,222397,52.0,62.0,67.0,1.066,1566,3148.0,2238.0,100.0,98.0,23.0,2.0,2.0,31.0,10927,1178,32.0,346090,0.0,44.4,0.725,63.000,18.000,96.000,600.0,3000.0,1200.0,100.0,0.0,0.0,0.0,0.0,0.0,0.0,0.0,0.0,0,0,16.0,246,Ne,Ne,Ne,200.6,200.2,4.98,4.98,0.00,4.85,0.13,0,0,0.0,0.0,0,0,0.0,0.0,0,0,0.0,0.0,157653,4545,1074.2,43.6,0,0.0,
20.5.2026,12:45:15.871,33528,9631,77.6,19778,12116,62.0,0.7,1.179,1.185,1.175,1.175,1.180,1.180,1.180,1.180,1.180,5225.0,5225.0,5225.0,5225.0,5225.0,5225.0,5225.0,5225.0,5225.0,100.0,2728.4,4863.7,3002.1,2689.4,2365.2,3061.0,3411.0,2400.4,1933.1,3540.0,3522.4,2944.9,2845.0,2505.9,1213.9,2324.8,1031.8,2728.4,49.2,84.1,55.7,47.8,41.9,56.4,63.0,42.6,34.0,65.6,65.4,54.0,52.2,44.5,21.1,40.9,17.7,84.1,49.2,56.5,95.0,63.6,55.1,48.4,64.9,72.3,49.2,39.4,75.1,74.7,62.2,60.1,51.3,24.6,47.3,20.7,56.5,52.2,52.2,52.2,52.2,52.2,52.2,52.2,52.2,52.2,0.0,74.6,93.0,72.1,81.4,66.3,88.6,76.4,61.7,57.2,25.4,7.0,27.9,18.6,33.7,11.4,23.6,38.3,42.8,0.0,0.0,0.0,0.0,0.0,0.0,0.0,0.0,0.0,3000.0,30.00,30,40,40,76,116,884,1,59.8,57.7,55.5,52.6,55.4,50.0,56.9,50.5,56.5,52.3,51.2,47.8,44.5,44.5,50.8,42.8,46.0,46.0,60.0,1.183,1.250,1.100,49.563,14.582,49.577,79.000,7.434,91.697,5.863,6.971,5.631,6.689,5.165,6.910,6.242,4.815,4.481,58.587,18.227,84.991,91.720,2000.0,3000.0,5229.9,5229.9,5250.0,56.6,41.3,43.9,56.6,60.7,Ne,Ne,Ne,8.311,4.863,6.0,31,59,49,26,1.172,5.040,3.408,3.328,12.288,1.101,1.243,3.408,3.280,3.328,1.056,1.056,1.048,1.350,1.814,0.912,3.344,0.064,0.056,0.048,0.048,1.016,1.016,1318,1068,2721,51.9,58.3,46,46,22514666,1.167,1.238,605654,44,15,7382514,33,18,6800978,182.6,1.9,43.0,1.350,1.365,1.815,1.815,1.005,5.040,0.625,Ne,Ne,Ne,41.0,1.350,1.365,1.815,1.815,1.005,5.040,1.125,Ne,Ne,Ne,62,78,99.0,100.0,Ne,Ne,30664,54293,2.3,0.4,2.6,0.568,1.433,86342,222399,52.0,62.0,68.0,1.042,1528,3120.0,2238.0,100.0,98.1,26.0,2.2,2.2,29.0,10927,1162,32.0,346090,0.0,44.6,0.725,52.000,18.000,106.000,600.0,3000.0,1200.0,100.0,0.0,0.0,0.0,0.0,0.0,0.0,0.0,0.0,0,0,16.0,246,Ne,Ne,Ne,179.3,179.5,5.58,5.54,0.00,5.47,0.11,0,0,0.0,0.0,0,0,0.0,0.0,0,0,0.0,0.0,157654,4545,635.4,29.8,0,0.0,
20.5.2026,12:45:17.867,33619,9540,77.8,19813,12082,62.1,0.7,1.178,1.185,1.175,1.190,1.175,1.175,1.175,1.175,1.175,5225.0,5225.0,5225.0,5225.0,5225.0,5225.0,5225.0,5225.0,5225.0,100.0,2618.9,4802.6,3008.1,2416.6,2347.6,2908.8,3314.1,2162.4,1820.2,3038.1,3869.6,2675.9,2875.1,2309.5,1190.7,2257.2,905.3,2618.9,46.9,80.6,55.6,42.5,41.7,53.4,61.3,37.9,31.9,56.0,72.3,47.3,53.0,41.0,21.0,39.7,15.4,80.6,46.9,53.9,91.2,63.5,49.2,48.0,61.5,70.3,43.9,37.0,64.4,82.2,54.7,61.0,47.1,24.3,45.8,18.1,53.9,52.2,52.2,52.2,52.2,52.2,52.2,52.2,52.2,52.2,0.0,72.2,91.8,68.6,79.5,62.5,87.6,74.5,59.0,54.3,27.7,8.2,31.4,20.5,37.5,12.4,25.5,40.8,45.7,0.0,0.0,0.0,0.0,0.0,0.0,0.0,0.2,0.0,3000.0,30.00,30,40,40,76,116,884,1,59.5,56.9,58.5,51.6,54.6,48.9,56.0,49.3,55.7,51.0,50.2,46.9,43.9,43.9,51.0,43.1,46.0,46.0,60.0,1.182,1.250,1.100,47.565,14.550,47.566,78.250,7.433,89.193,5.640,6.795,5.363,6.474,4.906,6.812,5.923,4.550,4.293,56.173,18.188,82.537,89.178,2000.0,3000.0,5231.0,5231.0,5250.0,55.0,39.6,43.5,55.0,59.9,Ne,Ne,Ne,8.061,3.985,5.8,31,59,48,26,1.181,5.040,3.408,3.328,12.192,1.101,1.243,3.392,3.280,3.328,1.056,1.056,1.048,1.350,1.814,0.912,3.328,0.064,0.048,0.048,0.048,1.016,1.016,1326,1061,2749,51.9,58.3,46,46,22514762,1.183,1.238,605656,25,15,7382602,52,17,6801064,182.6,1.9,43.0,1.350,1.365,1.800,1.815,1.005,5.040,1.000,Ne,Ne,Ne,41.0,1.350,1.365,1.800,1.815,1.005,5.040,1.625,Ne,Ne,Ne,62,78,99.0,100.0,Ne,Ne,30664,54293,43.3,0.1,43.4,26.574,0.773,86393,222401,52.0,62.0,69.0,1.034,1478,3104.0,2238.0,99.0,97.7,26.0,2.4,2.4,28.0,10927,1162,32.0,346090,0.0,44.5,0.725,35.000,17.000,67.000,600.0,3000.0,1200.0,100.0,0.0,0.0,0.0,0.0,0.0,0.0,0.0,0.0,0,0,16.0,246,Ne,Ne,Ne,181.7,181.7,5.50,5.50,0.00,5.38,0.12,0,0,0.0,0.0,0,0,0.0,0.0,0,0,0.0,0.0,157655,4545,499.7,32.4,0,0.0,
20.5.2026,12:45:19.870,33520,9639,77.6,19773,12122,61.9,0.7,1.179,1.185,1.195,1.175,1.175,1.175,1.175,1.175,1.175,5225.0,5225.0,5225.0,5225.0,5225.0,5225.0,5225.0,5225.0,5225.0,100.0,2528.9,4761.7,2901.6,2503.2,2131.1,3009.3,2876.5,2080.7,1787.6,3484.2,3191.7,2688.6,2581.8,2140.4,1238.2,2027.8,1058.3,2528.9,44.6,78.8,53.1,44.0,37.0,55.3,52.3,36.0,30.6,64.5,58.1,48.0,46.4,37.3,20.9,34.8,17.1,78.8,44.6,51.9,89.4,61.1,51.4,43.5,63.9,60.9,42.3,36.2,73.9,67.2,55.8,54.1,43.6,25.0,41.0,21.0,51.9,52.2,52.2,52.2,52.2,52.2,52.2,52.2,52.2,52.2,0.0,69.9,91.0,67.0,76.4,60.0,85.7,71.5,55.8,51.7,30.1,9.0,33.0,23.6,40.0,14.3,28.5,44.2,48.3,0.0,0.0,0.0,0.0,0.0,0.0,0.0,0.0,0.0,3000.0,30.00,30,40,40,76,116,884,1,59.4,56.8,55.5,51.3,54.6,48.5,55.5,49.0,55.5,50.5,50.0,46.7,43.9,43.9,50.5,42.7,46.0,46.0,60.0,1.183,1.250,1.100,46.372,14.591,46.389,77.750,7.413,87.901,5.499,6.753,5.162,6.265,4.779,6.708,5.712,4.425,4.186,54.787,18.239,81.181,87.894,2000.0,3000.0,5231.7,5231.7,5250.0,54.3,38.7,43.2,54.3,59.8,Ne,Ne,Ne,8.262,4.856,5.6,31,59,48,26,1.172,5.040,3.408,3.328,12.288,1.101,1.243,3.408,3.280,3.328,1.056,1.056,1.048,1.359,1.814,0.912,3.344,0.064,0.056,0.048,0.048,1.016,1.016,1323,1068,2749,51.9,58.3,46,46,22514858,1.195,1.238,605659,15,14,7382652,54,18,6801116,182.6,1.9,43.0,1.350,1.365,1.800,1.800,1.005,5.040,0.875,Ne,Ne,Ne,41.0,1.350,1.365,1.800,1.800,1.005,5.040,1.000,Ne,Ne,Ne,62,78,99.0,100.0,Ne,Ne,30664,54293,100.0,4.6,100.0,115.706,1.676,86614,222404,52.0,62.0,70.0,1.026,1438,3064.0,2238.0,100.0,98.8,27.0,2.3,2.3,28.0,10927,1162,32.0,346090,0.0,44.6,0.725,64.000,18.000,98.000,600.0,3000.0,1200.0,100.0,0.0,0.0,0.0,0.0,0.0,0.0,0.0,0.0,0,0,16.0,246,Ne,Ne,Ne,174.8,174.7,5.72,5.72,0.00,5.61,0.11,0,0,0.0,0.0,0,0,0.0,0.0,0,0,0.0,0.0,157656,4545,412.2,30.8,0,0.0,
20.5.2026,12:45:21.869,33526,9633,77.6,19767,12128,61.9,0.7,1.193,1.180,1.195,1.195,1.195,1.195,1.195,1.195,1.195,5225.0,5225.0,5225.0,5225.0,5225.0,5225.0,5225.0,5225.0,5225.0,100.0,2672.5,4772.4,3025.0,2536.5,2414.0,3145.1,3022.6,2069.2,2200.6,3652.5,3277.0,2787.9,2826.9,1799.8,1898.2,1675.1,1656.9,2672.5,47.4,79.4,55.7,45.3,42.1,57.9,55.2,36.1,38.3,67.9,60.1,50.1,49.7,31.4,32.9,28.5,28.1,79.4,47.4,54.8,90.0,63.8,52.4,49.0,66.7,64.0,41.9,44.5,77.5,69.3,57.9,57.7,36.4,38.2,33.4,33.0,54.8,52.2,52.2,52.2,52.2,52.2,52.2,52.2,52.2,52.2,0.0,72.3,91.2,69.6,78.2,64.1,86.8,73.6,59.8,55.1,27.7,8.8,30.4,21.8,35.9,13.2,26.4,40.2,44.9,0.0,0.0,0.0,0.0,0.0,0.0,0.0,0.0,0.0,3000.0,30.00,30,40,40,76,116,884,1,59.1,56.6,59.4,51.5,54.6,49.0,55.7,49.4,55.2,50.9,50.1,46.9,43.8,43.8,50.8,42.8,46.0,46.0,60.0,1.182,1.250,1.100,47.704,14.539,47.677,77.500,7.413,89.389,5.649,6.841,5.406,6.418,4.989,6.663,5.907,4.617,4.351,56.318,18.174,82.646,89.369,2000.0,3000.0,5231.3,5231.3,5250.0,55.2,39.7,43.1,55.2,59.6,Ne,Ne,Ne,8.681,5.203,5.8,31,59,48,26,1.172,5.040,3.408,3.328,12.192,1.101,1.243,3.408,3.280,3.328,1.056,1.056,1.048,1.359,1.814,0.912,3.344,0.064,0.048,0.048,0.048,1.016,1.016,1322,1066,2772,51.9,58.3,46,46,22514954,1.167,1.238,605661,61,14,7382682,54,20,6801150,182.6,1.9,43.0,1.350,1.365,1.800,1.800,1.005,5.040,1.250,Ne,Ne,Ne,41.0,1.350,1.365,1.800,1.800,1.005,5.040,0.750,Ne,Ne,Ne,62,78,99.0,100.0,Ne,Ne,30664,54294,34.2,0.2,34.4,43.444,1.150,86697,222406,52.0,62.0,70.0,1.012,1441,3029.0,2238.0,100.0,97.8,27.0,1.9,1.9,29.0,10927,1162,32.0,346090,0.0,44.4,0.725,64.000,17.000,96.000,600.0,3000.0,1200.0,100.0,0.0,0.0,0.0,0.0,0.0,0.0,0.0,0.0,0,0,16.0,246,Ne,Ne,Ne,165.5,165.0,6.04,6.05,0.00,5.93,0.11,0,0,0.0,0.0,0,0,0.0,0.0,0,0,0.0,0.0,157657,4545,457.0,27.9,0,0.0,
20.5.2026,12:45:23.876,33616,9543,77.8,19788,12107,62.0,0.7,1.189,1.180,1.185,1.185,1.185,1.190,1.190,1.200,1.200,5225.0,5225.0,5225.0,5225.0,5225.0,5225.0,5225.0,5225.0,5225.0,100.0,2405.5,4783.5,2953.7,1986.8,2292.9,2823.0,2898.3,1531.7,2064.7,3232.6,3113.8,2415.5,2562.3,1131.6,1913.2,949.5,1834.9,2405.5,42.6,77.5,54.6,34.9,40.3,51.1,53.4,26.8,36.3,60.0,56.9,42.8,45.4,19.4,33.6,16.1,32.0,77.5,42.6,48.9,87.5,62.3,40.4,46.5,58.8,61.4,31.0,41.8,68.5,65.3,49.4,52.5,22.6,38.6,18.9,36.9,48.9,52.2,52.2,52.2,52.2,52.2,52.2,52.2,52.2,52.2,0.0,66.3,91.4,61.8,74.0,56.6,81.1,65.7,51.5,48.5,33.6,8.6,38.2,26.0,43.4,18.9,34.3,48.5,51.2,0.0,0.0,0.0,0.0,0.0,0.0,0.0,0.0,0.3,3000.0,30.00,30,40,40,76,116,884,1,58.9,55.4,59.9,49.8,53.4,47.1,53.8,47.6,53.7,49.0,48.5,45.3,42.9,42.9,51.0,42.9,46.0,46.0,60.0,1.182,1.250,1.100,44.151,14.273,44.135,79.750,7.381,84.592,5.183,6.517,4.836,5.915,4.488,6.311,5.322,4.150,3.928,52.076,17.842,78.037,84.597,2000.0,3000.0,5233.3,5233.3,5250.0,52.2,36.8,44.3,52.2,58.3,Ne,Ne,Ne,6.100,3.363,5.3,31,59,48,26,1.181,5.040,3.408,3.328,12.288,1.101,1.243,3.408,3.280,3.328,1.056,1.056,1.048,1.350,1.814,0.912,3.344,0.064,0.056,0.048,0.048,1.016,1.016,1288,1030,2721,51.9,58.3,46,46,22515050,1.183,1.238,605663,37,14,7382804,81,17,6801267,182.6,1.9,43.0,1.350,1.365,1.800,1.800,1.005,5.040,1.250,Ne,Ne,Ne,41.0,1.350,1.365,1.800,1.800,1.005,5.040,1.625,Ne,Ne,Ne,62,78,99.0,100.0,Ne,Ne,30664,54294,0.4,0.2,0.6,1.299,1.751,86700,222410,52.0,62.0,68.0,1.045,1448,3127.0,2238.0,100.0,98.5,24.0,2.1,2.1,29.0,10927,1146,32.0,346090,0.0,44.4,0.725,9.000,18.000,107.000,600.0,3000.0,1200.0,100.0,0.0,0.0,0.0,0.0,0.0,0.0,0.0,0.0,0,0,16.0,246,Ne,Ne,Ne,226.9,226.5,4.41,4.40,0.00,4.29,0.12,0,0,0.0,0.0,0,0,0.0,0.0,0,0,0.0,0.0,157658,4545,688.8,39.8,0,0.0,
20.5.2026,12:45:25.871,33566,9592,77.7,19765,12129,61.9,0.7,1.193,1.175,1.195,1.195,1.195,1.195,1.195,1.195,1.195,5225.0,5225.0,5225.0,5225.0,5225.0,5225.0,5225.0,5225.0,5225.0,100.0,2941.8,4847.3,3334.6,2457.0,3103.3,3159.7,3552.3,1999.9,2904.5,3320.6,3993.6,2902.9,3240.1,1731.5,2562.4,1490.0,2469.3,2941.8,53.2,80.5,61.8,43.8,57.3,58.0,65.6,35.4,53.6,61.3,74.4,53.6,59.9,30.8,45.8,25.4,43.6,80.5,53.2,61.1,91.4,70.6,50.8,65.8,67.0,75.3,40.9,61.4,70.5,84.8,61.6,68.8,35.5,52.5,29.9,50.3,61.1,52.2,52.2,52.2,52.2,52.2,52.2,52.2,52.2,52.2,0.0,77.9,92.7,76.0,83.6,71.9,89.8,79.8,67.0,62.1,22.1,7.3,24.0,16.4,28.1,10.2,20.2,33.0,37.9,0.0,0.0,0.0,0.0,0.0,0.0,0.0,0.0,0.0,3000.0,30.00,30,40,40,76,116,884,1,59.4,58.1,59.0,53.5,55.7,51.0,57.5,51.7,57.2,53.2,52.4,48.9,45.0,45.0,51.2,43.1,46.0,46.0,60.0,1.184,1.250,1.100,53.436,14.839,53.448,81.500,7.452,96.765,6.153,7.035,5.994,6.857,5.592,7.078,6.501,5.224,4.943,63.203,18.549,89.949,96.784,2000.0,3000.0,5229.8,5229.8,5250.0,59.7,44.5,45.3,59.7,61.2,Ne,Ne,Ne,10.631,5.813,6.2,31,59,48,26,1.181,5.040,3.408,3.328,12.192,1.101,1.243,3.408,3.280,3.328,1.056,1.056,1.048,1.359,1.814,0.912,3.344,0.064,0.048,0.048,0.048,1.016,1.016,1322,1046,2721,51.9,58.3,46,46,22515146,1.175,1.238,605666,56,13,7382878,59,17,6801341,182.6,1.9,43.0,1.350,1.365,1.800,1.800,1.005,5.040,0.750,Ne,Ne,Ne,41.2,1.365,1.365,1.800,1.800,1.005,5.040,1.750,Ne,Ne,Ne,62,78,99.0,100.0,Ne,Ne,30664,54294,67.7,5.4,73.1,42.976,2.653,86782,222415,52.0,62.0,69.0,1.073,1451,3160.0,2238.0,100.0,98.7,25.0,2.3,2.3,29.0,10927,1130,32.0,346090,0.0,44.6,0.725,11.000,19.000,111.000,600.0,3000.0,1200.0,100.0,0.0,0.0,0.0,0.0,0.0,0.0,0.0,0.0,0,0,16.0,246,Ne,Ne,Ne,200.8,200.7,4.98,4.98,0.00,4.86,0.12,0,0,0.0,0.0,0,0,0.0,0.0,0,0,0.0,0.0,157660,4545,1174.1,41.9,0,0.0,
20.5.2026,12:45:27.874,33590,9569,77.8,19765,12129,61.9,0.7,1.193,1.195,1.185,1.185,1.195,1.195,1.195,1.195,1.195,5225.0,5225.0,5225.0,5225.0,5225.0,5225.0,5225.0,5225.0,5225.0,100.0,2818.2,4895.2,3358.2,2378.9,2878.3,3014.7,3485.9,1868.4,2643.2,3461.5,3661.0,2811.6,3056.2,1645.8,2300.2,1408.1,2224.1,2818.2,50.2,79.3,62.3,41.6,52.1,55.1,64.2,32.4,47.9,63.8,67.7,50.0,56.0,28.7,40.5,23.5,38.6,79.3,50.2,58.0,89.9,71.1,48.6,60.3,63.8,73.9,38.0,55.3,73.4,77.7,58.0,64.7,33.5,46.9,28.1,45.0,58.0,52.2,52.2,52.2,52.2,52.2,52.2,52.2,52.2,52.2,0.0,75.8,93.6,73.7,81.7,68.3,88.3,77.4,64.1,59.3,24.1,6.4,26.3,18.3,31.7,11.7,22.6,35.8,40.4,0.0,0.0,0.0,0.0,0.0,0.0,0.0,0.1,0.3,3000.0,30.00,30,40,40,76,116,884,1,59.5,57.6,62.0,52.7,55.5,50.2,56.8,50.7,56.6,52.2,51.5,48.1,44.5,44.5,51.0,43.1,46.0,46.0,60.0,1.183,1.250,1.100,51.679,14.783,51.662,79.250,7.427,94.436,5.952,6.997,5.752,6.669,5.333,6.976,6.216,4.978,4.693,61.098,18.479,87.747,94.420,2000.0,3000.0,5229.9,5229.9,5250.0,58.3,43.1,44.0,58.3,60.7,Ne,Ne,Ne,9.531,4.445,6.1,31,60,48,26,1.190,5.000,3.392,3.328,12.192,1.101,1.243,3.408,3.280,3.328,1.056,1.056,1.048,1.350,1.814,0.912,3.344,0.064,0.048,0.048,0.048,1.016,1.016,1323,1064,2721,51.9,58.3,46,46,22515242,1.183,1.238,605668,66,14,7382990,39,17,6801450,182.6,1.9,43.0,1.365,1.350,1.800,1.800,1.005,5.040,1.000,Ne,Ne,Ne,41.2,1.365,1.365,1.800,1.800,1.005,5.040,1.000,Ne,Ne,Ne,62,78,99.0,100.0,Ne,Ne,30664,54294,6.6,0.2,6.8,9.334,1.843,86799,222418,52.0,62.0,69.0,1.069,1452,3148.0,2238.0,99.0,97.4,24.0,2.4,2.4,29.0,10927,1146,32.0,346090,0.0,44.6,0.725,6.000,19.000,105.000,600.0,3000.0,1200.0,100.0,0.0,0.0,0.0,0.0,0.0,0.0,0.0,0.0,0,0,16.0,246,Ne,Ne,Ne,196.2,196.5,5.10,5.08,0.00,4.95,0.14,0,0,0.0,0.0,0,0,0.0,0.0,0,0,0.0,0.0,157663,4545,1157.1,41.5,0,0.0,
20.5.2026,12:45:29.874,33605,9553,77.8,19713,12182,61.8,0.7,1.185,1.190,1.180,1.180,1.180,1.185,1.185,1.190,1.190,5225.0,5225.0,5225.0,5225.0,5225.0,5225.0,5225.0,5225.0,5225.0,100.0,2998.5,4916.6,3346.1,2946.4,2776.5,3371.8,3416.7,2633.2,2368.9,3756.8,3493.3,3220.0,3005.0,2395.2,1972.3,2384.8,1971.7,2998.5,53.7,82.7,61.7,53.0,49.5,61.7,62.5,47.1,41.5,69.3,64.0,58.9,54.2,42.0,34.4,41.9,34.1,82.7,53.7,62.2,94.0,70.8,61.7,57.7,71.4,72.4,54.7,48.6,79.7,74.0,68.2,63.1,48.9,40.3,49.0,40.3,62.2,52.2,52.2,52.2,52.2,52.2,52.2,52.2,52.2,52.2,0.0,78.8,94.0,76.8,84.9,71.6,88.9,79.9,67.4,66.5,21.2,6.0,23.2,15.1,28.4,11.1,20.1,32.6,33.5,0.0,0.0,0.0,0.0,0.0,0.0,0.0,0.0,0.0,3000.0,30.00,30,40,40,76,116,884,1,60.1,58.7,59.4,54.0,56.1,51.6,58.0,52.4,57.6,53.7,52.8,49.9,45.2,45.2,51.2,43.4,46.1,46.0,60.0,1.186,1.250,1.100,53.782,14.911,53.802,78.750,7.451,97.389,6.263,7.103,6.149,6.946,5.749,7.130,6.556,5.308,5.162,63.718,18.639,90.553,97.436,2000.0,3000.0,5229.4,5229.4,5250.0,60.1,44.8,43.8,60.1,61.8,Ne,Ne,Ne,11.246,5.940,6.3,31,60,49,26,1.181,5.040,3.408,3.328,12.192,1.101,1.243,3.408,3.280,3.328,1.056,1.056,1.048,1.359,1.814,0.912,3.344,0.064,0.048,0.048,0.048,1.016,1.016,1330,1086,2772,51.9,58.3,46,46,22515338,1.199,1.238,605670,60,14,7383122,79,18,6801578,182.6,1.9,43.0,1.365,1.365,1.800,1.800,1.005,5.040,1.625,Ne,Ne,Ne,41.2,1.365,1.365,1.800,1.800,1.005,5.040,0.750,Ne,Ne,Ne,62,78,99.0,100.0,Ne,Ne,30664,54294,30.5,0.3,30.9,71.457,2.087,86937,222422,52.0,62.0,70.0,1.065,1453,3150.0,2238.0,100.0,98.7,25.0,2.3,2.3,28.0,10927,1130,32.0,346090,0.0,44.7,0.725,25.000,17.000,57.000,600.0,3000.0,1200.0,100.0,0.0,0.0,0.0,0.0,0.0,0.0,0.0,0.0,0,0,16.0,246,Ne,Ne,Ne,207.8,207.8,4.81,4.81,0.00,4.69,0.13,0,0,0.0,0.0,0,0,0.0,0.0,0,0,0.0,0.0,157664,4545,798.6,37.0,0,0.0,
20.5.2026,12:45:31.877,33576,9583,77.7,19704,12190,61.7,0.7,1.181,1.185,1.175,1.175,1.175,1.185,1.185,1.185,1.185,5225.0,5225.0,5225.0,5225.0,5225.0,5225.0,5225.0,5225.0,5225.0,100.0,2727.9,4859.2,3172.8,2855.4,2246.7,3174.9,3159.3,2475.2,1860.6,3478.6,3401.5,3078.6,2633.0,2570.8,1194.6,2479.5,1004.8,2727.9,48.4,80.5,58.6,51.9,39.0,58.1,57.7,43.3,31.9,64.2,62.5,56.5,46.7,45.2,20.1,42.8,16.0,80.5,48.4,56.1,91.3,67.2,60.2,45.6,67.2,66.9,50.3,37.6,73.8,72.1,65.2,54.5,52.3,23.9,50.0,19.6,56.1,52.2,52.2,52.2,52.2,52.2,52.2,52.2,52.2,52.2,0.0,74.0,92.9,72.3,80.4,65.8,86.7,75.9,61.2,57.0,26.0,7.1,27.7,19.6,34.2,13.3,24.1,38.8,43.0,0.0,0.0,0.0,0.0,0.0,0.0,0.0,0.0,0.0,3000.0,30.00,30,40,40,76,116,884,1,59.8,57.3,59.9,52.3,55.1,49.6,56.3,50.2,56.3,51.8,51.1,47.8,44.4,44.4,51.0,43.2,46.0,46.0,60.0,1.184,1.250,1.100,49.656,14.619,49.641,75.750,7.433,91.779,5.788,6.874,5.552,6.479,5.148,6.865,6.072,4.792,4.526,58.711,18.274,85.161,91.793,2000.0,3000.0,5230.7,5230.7,5250.0,56.7,41.4,42.1,56.7,60.4,Ne,Ne,Ne,8.015,4.200,5.9,31,60,48,26,1.181,5.040,3.408,3.328,12.192,1.101,1.234,3.392,3.280,3.328,1.056,1.056,1.048,1.359,1.814,0.912,3.344,0.064,0.048,0.048,0.048,1.016,1.016,1340,1062,2772,51.9,58.3,46,46,22515436,1.195,1.238,605673,55,14,7383242,50,18,6801694,182.6,1.9,43.2,1.365,1.365,1.800,1.800,1.005,5.040,1.000,Ne,Ne,Ne,41.2,1.365,1.365,1.800,1.815,1.005,5.040,0.875,Ne,Ne,Ne,62,78,99.0,100.0,Ne,Ne,30664,54294,20.2,0.2,20.4,50.712,1.806,87033,222426,52.0,62.0,70.0,1.070,1440,3156.0,2238.0,100.0,97.5,26.0,2.1,2.1,28.0,10927,1146,32.0,346090,0.0,44.7,0.725,65.000,18.000,98.000,600.0,3000.0,1200.0,100.0,0.0,0.0,0.0,0.0,0.0,0.0,0.0,0.0,0,0,16.0,246,Ne,Ne,Ne,205.3,204.9,4.87,4.88,0.00,4.76,0.12,0,0,0.0,0.0,0,0,0.0,0.0,0,0,0.0,0.0,157666,4545,1037.3,44.4,0,0.0,
20.5.2026,12:45:33.868,33571,9588,77.7,19726,12169,61.8,0.7,1.182,1.175,1.180,1.180,1.190,1.190,1.190,1.175,1.175,5225.0,5225.0,5225.0,5225.0,5225.0,5225.0,5225.0,5225.0,5225.0,100.0,3007.7,4932.1,3481.0,3187.1,2572.3,3416.3,3395.2,2805.2,2235.5,3543.8,3852.2,3431.6,2927.1,2853.2,1496.4,2734.7,1259.4,3007.7,54.1,82.6,64.6,58.6,45.2,62.8,62.3,50.6,39.2,65.3,71.6,63.4,52.7,51.5,26.1,47.8,21.0,82.6,54.1,62.2,93.8,73.7,67.5,52.4,72.3,71.9,58.2,45.3,75.1,81.8,72.7,61.0,59.1,30.2,55.5,24.8,62.2,52.2,52.2,52.2,52.2,52.2,52.2,52.2,52.2,52.2,0.0,78.8,94.3,77.4,83.8,72.5,90.5,80.7,67.8,63.4,21.2,5.7,22.6,16.2,27.5,9.5,19.3,32.2,36.6,0.0,0.0,0.0,0.0,0.0,0.0,0.0,0.0,0.0,3000.0,30.00,30,40,40,76,116,884,1,60.2,58.7,61.6,53.8,56.1,51.3,57.8,52.0,57.8,53.5,52.7,49.1,45.2,45.2,51.2,43.5,46.1,46.0,60.0,1.184,1.250,1.100,53.409,14.832,53.403,80.750,7.462,96.809,6.251,7.145,6.120,6.892,5.699,7.276,6.616,5.271,4.988,63.201,18.540,89.949,96.796,2000.0,3000.0,5228.9,5228.9,5250.0,59.8,44.5,44.9,59.8,61.8,Ne,Ne,Ne,10.236,6.220,6.3,31,60,49,26,1.181,5.040,3.408,3.328,12.288,1.101,1.243,3.408,3.280,3.328,1.056,1.056,1.048,1.350,1.814,0.912,3.344,0.064,0.048,0.048,0.048,1.016,1.016,1343,1099,2749,51.9,58.3,46,46,22515532,1.175,1.238,605675,43,14,7383352,88,16,6801802,182.6,1.9,43.2,1.365,1.365,1.800,1.815,1.005,5.040,1.000,Ne,Ne,Ne,41.2,1.365,1.365,1.800,1.815,1.005,5.040,1.000,Ne,Ne,Ne,62,78,99.0,100.0,Ne,Ne,30664,54294,100.0,0.1,100.0,48.910,1.386,87127,222428,53.0,62.0,70.0,1.040,1435,3114.0,2238.0,100.0,98.8,27.0,2.4,2.4,28.0,10927,1130,32.0,346090,0.0,44.7,0.725,0.000,18.000,98.000,600.0,3000.0,1200.0,100.0,0.0,0.0,0.0,0.0,0.0,0.0,0.0,0.0,0,0,16.0,246,Ne,Ne,Ne,213.2,213.7,4.69,4.68,0.00,4.57,0.13,0,0,0.0,0.0,0,0,0.0,0.0,0,0,0.0,0.0,157668,4546,1098.4,42.3,0,0.0,
20.5.2026,12:45:35.873,33640,9519,77.9,19771,12124,61.9,0.7,1.181,1.180,1.195,1.185,1.185,1.175,1.175,1.175,1.175,5225.0,5225.0,5225.0,5225.0,5225.0,5225.0,5225.0,5225.0,5225.0,100.0,2892.8,4869.1,3231.7,3100.2,2336.1,3462.6,3192.3,2722.8,2078.7,3814.1,3342.0,3315.7,2778.1,2713.0,1555.2,2500.7,1273.1,2892.8,51.5,81.9,59.4,56.5,40.4,63.5,58.3,49.3,35.7,70.6,61.0,60.8,48.2,47.9,26.3,43.6,21.1,81.9,51.5,59.8,93.1,68.4,65.6,47.5,73.3,67.6,57.3,42.1,80.9,70.7,70.3,56.5,55.7,31.3,51.0,25.4,59.8,52.2,52.2,52.2,52.2,52.2,52.2,52.2,52.2,52.2,0.0,77.4,93.1,75.1,83.6,71.0,89.1,79.1,67.2,61.4,22.6,6.9,24.9,16.4,29.0,10.9,20.9,32.8,38.6,0.0,0.0,0.0,0.0,0.0,0.0,0.0,0.0,0.0,3000.0,30.00,30,40,40,76,116,884,1,60.2,58.3,59.9,53.4,55.7,51.0,57.7,51.7,57.3,52.8,52.4,48.7,45.2,45.2,51.5,43.4,46.1,46.0,60.0,1.184,1.250,1.100,51.956,14.786,51.968,79.500,7.453,95.024,6.103,6.985,5.948,6.874,5.584,7.077,6.363,5.168,4.823,61.480,18.482,88.160,95.034,2000.0,3000.0,5229.2,5229.2,5250.0,58.7,43.3,44.2,58.7,61.4,Ne,Ne,Ne,10.111,6.536,6.2,31,60,49,26,1.181,5.040,3.408,3.328,12.192,1.101,1.243,3.408,3.280,3.328,1.056,1.056,1.048,1.350,1.814,0.912,3.344,0.064,0.048,0.048,0.048,1.016,1.016,1331,1110,2721,51.9,58.3,46,46,22515630,1.195,1.238,605677,60,15,7383438,85,17,6801886,182.6,1.9,43.2,1.365,1.365,1.800,1.815,1.005,5.040,1.750,Ne,Ne,Ne,41.2,1.365,1.365,1.800,1.815,1.005,5.040,2.000,Ne,Ne,Ne,62,78,99.0,100.0,Ne,Ne,30664,54294,10.8,0.1,10.8,17.122,1.528,87160,222431,52.0,62.0,69.0,1.046,1442,3137.0,2238.0,100.0,98.0,25.0,2.2,2.2,29.0,10927,1130,32.0,346090,0.0,44.6,0.725,43.000,18.000,92.000,600.0,3000.0,1200.0,100.0,0.0,0.0,0.0,0.0,0.0,0.0,0.0,0.0,0,0,16.0,246,Ne,Ne,Ne,223.3,222.6,4.48,4.46,0.00,4.35,0.13,0,0,0.0,0.0,0,0,0.0,0.0,0,0,0.0,0.0,157670,4546,880.3,42.9,0,0.0,
20.5.2026,12:45:37.872,33583,9575,77.8,19728,12167,61.8,0.7,1.172,1.175,1.175,1.175,1.170,1.170,1.170,1.170,1.170,5225.0,5225.0,5225.0,5225.0,5225.0,5225.0,5225.0,5225.0,5225.0,100.0,2874.8,4800.2,3341.4,2468.6,2876.5,3165.8,3342.4,2145.2,2765.0,3775.9,3528.4,2827.1,3184.4,1823.7,2333.3,1571.6,2047.3,2874.8,51.4,77.3,62.0,44.1,52.3,58.3,61.4,37.5,49.5,70.2,65.1,51.5,58.3,31.7,41.0,26.7,35.9,77.3,51.4,59.2,87.9,70.8,51.0,60.3,67.0,70.8,44.0,57.4,80.1,74.7,59.4,67.0,36.8,47.3,31.2,41.4,59.2,52.2,52.2,52.2,52.2,52.2,52.2,52.2,52.2,52.2,0.0,76.5,91.8,74.0,81.8,71.0,90.6,78.4,65.4,59.1,23.4,8.2,26.0,18.2,29.0,9.4,21.6,34.0,40.4,0.1,0.0,0.0,0.0,0.0,0.0,0.0,0.5,0.5,3000.0,30.00,30,40,40,76,116,884,1,60.5,58.5,62.9,53.3,55.9,50.7,57.5,51.4,57.3,52.7,52.2,48.4,45.1,45.1,50.8,43.1,46.2,46.0,60.0,1.185,1.250,1.100,50.653,14.793,50.670,77.000,7.419,93.434,5.999,7.002,5.818,6.722,5.458,7.025,6.270,5.040,4.659,59.941,18.491,86.592,93.459,2000.0,3000.0,5229.6,5229.6,5250.0,57.7,42.2,42.8,57.7,61.6,Ne,Ne,Ne,10.177,6.485,6.1,31,60,49,26,1.181,5.040,3.408,3.328,12.192,1.101,1.243,3.408,3.280,3.328,1.056,1.056,1.048,1.350,1.814,0.912,3.344,0.064,0.048,0.048,0.048,1.016,1.016,1351,1088,2749,51.9,58.3,46,46,22515728,1.171,1.234,605680,51,14,7383558,88,18,6802003,182.6,1.9,43.2,1.350,1.365,1.800,1.815,1.005,5.040,1.750,Ne,Ne,Ne,41.2,1.350,1.365,1.800,1.815,1.005,5.040,0.750,Ne,Ne,Ne,62,78,99.0,100.0,Ne,Ne,30664,54294,0.9,0.1,1.0,4.104,1.019,87168,222433,53.0,62.0,70.0,1.062,1447,3138.0,2238.0,100.0,97.6,27.0,2.2,2.2,29.0,10927,1130,32.0,346090,0.0,44.7,0.725,9.000,18.000,108.000,600.0,3000.0,1200.0,100.0,0.0,0.0,0.0,0.0,0.0,0.0,0.0,0.0,0,0,16.0,246,Ne,Ne,Ne,194.6,194.4,5.14,5.13,0.00,5.02,0.12,0,0,0.0,0.0,0,0,0.0,0.0,0,0,0.0,0.0,157671,4546,533.5,32.8,0,0.0,
20.5.2026,12:45:39.872,33540,9619,77.7,19706,12189,61.7,0.7,1.185,1.180,1.175,1.175,1.190,1.190,1.190,1.190,1.190,5225.0,5225.0,5225.0,5225.0,5225.0,5225.0,5225.0,5225.0,5225.0,100.0,2389.8,4712.6,2783.3,1615.9,2596.2,2552.1,3110.8,1263.2,2418.2,2846.5,3644.3,2172.6,2778.0,968.4,2150.4,759.2,1865.7,2389.8,42.3,78.8,50.7,27.5,45.8,46.4,56.9,20.9,41.8,52.3,67.8,38.0,50.8,16.4,37.9,12.6,32.5,78.8,42.3,49.1,89.1,58.3,32.8,53.2,54.0,65.9,25.4,49.0,60.4,77.5,44.6,59.0,19.6,43.9,15.3,37.9,49.1,52.2,52.2,52.2,52.2,52.2,52.2,52.2,52.2,52.2,0.0,67.4,90.1,63.8,72.6,59.0,83.3,68.8,54.4,47.3,32.6,9.9,36.2,27.4,41.0,16.7,31.2,45.6,52.7,0.0,0.0,0.0,0.0,0.0,0.0,0.0,0.0,0.0,3000.0,30.00,30,40,40,76,116,884,1,59.8,56.5,54.1,50.7,54.5,47.6,55.1,48.2,55.1,49.7,49.7,45.6,43.8,43.8,50.5,42.8,46.0,46.0,60.0,1.181,1.250,1.100,45.076,14.358,45.087,77.250,7.407,85.839,5.306,6.662,4.920,6.058,4.608,6.473,5.511,4.315,3.899,53.173,17.947,79.268,85.838,2000.0,3000.0,5232.1,5232.1,5250.0,53.0,37.6,42.9,53.0,59.4,Ne,Ne,Ne,6.448,3.512,5.4,31,59,49,26,1.181,5.040,3.408,3.328,12.288,1.101,1.243,3.408,3.280,3.328,1.056,1.056,1.048,1.350,1.814,0.912,3.344,0.064,0.056,0.048,0.048,1.016,1.016,1354,1093,2749,51.0,58.3,46,46,22515826,1.167,1.238,605682,18,14,7383660,27,17,6802103,182.6,1.9,43.2,1.350,1.365,1.800,1.815,1.005,5.040,1.625,Ne,Ne,Ne,41.2,1.350,1.365,1.800,1.815,1.005,5.040,2.000,Ne,Ne,Ne,62,78,99.0,100.0,Ne,Ne,30664,54294,10.7,0.0,10.8,9.321,0.738,87185,222435,53.0,62.0,70.0,1.053,1451,3137.0,2238.0,100.0,98.7,26.0,2.1,2.1,29.0,10927,1130,32.0,346090,0.0,44.5,0.725,53.000,18.000,86.000,600.0,3000.0,1200.0,100.0,0.0,0.0,0.0,0.0,0.0,0.0,0.0,0.0,0,0,16.0,246,Ne,Ne,Ne,195.7,196.0,5.11,5.10,0.00,5.01,0.10,0,0,0.0,0.0,0,0,0.0,0.0,0,0,0.0,0.0,157672,4546,507.1,28.7,0,0.0,
20.5.2026,12:45:41.868,33538,9620,77.7,19682,12213,61.7,0.7,1.181,1.185,1.175,1.175,1.175,1.175,1.185,1.190,1.190,5225.0,5225.0,5225.0,5225.0,5225.0,5225.0,5225.0,5225.0,5225.0,100.0,2732.7,4811.1,3188.5,2101.5,2897.4,2892.8,3446.0,1735.8,2819.4,3021.1,3952.5,2595.9,3167.0,1311.0,2543.6,1064.4,2174.8,2732.7,48.4,77.7,58.8,36.3,52.2,51.4,63.2,29.2,50.6,55.2,73.3,45.6,57.9,22.4,44.9,17.8,38.0,77.7,48.4,56.1,88.3,67.4,42.7,60.5,59.7,73.1,34.9,58.9,64.0,83.8,53.1,67.1,26.5,52.0,21.3,44.1,56.1,52.2,52.2,52.2,52.2,52.2,52.2,52.2,52.2,52.2,0.0,74.3,92.0,70.8,80.8,68.4,88.0,76.4,63.1,55.1,25.7,8.0,29.2,19.2,31.6,12.0,23.6,36.9,44.9,0.0,0.0,0.0,0.0,0.0,0.0,0.0,0.0,0.0,3000.0,30.00,30,40,40,76,116,884,1,59.5,57.3,56.4,52.3,55.1,49.4,56.6,50.3,56.4,51.6,51.4,47.2,44.6,44.6,51.0,43.1,46.0,46.0,60.0,1.182,1.250,1.100,50.284,14.593,50.261,79.750,7.429,92.525,5.837,6.854,5.562,6.580,5.311,6.870,6.154,4.935,4.431,59.393,18.242,85.806,92.522,2000.0,3000.0,5230.2,5230.2,5250.0,57.1,41.9,44.3,57.1,60.4,Ne,Ne,Ne,8.603,5.158,5.9,31,59,48,26,1.172,5.040,3.408,3.328,12.192,1.101,1.243,3.408,3.280,3.328,1.056,1.056,1.048,1.359,1.814,0.912,3.344,0.064,0.048,0.048,0.048,1.016,1.016,1313,1075,2772,51.9,58.3,46,46,22515924,1.195,1.238,605684,55,15,7383696,68,19,6802141,182.6,1.9,43.2,1.350,1.365,1.800,1.815,1.005,5.040,1.250,Ne,Ne,Ne,41.2,1.350,1.365,1.815,1.815,1.005,5.040,0.875,Ne,Ne,Ne,62,78,99.0,100.0,Ne,Ne,30664,54294,33.6,0.1,33.7,48.636,1.442,87278,222437,53.0,62.0,71.0,1.012,1452,3028.0,2238.0,100.0,97.6,25.0,2.2,2.2,29.0,10927,1130,32.0,346090,0.0,44.6,0.725,7.000,17.000,106.000,600.0,3000.0,1200.0,100.0,0.0,0.0,0.0,0.0,0.0,0.0,0.0,0.0,0,0,16.0,246,Ne,Ne,Ne,193.6,193.1,5.17,5.16,0.00,5.05,0.12,0,0,0.0,0.0,0,0,0.0,0.0,0,0,0.0,0.0,157673,4546,456.8,30.1,0,0.0,
20.5.2026,12:45:43.872,33555,9603,77.7,19687,12208,61.7,0.7,1.181,1.185,1.180,1.180,1.180,1.180,1.180,1.180,1.180,5225.0,5225.0,5225.0,5225.0,5225.0,5225.0,5225.0,5225.0,5225.0,100.0,2884.6,4856.8,3246.7,2555.2,2823.9,3249.0,3286.6,2142.5,2606.1,3677.6,3495.0,3005.2,3044.2,1941.9,2638.5,1485.1,2099.3,2884.6,51.3,80.3,59.9,44.5,50.3,59.5,60.1,37.2,46.1,67.9,64.1,54.2,55.3,33.1,46.7,25.1,36.3,80.3,51.3,59.4,91.4,68.7,52.0,58.5,68.7,69.6,43.5,53.6,78.0,74.1,62.7,64.2,39.3,54.5,29.7,42.3,59.4,52.2,52.2,52.2,52.2,52.2,52.2,52.2,52.2,52.2,0.0,76.9,92.9,73.8,82.9,69.6,88.9,78.3,69.9,58.9,23.1,7.1,26.2,17.1,30.4,11.1,21.7,30.1,41.0,0.0,0.0,0.0,0.0,0.0,0.0,0.0,0.0,0.1,3000.0,30.00,30,40,40,76,116,884,1,60.0,58.1,60.2,53.0,55.6,50.5,57.2,51.2,57.0,52.6,52.0,48.0,44.9,44.9,51.0,43.0,46.0,46.0,60.0,1.184,1.250,1.100,51.925,14.689,51.939,80.500,7.440,94.749,6.038,6.982,5.842,6.735,5.502,7.060,6.372,5.158,4.654,61.401,18.361,87.947,94.748,2000.0,3000.0,5229.8,5229.8,5250.0,58.5,43.3,44.7,58.5,61.2,Ne,Ne,Ne,9.278,5.547,6.2,31,60,49,26,1.181,5.040,3.408,3.328,12.192,1.101,1.234,3.408,3.280,3.328,1.056,1.056,1.048,1.350,1.814,0.912,3.344,0.064,0.048,0.048,0.048,1.016,1.016,1306,1094,1831,51.9,58.3,46,46,22516020,1.171,1.238,605687,40,14,7383806,78,18,6802248,182.6,1.9,43.2,1.350,1.365,1.815,1.800,1.005,5.040,0.750,Ne,Ne,Ne,41.2,1.350,1.365,1.815,1.815,1.005,5.040,0.750,Ne,Ne,Ne,62,78,99.0,100.0,Ne,Ne,30664,54294,100.0,0.1,100.0,85.703,1.261,87442,222440,52.0,62.0,70.0,1.056,1453,3119.0,2238.0,100.0,98.6,27.0,2.3,2.3,29.0,10927,1130,32.0,346090,0.0,44.7,0.725,10.000,19.000,111.000,600.0,3000.0,1200.0,100.0,0.0,0.0,0.0,0.0,0.0,0.0,0.0,0.0,0,0,16.0,246,Ne,Ne,Ne,219.2,219.1,4.56,4.57,0.00,4.44,0.12,0,0,0.0,0.0,0,0,0.0,0.0,0,0,0.0,0.0,157674,4546,422.7,33.1,0,0.0,
20.5.2026,12:45:45.870,33553,9606,77.7,19681,12213,61.7,0.7,1.185,1.180,1.190,1.190,1.190,1.185,1.185,1.185,1.175,5225.0,5225.0,5225.0,5225.0,5225.0,5225.0,5225.0,5225.0,5225.0,100.0,2931.3,4933.2,3359.4,2924.0,2608.3,3422.5,3336.9,2453.0,2320.0,3872.9,3405.4,3314.2,2922.5,2497.6,1917.1,2158.0,1455.5,2931.3,52.1,82.1,62.0,53.1,45.8,62.7,60.9,42.6,40.2,71.5,62.1,60.7,53.2,42.7,32.5,37.3,24.7,82.1,52.1,60.5,93.5,71.1,61.5,53.4,72.5,70.7,49.9,47.1,82.1,72.1,70.2,61.8,50.4,38.6,43.6,29.2,60.5,52.2,52.2,52.2,52.2,52.2,52.2,52.2,52.2,52.2,0.0,79.0,94.3,78.4,84.7,72.3,89.7,81.5,69.7,61.3,21.0,5.7,21.6,15.3,27.7,10.3,18.5,30.3,38.7,0.0,0.0,0.0,0.0,0.0,0.0,0.0,0.0,0.0,3000.0,30.00,30,40,40,76,116,884,1,60.1,58.7,57.6,53.8,56.4,51.2,58.2,51.7,57.7,53.3,53.0,48.8,45.5,45.5,51.0,43.2,46.3,46.0,60.0,1.184,1.250,1.100,53.160,14.857,53.151,79.500,7.445,96.403,6.186,7.116,6.054,6.961,5.551,7.127,6.536,5.308,4.832,62.880,18.571,89.640,96.434,2000.0,3000.0,5229.3,5229.3,5250.0,59.5,44.3,44.2,59.5,61.8,Ne,Ne,Ne,10.851,5.627,6.3,31,60,49,26,1.181,5.040,3.408,3.328,12.192,1.101,1.243,3.408,3.280,3.328,1.056,1.056,1.048,1.350,1.814,0.912,3.328,0.064,0.056,0.048,0.048,1.016,1.016,1328,1099,2721,51.0,58.3,46,46,22516118,1.171,1.238,605689,46,15,7383886,76,17,6802328,182.6,1.9,43.2,1.350,1.365,1.815,1.815,1.005,5.040,0.750,Ne,Ne,Ne,41.2,1.350,1.365,1.815,1.815,1.005,5.040,1.000,Ne,Ne,Ne,62,78,99.0,100.0,Ne,Ne,30664,54294,58.5,0.1,58.7,69.319,0.707,87574,222441,53.0,62.0,70.0,1.067,1437,3150.0,2238.0,100.0,98.6,27.0,2.4,2.4,28.0,10927,1130,32.0,346090,0.0,44.8,0.725,44.000,17.000,76.000,600.0,3000.0,1200.0,100.0,0.0,0.0,0.0,0.0,0.0,0.0,0.0,0.0,0,0,16.0,246,Ne,Ne,Ne,237.0,237.6,4.22,4.21,0.00,4.09,0.12,0,0,0.0,0.0,0,0,0.0,0.0,0,0,0.0,0.0,157675,4546,803.0,34.8,0,0.0,
20.5.2026,12:45:47.868,33573,9586,77.7,19725,12170,61.8,0.7,1.177,1.170,1.175,1.175,1.175,1.175,1.175,1.185,1.185,5225.0,5225.0,5225.0,5225.0,5225.0,5225.0,5225.0,5225.0,5225.0,100.0,2576.0,4826.1,2948.2,2687.8,1989.4,2893.0,3065.6,2291.8,1691.6,3286.9,3342.5,2861.6,2561.2,2518.9,1182.0,2259.3,810.2,2576.0,46.1,82.9,54.4,48.2,34.7,52.8,56.3,40.3,29.3,60.5,61.6,52.1,45.9,44.8,20.0,39.7,14.0,82.9,46.1,53.2,93.7,62.4,55.9,40.5,61.3,65.0,46.7,34.3,69.7,70.9,60.2,53.3,51.9,23.7,45.9,16.4,53.2,52.2,52.2,52.2,52.2,52.2,52.2,52.2,52.2,52.2,0.0,70.7,92.3,67.1,76.2,61.6,83.7,71.6,60.2,53.0,29.2,7.7,32.9,23.8,38.4,16.3,28.4,39.7,46.3,0.1,0.0,0.0,0.0,0.0,0.0,0.0,0.1,0.7,3000.0,30.00,30,40,40,76,116,884,1,59.8,57.2,56.8,51.8,55.3,48.9,56.1,49.4,55.9,50.9,51.1,47.0,44.5,44.5,50.8,42.9,46.1,46.0,60.0,1.183,1.250,1.100,47.608,14.500,47.613,77.000,7.439,89.226,5.579,6.820,5.246,6.320,4.856,6.647,5.806,4.695,4.240,56.247,18.125,82.554,89.212,2000.0,3000.0,5231.3,5231.3,5250.0,55.1,39.7,42.8,55.1,60.2,Ne,Ne,Ne,7.740,4.131,5.7,31,59,49,26,1.172,5.040,3.392,3.328,12.288,1.101,1.243,3.408,3.280,3.328,1.056,1.056,1.048,1.350,1.814,0.912,3.344,0.064,0.048,0.048,0.048,1.016,1.016,1330,1088,2721,51.9,58.3,46,46,22516216,1.167,1.238,605692,59,13,7383978,23,17,6802418,182.6,1.9,43.2,1.350,1.365,1.815,1.815,1.005,5.040,0.875,Ne,Ne,Ne,41.2,1.350,1.365,1.815,1.815,1.005,5.040,1.375,Ne,Ne,Ne,62,78,99.0,100.0,Ne,Ne,30664,54294,80.6,26.6,100.0,20.698,2.820,87614,222447,53.0,64.0,70.0,1.048,1414,3123.0,2238.0,100.0,97.0,28.0,2.2,2.2,27.0,10927,1130,32.0,346090,0.0,44.7,0.725,64.000,18.000,97.000,600.0,3000.0,1200.0,100.0,0.0,0.0,0.0,0.0,0.0,0.0,0.0,0.0,0,0,16.0,246,Ne,Ne,Ne,228.8,228.9,4.37,4.37,0.00,4.26,0.11,0,0,0.0,0.0,0,0,0.0,0.0,0,0,0.0,0.0,157677,4546,1048.8,46.5,0,0.0,
20.5.2026,12:45:49.869,33562,9596,77.7,19719,12176,61.8,0.7,1.179,1.200,1.170,1.170,1.170,1.170,1.180,1.180,1.195,5225.0,5225.0,5225.0,5225.0,5225.0,5225.0,5225.0,5225.0,5225.0,100.0,2565.4,4787.1,2945.4,2479.9,2238.0,2820.7,3172.6,2176.0,1796.5,3110.0,3505.2,2742.2,2647.0,2410.5,1242.5,2185.6,787.6,2565.4,45.9,81.7,54.6,43.7,39.7,51.7,58.6,38.4,31.6,57.3,65.1,49.1,47.2,42.5,21.4,38.5,13.9,81.7,45.9,52.8,92.3,62.3,50.6,45.8,59.7,67.2,44.3,36.5,65.9,74.3,56.7,54.4,49.3,25.0,44.2,15.9,52.8,52.2,52.2,52.2,52.2,52.2,52.2,52.2,52.2,52.2,0.0,70.7,91.5,67.8,76.4,62.4,84.1,71.6,60.1,51.5,29.3,8.5,32.2,23.6,37.6,15.9,28.4,39.9,48.5,0.0,0.0,0.0,0.0,0.0,0.0,0.0,0.0,0.0,3000.0,30.00,30,40,40,76,116,884,1,59.6,56.6,55.9,51.2,54.7,48.4,55.5,49.0,55.2,50.3,50.3,46.3,43.9,43.9,50.5,42.8,46.0,46.0,60.0,1.182,1.250,1.100,47.071,14.541,47.086,76.500,7.428,88.587,5.515,6.781,5.223,6.229,4.846,6.581,5.728,4.594,4.142,55.561,18.177,81.908,88.611,2000.0,3000.0,5231.0,5231.0,5250.0,54.7,39.2,42.5,54.7,59.6,Ne,Ne,Ne,7.945,4.614,5.7,31,59,48,26,1.172,5.000,3.408,3.328,12.192,1.101,1.243,3.408,3.280,3.328,1.056,1.056,1.048,1.359,1.814,0.912,3.344,0.064,0.056,0.048,0.048,1.016,1.016,1327,1065,2743,51.0,58.3,46,46,22516314,1.171,1.234,605694,34,14,7384096,78,17,6802532,182.6,1.9,43.2,1.350,1.365,1.815,1.815,1.005,5.040,2.625,Ne,Ne,Ne,41.2,1.350,1.365,1.815,1.815,1.005,5.040,0.875,Ne,Ne,Ne,62,78,99.0,100.0,Ne,Ne,30664,54294,18.0,0.1,18.1,20.768,1.915,87654,222450,53.0,64.0,70.0,1.061,1401,3140.0,2238.0,100.0,98.8,26.0,2.2,2.2,27.0,10927,1130,32.0,346090,0.0,44.6,0.725,47.000,19.000,82.000,600.0,3000.0,1200.0,100.0,0.0,0.0,0.0,0.0,0.0,0.0,0.0,0.0,0,0,16.0,246,Ne,Ne,Ne,193.8,193.5,5.16,5.17,0.00,5.04,0.12,0,0,0.0,0.0,0,0,0.0,0.0,0,0,0.0,0.0,157680,4546,1316.3,49.2,0,0.0,
20.5.2026,12:45:51.871,33572,9587,77.7,19750,12145,61.9,0.7,1.184,1.190,1.175,1.175,1.175,1.190,1.190,1.190,1.190,5225.0,5225.0,5225.0,5225.0,5225.0,5225.0,5225.0,5225.0,5225.0,100.0,2939.3,4922.1,3328.9,2949.4,2582.2,3236.5,3477.0,2542.1,2348.1,3737.9,3470.9,3115.2,3075.3,2658.1,1888.2,2326.9,1370.6,2939.3,52.5,83.2,61.4,53.2,45.5,59.3,64.0,44.5,41.1,69.0,63.7,56.8,55.8,46.2,32.0,40.6,23.4,83.2,52.5,60.8,94.4,70.5,62.0,53.1,68.6,73.7,52.0,48.1,79.3,73.6,65.8,64.7,54.3,38.2,47.4,27.8,60.8,52.2,52.2,52.2,52.2,52.2,52.2,52.2,52.2,52.2,0.0,78.1,94.1,75.7,84.5,71.6,89.0,80.0,69.5,60.4,21.9,5.9,24.3,15.5,28.4,11.0,20.0,30.5,39.6,0.0,0.0,0.0,0.0,0.0,0.0,0.0,0.0,0.0,3000.0,30.00,30,40,40,76,116,884,1,60.1,58.2,61.1,53.3,55.7,50.8,57.6,51.4,57.2,52.9,52.5,48.5,45.0,45.0,51.5,43.5,46.1,46.0,60.0,1.184,1.250,1.100,52.040,14.781,52.014,85.250,7.449,95.078,6.121,6.999,5.972,6.865,5.562,7.088,6.425,5.282,4.778,61.550,18.477,88.221,95.037,2000.0,3000.0,5229.5,5229.5,5250.0,58.7,43.3,47.4,58.7,61.3,Ne,Ne,Ne,9.870,6.332,6.2,31,60,48,26,1.181,5.040,3.408,3.328,12.192,1.101,1.243,3.408,3.280,3.328,1.056,1.056,1.048,1.350,1.814,0.912,3.344,0.064,0.048,0.048,0.048,1.016,1.016,1304,1076,2721,51.9,58.3,46,46,22516410,1.171,1.238,605696,61,15,7384164,51,17,6802600,182.6,1.9,43.2,1.350,1.365,1.815,1.815,1.005,5.040,0.875,Ne,Ne,Ne,41.5,1.350,1.365,1.815,1.815,1.005,5.040,1.375,Ne,Ne,Ne,62,78,99.0,100.0,Ne,Ne,30664,54295,56.4,1.7,58.1,61.942,2.540,87772,222455,53.0,64.0,69.0,1.056,1395,3126.0,2238.0,100.0,98.6,22.0,2.3,2.3,27.0,10927,1130,32.0,346090,0.0,44.7,0.725,53.000,18.000,87.000,600.0,3000.0,1200.0,100.0,0.0,0.0,0.0,0.0,0.0,0.0,0.0,0.0,0,0,16.0,246,Ne,Ne,Ne,215.9,214.8,4.63,4.64,0.00,4.49,0.14,0,0,0.0,0.0,0,0,0.0,0.0,0,0,0.0,0.0,157682,4546,1170.3,44.7,0,0.0,
20.5.2026,12:45:53.868,33542,9617,77.7,19730,12165,61.8,0.7,1.195,1.180,1.200,1.200,1.200,1.200,1.200,1.190,1.190,5225.0,5225.0,5225.0,5225.0,5225.0,5225.0,5225.0,5225.0,5225.0,100.0,3133.1,4921.7,3648.4,2876.7,3075.9,3287.2,3810.2,2517.8,2785.6,3714.6,3879.0,3145.2,3440.2,2325.3,2615.4,1977.3,2109.5,3133.1,56.3,80.0,67.6,51.9,56.3,60.3,70.2,44.7,50.0,68.6,71.6,57.8,63.1,40.6,45.8,34.4,37.0,80.0,56.3,64.9,91.2,77.3,60.2,65.0,69.6,80.8,51.8,58.0,78.8,82.2,66.7,72.8,47.5,53.4,40.0,42.9,64.9,52.2,52.2,52.2,52.2,52.2,52.2,52.2,52.2,52.2,0.0,81.6,94.1,79.7,87.7,76.3,91.8,83.3,74.3,65.7,18.4,5.9,20.3,12.3,23.7,8.2,16.7,25.7,34.1,0.0,0.0,0.0,0.0,0.0,0.0,0.0,0.0,0.2,3000.0,30.00,30,40,40,76,116,884,1,61.1,59.8,60.2,54.9,57.0,52.4,59.1,53.3,58.9,54.5,54.1,50.0,45.9,45.9,51.0,43.0,46.8,46.0,60.0,1.186,1.250,1.100,54.840,14.808,54.840,81.000,7.463,98.514,6.496,7.315,6.355,7.180,5.996,7.464,6.803,5.703,5.153,64.977,18.510,91.697,98.560,2000.0,3000.0,5228.2,5228.2,5250.0,60.8,45.7,45.0,60.8,63.0,Ne,Ne,Ne,10.208,6.178,6.5,31,61,50,26,1.190,5.040,3.408,3.328,12.288,1.101,1.243,3.408,3.280,3.344,1.056,1.056,1.048,1.350,1.814,0.912,3.344,0.064,0.048,0.048,0.048,1.016,1.016,1320,1075,2777,51.9,58.3,47,46,22516506,1.175,1.238,605699,61,15,7384286,53,18,6802718,182.6,1.9,43.2,1.350,1.365,1.800,1.815,1.005,5.040,1.500,Ne,Ne,Ne,41.5,1.350,1.365,1.815,1.815,1.005,5.040,1.750,Ne,Ne,Ne,62,78,99.0,100.0,Ne,Ne,30664,54295,46.1,3.1,49.2,18.330,2.080,87807,222459,53.0,62.0,70.0,1.061,1393,3138.0,2238.0,100.0,95.0,23.0,2.6,2.6,27.0,10927,1130,32.0,346090,0.0,44.9,0.725,16.000,18.000,115.000,600.0,3000.0,1200.0,100.0,0.0,0.0,0.0,0.0,0.0,0.0,0.0,0.0,0,0,16.0,246,Ne,Ne,Ne,228.5,228.1,4.38,4.32,0.00,4.24,0.13,0,0,0.0,0.0,0,0,0.0,0.0,0,0,0.0,0.0,157685,4546,1141.3,44.6,0,0.0,
20.5.2026,12:45:55.871,33558,9600,77.7,19759,12136,61.9,0.7,1.181,1.170,1.185,1.185,1.185,1.185,1.180,1.180,1.180,5225.0,5225.0,5225.0,5225.0,5225.0,5225.0,5225.0,5225.0,5225.0,100.0,2695.7,4768.6,3192.9,2219.5,2716.8,2858.6,3363.2,1672.2,2496.0,3208.9,3837.1,2642.6,2994.8,1510.3,2467.6,1067.1,2115.3,2695.7,47.4,76.3,58.6,38.5,49.1,51.8,61.3,28.1,43.7,58.6,70.8,46.9,54.1,24.7,42.3,17.4,36.4,76.3,47.4,55.4,87.0,67.6,45.5,57.5,60.5,71.2,33.7,51.4,67.9,81.3,55.0,63.3,30.1,50.1,21.3,42.7,55.4,52.2,52.2,52.2,52.2,52.2,52.2,52.2,52.2,52.2,0.0,73.6,91.2,71.0,79.9,64.6,89.4,74.8,63.6,54.3,26.4,8.8,29.0,20.1,35.4,10.6,25.2,36.4,45.7,0.0,0.0,0.0,0.0,0.0,0.0,0.0,0.0,0.0,3000.0,30.00,30,40,40,76,116,884,1,60.8,57.9,58.1,52.6,55.3,50.0,56.8,50.4,56.9,52.0,51.8,47.7,44.8,44.8,51.0,43.2,46.3,46.0,60.0,1.184,1.250,1.100,48.840,14.452,48.851,77.500,7.434,90.638,5.781,6.803,5.563,6.516,5.067,6.920,6.067,4.933,4.382,57.751,18.065,83.994,90.625,2000.0,3000.0,5230.5,5230.5,5250.0,55.9,40.7,43.1,55.9,60.9,Ne,Ne,Ne,6.699,4.041,5.9,31,60,49,26,1.172,5.040,3.408,3.328,12.288,1.101,1.243,3.408,3.280,3.344,1.056,1.056,1.048,1.350,1.814,0.912,3.344,0.064,0.048,0.048,0.048,1.016,1.016,1337,1089,2727,51.9,58.3,46,46,22516606,1.183,1.238,605701,43,15,7384408,73,18,6802836,182.6,1.9,43.2,1.350,1.365,1.815,1.800,1.005,5.040,1.125,Ne,Ne,Ne,41.5,1.350,1.365,1.815,1.800,1.005,5.040,1.000,Ne,Ne,Ne,62,78,99.0,100.0,Ne,Ne,30664,54295,100.0,21.0,100.0,76.599,1.736,87955,222462,53.0,63.0,71.0,1.043,1393,3118.0,2238.0,100.0,98.4,26.0,2.3,2.3,27.0,10927,1130,32.0,346090,0.0,44.8,0.725,28.000,17.000,59.000,600.0,3000.0,1200.0,100.0,0.0,0.0,0.0,0.0,0.0,0.0,0.0,0.0,0,0,16.0,246,Ne,Ne,Ne,228.9,228.8,4.37,4.36,0.00,4.26,0.11,0,0,0.0,0.0,0,0,0.0,0.0,0,0,0.0,0.0,157687,4546,1128.3,42.0,0,0.0,
20.5.2026,12:45:57.876,33555,9604,77.7,19747,12148,61.9,0.7,1.180,1.185,1.180,1.175,1.175,1.170,1.185,1.185,1.185,5225.0,5225.0,5225.0,5225.0,5225.0,5225.0,5225.0,5225.0,5225.0,100.0,2737.9,4862.1,3172.6,2291.2,2783.3,2977.7,3306.0,1860.2,2521.5,3454.3,3562.6,2740.6,2997.2,1612.4,2448.1,1138.5,2078.9,2737.9,48.6,79.8,58.5,39.8,50.4,54.4,60.5,32.3,43.9,63.6,65.6,49.5,54.6,27.2,42.4,19.3,36.3,79.8,48.6,56.4,90.6,67.1,46.7,58.6,63.0,70.0,37.8,51.2,73.2,75.5,57.5,63.5,32.4,49.7,22.9,42.2,56.4,52.2,52.2,52.2,52.2,52.2,52.2,52.2,52.2,52.2,0.0,74.3,93.0,71.6,80.1,66.7,88.2,75.6,64.1,55.0,25.7,7.0,28.4,19.9,33.3,11.8,24.4,35.9,45.0,0.0,0.0,0.0,0.0,0.0,0.0,0.0,0.0,0.0,3000.0,30.00,30,40,40,76,116,884,1,60.2,57.8,56.4,52.6,55.6,50.0,56.6,50.5,56.6,52.0,51.7,47.6,44.7,44.7,51.2,43.3,46.1,46.0,60.0,1.182,1.250,1.100,50.158,14.700,50.162,80.000,7.446,92.516,5.845,6.956,5.635,6.518,5.214,6.940,6.109,4.969,4.421,59.242,18.375,85.807,92.547,2000.0,3000.0,5230.1,5230.1,5250.0,57.1,41.8,44.4,57.1,60.8,Ne,Ne,Ne,8.943,5.153,5.9,31,60,49,26,1.172,5.040,3.408,3.328,12.288,1.101,1.243,3.408,3.280,3.344,1.056,1.056,1.048,1.350,1.814,0.912,3.344,0.064,0.048,0.048,0.048,1.016,1.016,1337,1089,2727,51.0,58.3,46,46,22516606,1.183,1.238,605701,43,15,7384408,73,18,6802836,182.6,1.9,43.2,1.350,1.365,1.815,1.800,0.990,5.040,0.750,Ne,Ne,Ne,41.5,1.350,1.365,1.815,1.800,0.990,5.040,1.000,Ne,Ne,Ne,62,78,99.0,100.0,Ne,Ne,30664,54295,4.8,0.1,4.9,24.877,1.322,88002,222465,53.0,63.0,71.0,1.043,1393,3118.0,2238.0,100.0,98.4,26.0,2.3,2.3,27.0,10927,1130,32.0,346090,0.0,44.7,0.725,1.000,18.000,102.000,600.0,3000.0,1200.0,100.0,0.0,0.0,0.0,0.0,0.0,0.0,0.0,0.0,0,0,16.0,246,Ne,Ne,Ne,221.2,221.8,4.52,4.51,0.00,4.41,0.11,0,0,0.0,0.0,0,0,0.0,0.0,0,0,0.0,0.0,157689,4546,951.8,37.9,0,0.0,
20.5.2026,12:45:59.870,33553,9606,77.7,19747,12148,61.9,0.7,1.188,1.180,1.195,1.195,1.195,1.195,1.180,1.180,1.180,5225.0,5225.0,5225.0,5225.0,5225.0,5225.0,5225.0,5225.0,5225.0,100.0,2986.4,4881.7,3428.1,2581.2,3057.5,3211.3,3490.5,2232.1,2719.7,3604.2,3639.8,2996.9,3249.7,2140.1,2667.3,1695.9,2186.3,2986.4,53.3,79.2,63.5,45.8,56.0,58.9,64.0,38.9,48.0,66.4,66.9,54.0,59.5,36.5,47.4,29.2,38.1,79.2,53.3,61.5,90.3,72.6,53.1,64.7,68.0,73.9,45.2,55.7,76.4,77.1,62.5,68.8,43.1,55.1,33.9,44.1,61.5,52.2,52.2,52.2,52.2,52.2,52.2,52.2,52.2,52.2,0.0,78.6,93.3,76.7,84.0,71.6,89.5,80.1,71.8,62.0,21.4,6.7,23.3,16.0,28.4,10.5,19.9,28.2,38.0,0.0,0.0,0.0,0.0,0.0,0.0,0.0,0.0,0.0,3000.0,30.00,30,40,40,76,116,884,1,60.2,58.4,58.5,53.6,56.0,51.2,57.8,51.8,57.4,53.2,52.6,49.0,45.2,45.2,51.0,43.0,46.6,46.0,60.0,1.184,1.250,1.100,53.586,14.920,53.574,81.000,7.472,97.092,6.175,7.050,6.059,6.884,5.585,7.108,6.503,5.293,4.919,63.382,18.650,90.251,97.053,2000.0,3000.0,5229.6,5229.6,5250.0,59.9,44.6,45.0,59.9,61.5,Ne,Ne,Ne,11.110,5.690,6.3,31,60,49,26,1.181,5.040,3.408,3.328,12.288,1.101,1.243,3.408,3.280,3.328,1.056,1.056,1.048,1.350,1.814,0.912,3.344,0.064,0.056,0.048,0.048,1.016,1.016,1333,1080,2721,51.0,58.3,47,46,22516802,1.183,1.234,605706,64,14,7384566,34,17,6802993,182.6,1.9,43.2,1.350,1.365,1.815,1.800,0.990,5.040,0.875,Ne,Ne,Ne,41.5,1.350,1.365,1.815,1.800,0.990,5.040,1.500,Ne,Ne,Ne,62,78,99.0,100.0,Ne,Ne,30664,54295,3.0,0.1,3.1,4.075,1.123,88010,222467,53.0,64.0,70.0,1.060,1394,3134.0,2238.0,100.0,98.6,27.0,2.5,2.5,27.0,10927,1130,32.0,346090,0.0,44.8,0.725,8.000,18.000,108.000,600.0,3000.0,1200.0,100.0,0.0,0.0,0.0,0.0,0.0,0.0,0.0,0.0,0,0,16.0,246,Ne,Ne,Ne,213.7,213.2,4.68,4.69,0.00,4.55,0.13,0,0,0.0,0.0,0,0,0.0,0.0,0,0,0.0,0.0,157690,4547,611.6,35.2,0,0.0,
20.5.2026,12:46:1.870,33547,9611,77.7,19749,12145,61.9,0.7,1.177,1.185,1.190,1.190,1.170,1.170,1.170,1.170,1.170,5225.0,5225.0,5225.0,5225.0,5225.0,5225.0,5225.0,5225.0,5225.0,100.0,2821.4,4820.4,3296.4,2500.9,2737.4,3113.2,3438.7,2193.5,2395.5,3423.0,3755.7,2892.1,3039.7,2260.3,1873.7,1936.6,1465.0,2821.4,50.6,78.3,61.2,44.0,50.2,57.3,63.5,38.5,42.5,63.4,69.7,53.0,55.8,39.9,32.8,34.1,25.6,78.3,50.6,58.3,88.9,69.7,51.1,58.0,66.0,72.9,44.8,49.2,72.6,79.7,61.3,64.4,46.4,38.3,39.5,29.8,58.3,52.2,52.2,52.2,52.2,52.2,52.2,52.2,52.2,52.2,0.0,75.7,92.2,73.1,82.2,68.9,89.0,76.9,65.8,57.7,24.3,7.8,26.9,17.8,31.1,11.0,23.1,34.2,42.3,0.0,0.0,0.0,0.0,0.0,0.0,0.0,0.0,0.0,3000.0,30.00,30,40,40,76,116,884,1,60.1,58.1,57.2,53.2,55.7,50.7,57.3,51.3,57.1,52.8,52.2,48.5,44.9,44.9,51.5,43.4,46.4,46.0,60.0,1.185,1.250,1.100,51.700,14.867,51.691,78.000,7.443,94.681,6.026,7.031,5.839,6.703,5.443,7.047,6.338,5.120,4.685,61.178,18.583,87.948,94.700,2000.0,3000.0,5229.7,5229.7,5250.0,58.5,43.1,43.3,58.5,61.2,Ne,Ne,Ne,11.073,5.082,6.1,31,60,49,26,1.181,5.040,3.408,3.328,12.288,1.101,1.243,3.408,3.280,3.328,1.056,1.056,1.048,1.350,1.814,0.912,3.344,0.064,0.056,0.048,0.048,1.016,1.016,1333,1080,2721,51.0,58.3,47,46,22516900,1.191,1.238,605706,64,14,7384566,34,17,6802993,182.6,1.9,43.2,1.350,1.365,1.815,1.800,0.990,5.040,2.250,Ne,Ne,Ne,41.5,1.350,1.365,1.815,1.800,0.990,5.040,2.375,Ne,Ne,Ne,62,78,99.0,100.0,Ne,Ne,30664,54295,2.7,0.2,2.9,6.126,0.197,88022,222467,53.0,64.0,70.0,1.060,1394,3134.0,2238.0,100.0,98.6,27.0,2.5,2.5,27.0,10927,1130,32.0,346090,0.0,44.8,0.725,58.000,19.000,93.000,600.0,3000.0,1200.0,100.0,0.0,0.0,0.0,0.0,0.0,0.0,0.0,0.0,0,0,16.0,246,Ne,Ne,Ne,202.3,202.5,4.94,4.94,0.00,4.82,0.13,0,0,0.0,0.0,0,0,0.0,0.0,0,0,0.0,0.0,157691,4547,478.0,23.5,0,0.0,
20.5.2026,12:46:3.870,33539,9620,77.7,19744,12150,61.9,0.7,1.179,1.175,1.175,1.175,1.175,1.175,1.185,1.185,1.185,5225.0,5225.0,5225.0,5225.0,5225.0,5225.0,5225.0,5225.0,5225.0,100.0,2857.1,4838.7,3326.2,2714.3,2726.7,3079.3,3534.0,2336.7,2321.5,3207.1,3977.5,2976.8,3064.5,2493.4,1567.6,2389.6,1159.8,2857.1,51.1,78.7,62.0,48.2,49.2,56.1,65.4,40.7,40.6,58.8,74.1,54.5,56.2,44.3,27.4,41.4,19.5,78.7,51.1,58.8,89.3,70.6,55.9,56.8,64.9,75.0,47.2,47.1,67.9,84.5,63.0,64.9,51.1,31.8,48.1,23.0,58.8,52.2,52.2,52.2,52.2,52.2,52.2,52.2,52.2,52.2,0.0,76.2,92.5,74.5,83.0,68.7,89.1,77.8,65.5,58.6,23.7,7.5,25.5,17.0,31.3,10.9,22.2,34.5,40.9,0.1,0.0,0.0,0.0,0.0,0.0,0.0,0.0,0.4,3000.0,30.00,30,40,40,76,116,884,1,59.8,57.7,57.2,52.9,55.2,50.6,57.0,51.1,56.6,52.6,52.0,48.2,44.9,44.9,51.0,43.1,46.3,46.0,60.0,1.184,1.250,1.100,51.050,14.793,51.061,78.500,7.439,93.722,5.938,6.836,5.831,6.658,5.393,6.863,6.291,5.025,4.610,60.380,18.491,87.054,93.733,2000.0,3000.0,5229.8,5229.8,5250.0,57.9,42.6,43.6,57.9,60.7,Ne,Ne,Ne,9.435,4.249,6.1,31,60,49,26,1.190,5.040,3.408,3.328,12.192,1.101,1.243,3.392,3.280,3.328,1.056,1.056,1.048,1.359,1.814,0.912,3.344,0.064,0.048,0.048,0.048,1.016,1.016,1331,1064,2721,51.9,58.3,47,46,22516998,1.179,1.238,605710,41,14,7384826,63,18,6803245,182.6,1.9,43.2,1.350,1.365,1.815,1.800,0.990,5.040,1.000,Ne,Ne,Ne,41.5,1.350,1.365,1.815,1.800,0.990,5.040,0.750,Ne,Ne,Ne,62,78,99.0,100.0,Ne,Ne,30664,54295,7.4,0.1,7.5,13.828,0.994,88048,222469,53.0,64.0,71.0,1.054,1394,3127.0,2238.0,100.0,98.6,24.0,2.4,2.4,27.0,10927,1130,32.0,346090,0.0,44.7,0.725,62.000,18.000,95.000,600.0,3000.0,1200.0,100.0,0.0,0.0,0.0,0.0,0.0,0.0,0.0,0.0,0,0,16.0,246,Ne,Ne,Ne,208.3,208.1,4.80,4.80,0.00,4.69,0.11,0,0,0.0,0.0,0,0,0.0,0.0,0,0,0.0,0.0,157692,4547,502.2,31.2,0,0.0,
20.5.2026,12:46:5.870,33531,9628,77.6,19747,12148,61.9,0.7,1.174,1.190,1.175,1.175,1.170,1.170,1.170,1.170,1.170,5225.0,5225.0,5225.0,5225.0,5225.0,5225.0,5225.0,5225.0,5225.0,100.0,2654.7,4778.2,2976.0,2588.2,2306.4,2986.4,3253.8,2289.8,1841.1,3351.6,3522.3,2904.9,2753.2,2385.2,1287.6,2263.0,987.3,2654.7,47.1,80.5,54.9,45.1,40.0,54.4,59.7,39.9,31.4,61.7,65.1,53.1,49.1,41.9,22.1,39.0,15.7,80.5,47.1,54.6,91.4,63.0,52.7,46.9,63.2,69.0,46.5,37.1,71.0,74.7,61.5,57.3,48.6,26.1,45.7,19.3,54.6,52.2,52.2,52.2,52.2,52.2,52.2,52.2,52.2,52.2,0.0,72.9,91.4,70.2,79.5,63.7,87.3,75.9,60.7,54.7,27.1,8.6,29.8,20.5,36.3,12.7,24.1,39.3,45.3,0.0,0.0,0.0,0.0,0.0,0.0,0.0,0.0,0.0,3000.0,30.00,30,40,40,76,116,884,1,59.8,57.4,57.2,52.2,54.9,49.3,56.4,49.9,56.4,51.6,51.2,47.5,44.4,44.4,50.5,43.1,46.0,46.0,60.0,1.184,1.250,1.100,48.878,14.670,48.877,77.500,7.409,90.903,5.723,6.791,5.414,6.475,5.004,6.886,6.005,4.790,4.417,57.788,18.337,84.275,90.908,2000.0,3000.0,5230.1,5230.1,5250.0,56.1,40.7,43.1,56.1,60.4,Ne,Ne,Ne,8.263,4.092,5.8,31,59,48,26,1.163,5.040,3.408,3.328,12.192,1.101,1.243,3.408,3.280,3.344,1.056,1.056,1.048,1.359,1.814,0.912,3.344,0.064,0.056,0.048,0.048,1.016,1.016,1310,1064,2749,51.9,58.3,46,46,22517094,1.175,1.238,605713,66,16,7384908,34,17,6803326,182.6,1.9,43.2,1.350,1.365,1.800,1.800,0.990,5.040,1.750,Ne,Ne,Ne,41.5,1.350,1.365,1.800,1.800,0.990,5.040,1.125,Ne,Ne,Ne,62,78,99.0,100.0,Ne,Ne,30664,54295,16.9,0.2,17.0,26.430,1.829,88099,222473,53.0,63.0,71.0,1.061,1395,3137.0,2238.0,100.0,98.9,23.0,2.2,2.2,27.0,10927,1130,32.0,346090,0.0,44.7,0.725,63.000,20.000,108.000,600.0,3000.0,1200.0,100.0,0.0,0.0,0.0,0.0,0.0,0.0,0.0,0.0,0,0,16.0,246,Ne,Ne,Ne,208.2,208.4,4.80,4.80,0.00,4.70,0.11,0,0,0.0,0.0,0,0,0.0,0.0,0,0,0.0,0.0,157692,4547,340.6,22.9,0,0.0,
20.5.2026,12:46:7.869,33590,9569,77.8,19801,12094,62.0,0.7,1.184,1.175,1.185,1.185,1.185,1.185,1.185,1.185,1.185,5225.0,5225.0,5225.0,5225.0,5225.0,5225.0,5225.0,5225.0,5225.0,100.0,2927.4,4847.1,3375.8,3052.2,2501.4,3396.5,3250.9,2659.0,2189.6,3998.6,3310.7,3220.8,2927.8,2678.0,1620.3,2426.8,1382.6,2927.4,51.9,78.1,62.3,55.3,43.6,62.1,59.4,46.9,37.6,74.1,60.1,58.9,51.8,48.1,27.5,42.2,22.4,78.1,51.9,60.4,89.2,71.5,64.3,51.3,72.0,68.9,54.8,44.6,84.9,69.8,68.2,60.7,55.9,32.9,49.7,27.6,60.4,52.2,52.2,52.2,52.2,52.2,52.2,52.2,52.2,52.2,0.0,77.6,92.7,75.7,83.9,70.4,90.7,79.8,66.8,60.7,22.3,7.3,24.3,16.1,29.6,9.3,20.2,33.1,38.9,0.1,0.0,0.0,0.0,0.0,0.0,0.0,0.1,0.4,3000.0,30.00,30,40,40,76,116,884,1,60.0,58.3,61.6,53.4,55.6,51.0,57.5,51.6,57.5,53.0,52.5,48.8,45.1,45.1,51.0,43.2,46.5,46.0,60.0,1.185,1.250,1.100,51.900,14.856,51.885,78.500,7.443,95.013,6.112,6.973,5.978,6.772,5.532,7.157,6.412,5.232,4.838,61.431,18.570,88.189,95.023,2000.0,3000.0,5229.3,5229.3,5250.0,58.7,43.2,43.6,58.7,61.3,Ne,Ne,Ne,11.134,6.139,6.2,31,59,48,26,1.163,5.040,3.408,3.328,12.192,1.101,1.243,3.392,3.280,3.328,1.056,1.056,1.048,1.350,1.814,0.912,3.344,0.064,0.056,0.048,0.048,1.016,1.016,1322,1086,2743,51.9,57.4,46,46,22517094,1.175,1.238,605713,66,16,7384908,34,17,6803326,182.6,1.9,43.2,1.350,1.365,1.800,1.800,0.990,5.040,1.000,Ne,Ne,Ne,41.5,1.350,1.365,1.800,1.800,0.990,5.040,0.875,Ne,Ne,Ne,62,78,99.0,100.0,Ne,Ne,30664,54295,20.5,0.2,20.7,25.436,1.588,88148,222476,53.0,63.0,71.0,1.061,1395,3137.0,2238.0,100.0,98.9,23.0,2.2,2.2,27.0,10927,1130,32.0,346090,0.0,44.7,0.725,44.000,18.000,77.000,600.0,3000.0,1200.0,100.0,0.0,0.0,0.0,0.0,0.0,0.0,0.0,0.0,0,0,16.0,246,Ne,Ne,Ne,185.1,184.8,5.40,5.40,0.00,5.28,0.12,0,0,0.0,0.0,0,0,0.0,0.0,0,0,0.0,0.0,157693,4547,527.2,29.9,0,0.0,
20.5.2026,12:46:9.873,33571,9588,77.7,19784,12110,62.0,0.7,1.182,1.180,1.180,1.180,1.180,1.180,1.180,1.190,1.190,5225.0,5225.0,5225.0,5225.0,5225.0,5225.0,5225.0,5225.0,5225.0,100.0,3014.1,4911.6,3399.6,2834.6,2907.2,3320.1,3466.2,2499.3,2621.4,3713.6,3658.6,3103.2,3161.3,2223.9,2302.1,2043.0,2059.7,3014.1,54.2,81.1,63.2,51.9,52.3,61.1,64.0,44.6,46.8,68.8,67.6,57.2,57.9,39.4,40.5,35.6,35.4,81.1,54.2,62.3,92.1,72.0,59.8,60.4,70.4,73.5,51.3,54.1,78.8,77.6,65.8,66.9,45.3,46.7,41.2,41.2,62.3,52.2,52.2,52.2,52.2,52.2,52.2,52.2,52.2,52.2,0.0,78.5,93.9,76.3,85.1,71.9,90.3,79.4,68.0,63.1,21.5,6.1,23.7,14.9,28.1,9.7,20.6,32.0,36.9,0.0,0.0,0.0,0.0,0.0,0.0,0.0,0.0,0.0,3000.0,30.00,30,40,40,76,116,884,1,60.8,59.0,58.1,54.0,56.1,51.8,58.0,52.5,57.9,53.7,53.0,49.3,45.3,45.3,51.0,43.2,46.8,46.0,60.0,1.186,1.250,1.100,52.918,14.824,52.942,84.500,7.432,96.304,6.261,7.077,6.199,6.893,5.803,7.236,6.540,5.374,4.964,62.704,18.530,89.410,96.307,2000.0,3000.0,5229.2,5229.2,5250.0,59.4,44.1,46.9,59.4,62.1,Ne,Ne,Ne,10.723,6.038,6.3,31,60,49,26,1.181,5.040,3.408,3.328,12.192,1.101,1.243,3.408,3.280,3.328,1.056,1.056,1.048,1.359,1.814,0.912,3.344,0.064,0.048,0.048,0.048,1.016,1.016,1327,1080,2721,51.0,58.3,47,46,22517288,1.171,1.238,605717,65,15,7385040,39,18,6803453,182.6,1.9,43.2,1.350,1.365,1.800,1.800,0.990,5.040,0.875,Ne,Ne,Ne,41.5,1.350,1.365,1.800,1.800,0.990,5.040,1.000,Ne,Ne,Ne,62,78,99.0,100.0,Ne,Ne,30664,54295,1.3,0.1,1.4,2.325,1.600,88152,222479,54.0,64.0,71.0,1.024,1393,3049.0,2238.0,99.0,97.8,24.0,2.3,2.3,27.0,10927,1130,32.0,346090,0.0,44.8,0.725,40.000,21.000,77.000,600.0,3000.0,1200.0,100.0,0.0,0.0,0.0,0.0,0.0,0.0,0.0,0.0,0,0,16.0,246,Ne,Ne,Ne,205.4,206.1,4.87,4.85,0.00,4.74,0.12,0,0,0.0,0.0,0,0,0.0,0.0,0,0,0.0,0.0,157696,4547,1175.9,51.7,0,0.0,
20.5.2026,12:46:11.870,33673,9486,78.0,19838,12057,62.1,0.7,1.184,1.185,1.180,1.185,1.185,1.185,1.185,1.185,1.185,5225.0,5225.0,5225.0,5225.0,5225.0,5225.0,5225.0,5225.0,5225.0,100.0,2903.3,4796.5,3394.4,2628.2,2853.2,3086.6,3447.9,2181.0,2592.4,3393.1,3835.1,2974.4,3149.7,1811.2,2473.9,1540.3,2294.7,2903.3,51.3,76.1,62.6,46.2,49.9,56.0,62.9,38.1,45.1,62.0,70.8,54.3,57.2,31.0,43.2,25.7,38.9,76.1,51.3,59.6,87.1,71.8,54.2,58.6,65.3,73.0,44.6,52.8,71.9,81.4,63.0,66.7,36.5,50.5,30.7,45.9,59.6,52.2,52.2,52.2,52.2,52.2,52.2,52.2,52.2,52.2,0.0,76.8,91.7,74.6,82.7,69.7,89.7,79.2,66.2,60.8,23.2,8.3,25.4,17.3,30.3,10.3,20.8,33.8,39.2,0.0,0.0,0.0,0.0,0.0,0.0,0.0,0.0,0.0,3000.0,30.00,30,40,40,76,116,884,1,60.4,58.3,59.9,53.4,55.6,51.0,57.5,51.6,57.4,53.1,52.5,48.8,45.1,45.1,51.2,43.4,46.7,46.0,60.0,1.185,1.250,1.100,50.893,14.795,50.853,76.750,7.456,93.713,6.076,6.926,5.917,6.789,5.515,7.082,6.380,5.205,4.798,60.268,18.494,86.963,93.695,2000.0,3000.0,5229.8,5229.8,5250.0,57.8,42.4,42.6,57.8,61.3,Ne,Ne,Ne,10.150,5.439,6.1,31,60,49,26,1.190,5.040,3.408,3.328,12.192,1.101,1.243,3.408,3.280,3.328,1.056,1.056,1.048,1.350,1.814,0.912,3.344,0.064,0.056,0.048,0.048,1.016,1.016,1344,1093,2749,51.0,58.3,47,46,22517386,1.179,1.238,605717,73,15,7385170,60,18,6803579,182.6,1.9,43.5,1.350,1.365,1.800,1.800,0.990,5.040,1.000,Ne,Ne,Ne,41.5,1.350,1.365,1.800,1.800,0.990,5.040,1.000,Ne,Ne,Ne,62,78,99.0,100.0,Ne,Ne,30664,54295,53.2,3.0,56.2,22.720,1.992,88196,222483,54.0,64.0,71.0,1.030,1392,3082.0,2238.0,100.0,99.0,27.0,2.2,2.2,27.0,10927,1130,32.0,346090,0.0,44.8,0.725,63.000,18.000,96.000,600.0,3000.0,1200.0,100.0,0.0,0.0,0.0,0.0,0.0,0.0,0.0,0.0,0,0,16.0,246,Ne,Ne,Ne,209.6,209.1,4.77,4.78,0.00,4.65,0.12,0,0,0.0,0.0,0,0,0.0,0.0,0,0,0.0,0.0,157698,4547,1190.2,45.8,0,0.0,
20.5.2026,12:46:13.871,33651,9508,77.9,19817,12078,62.1,0.7,1.189,1.185,1.185,1.190,1.190,1.190,1.190,1.190,1.190,5225.0,5225.0,5225.0,5225.0,5225.0,5225.0,5225.0,5225.0,5225.0,100.0,2885.7,4827.7,3374.6,2404.0,3326.4,3022.8,3515.9,1916.6,2748.3,3552.0,3714.8,2824.7,3230.8,1606.8,2531.0,1175.7,2398.7,2885.7,50.9,76.0,62.3,41.2,60.4,54.6,64.3,32.8,48.2,65.1,68.5,50.1,58.8,27.5,43.9,19.3,41.4,76.0,50.9,59.2,86.9,71.4,49.0,70.2,63.5,74.5,38.8,56.4,75.0,78.7,58.3,68.4,32.5,51.3,23.4,48.5,59.2,52.2,52.2,52.2,52.2,52.2,52.2,52.2,52.2,52.2,0.0,77.2,92.3,78.3,82.6,69.5,90.1,78.8,66.5,59.4,22.8,7.7,21.7,17.4,30.5,9.9,21.2,33.5,40.6,0.0,0.0,0.0,0.0,0.0,0.0,0.0,0.0,0.0,3000.0,30.00,30,40,40,76,116,884,1,60.2,58.3,62.9,53.3,55.7,50.7,57.5,51.4,57.5,53.0,52.4,48.6,45.1,45.1,51.0,43.1,46.7,46.0,60.0,1.184,1.250,1.100,50.436,14.757,50.467,76.000,7.460,93.095,6.022,6.949,5.847,6.715,5.417,7.075,6.348,5.115,4.709,59.663,18.446,86.315,93.104,2000.0,3000.0,5229.7,5229.7,5250.0,57.5,42.1,42.2,57.5,61.4,Ne,Ne,Ne,9.514,5.189,6.2,31,60,49,26,1.181,5.040,3.408,3.328,12.192,1.101,1.243,3.408,3.280,3.328,1.056,1.056,1.048,1.359,1.814,0.912,3.328,0.064,0.048,0.048,0.048,1.016,1.016,1348,1061,2772,51.0,58.3,46,46,22517484,1.187,1.238,605722,37,14,7385436,69,18,6803835,182.6,1.9,43.5,1.350,1.365,1.800,1.800,0.990,5.040,1.125,Ne,Ne,Ne,41.5,1.350,1.365,1.800,1.800,0.990,5.040,2.125,Ne,Ne,Ne,62,78,99.0,100.0,Ne,Ne,30664,54295,15.2,0.2,15.5,15.608,2.147,88225,222487,53.0,64.0,70.0,1.058,1407,3130.0,2238.0,100.0,98.7,27.0,2.3,2.3,28.0,10927,1130,32.0,346090,0.0,44.8,0.725,63.000,17.000,96.000,600.0,3000.0,1200.0,100.0,0.0,0.0,0.0,0.0,0.0,0.0,0.0,0.0,0,0,16.0,246,Ne,Ne,Ne,196.3,196.4,5.10,5.09,0.00,4.97,0.13,0,0,0.0,0.0,0,0,0.0,0.0,0,0,0.0,0.0,157700,4547,1004.5,39.1,0,0.0,
20.5.2026,12:46:15.869,33654,9504,77.9,19881,12014,62.3,0.7,1.184,1.180,1.175,1.175,1.175,1.185,1.195,1.195,1.195,5225.0,5225.0,5225.0,5225.0,5225.0,5225.0,5225.0,5225.0,5225.0,100.0,2884.8,4765.5,3420.1,2381.4,3024.6,3166.2,3443.5,2015.6,2665.0,3768.3,3547.0,2869.7,3208.1,1754.4,2359.4,1524.3,2243.6,2884.8,52.0,76.3,63.7,42.2,55.7,58.3,63.6,35.7,48.3,70.1,65.8,52.5,59.2,31.1,42.1,26.9,40.1,76.3,52.0,59.6,86.7,72.4,48.9,64.1,67.1,72.9,41.2,55.6,79.9,75.2,60.4,68.0,35.7,48.4,31.0,46.0,59.6,52.2,52.2,52.2,52.2,52.2,52.2,52.2,52.2,52.2,0.0,76.1,91.1,72.9,82.4,68.8,89.9,77.3,64.8,61.6,23.9,8.9,27.1,17.6,31.2,10.1,22.7,35.2,38.4,0.0,0.0,0.0,0.0,0.0,0.0,0.0,0.0,0.0,3000.0,30.00,30,40,40,76,116,884,1,60.5,58.7,58.5,53.6,56.0,50.9,57.9,51.7,57.8,53.0,52.6,48.9,45.3,45.3,50.8,43.3,46.8,46.0,60.0,1.185,1.250,1.100,51.486,14.852,51.486,81.500,7.480,94.601,6.076,7.004,5.862,6.806,5.537,7.128,6.319,5.131,4.823,60.951,18.565,87.743,94.632,2000.0,3000.0,5229.7,5229.7,5250.0,58.4,42.9,45.3,58.4,61.8,Ne,Ne,Ne,10.985,6.698,6.1,31,60,49,26,1.172,5.040,3.408,3.328,12.192,1.101,1.243,3.392,3.280,3.328,1.056,1.056,1.048,1.359,1.814,0.912,3.328,0.064,0.056,0.048,0.048,1.016,1.016,1331,1086,2721,51.9,57.4,47,46,22517582,1.191,1.238,605724,63,13,7385510,71,18,6803909,182.6,1.9,43.5,1.350,1.365,1.800,1.800,0.990,5.040,2.125,Ne,Ne,Ne,41.5,1.350,1.365,1.800,1.800,0.990,5.040,1.500,Ne,Ne,Ne,62,78,99.0,100.0,Ne,Ne,30664,54295,0.9,0.1,1.0,7.596,0.904,88240,222489,54.0,64.0,71.0,1.056,1409,3139.0,2238.0,100.0,98.3,28.0,2.3,2.3,28.0,10927,1130,32.0,346090,0.0,44.8,0.725,39.000,20.000,74.000,600.0,3000.0,1200.0,100.0,0.0,0.0,0.0,0.0,0.0,0.0,0.0,0.0,0,0,16.0,246,Ne,Ne,Ne,191.6,192.0,5.22,5.21,0.00,5.09,0.13,0,0,0.0,0.0,0,0,0.0,0.0,0,0,0.0,0.0,157701,4547,648.6,37.0,0,0.0,
20.5.2026,12:46:17.871,33701,9457,78.0,19903,11992,62.4,0.7,1.182,1.165,1.185,1.180,1.190,1.180,1.185,1.185,1.185,5225.0,5225.0,5225.0,5225.0,5225.0,5225.0,5225.0,5225.0,5225.0,100.0,2793.1,4839.4,3478.6,2387.9,2743.4,3016.9,3420.4,2108.4,2341.5,3282.7,3904.1,2781.8,3076.3,2148.9,1735.9,1959.3,1464.2,2793.1,49.6,75.8,64.8,41.9,49.7,54.9,63.2,36.8,41.1,60.2,72.8,49.1,56.2,37.7,30.3,34.0,25.1,75.8,49.6,57.2,86.3,73.7,48.8,57.4,63.6,72.5,42.8,47.7,69.3,82.8,57.0,64.8,43.7,35.2,39.5,29.5,57.2,52.2,52.2,52.2,52.2,52.2,52.2,52.2,52.2,52.2,0.0,74.9,92.5,72.4,80.9,67.2,89.0,76.3,63.3,57.6,25.0,7.5,27.6,19.1,32.8,11.0,23.7,36.2,42.4,0.1,0.0,0.0,0.0,0.0,0.0,0.0,0.5,0.0,3000.0,30.00,30,40,40,76,116,884,1,60.6,58.5,61.1,53.0,56.0,50.3,57.4,50.8,57.3,52.3,52.0,48.2,44.9,44.9,51.2,43.2,46.6,46.0,60.0,1.184,1.250,1.100,51.089,14.764,51.076,81.750,7.458,93.927,5.968,7.103,5.707,6.710,5.292,7.071,6.209,5.011,4.643,60.437,18.455,87.096,93.906,2000.0,3000.0,5230.3,5230.3,5250.0,58.0,42.6,45.4,58.0,61.5,Ne,Ne,Ne,9.798,6.137,6.0,31,60,49,26,1.172,5.040,3.408,3.328,12.288,1.101,1.243,3.408,3.280,3.328,1.056,1.056,1.048,1.350,1.814,0.912,3.344,0.064,0.056,0.048,0.048,1.016,1.016,1350,1074,2721,51.0,57.4,47,46,22517582,1.191,1.238,605724,63,13,7385510,71,18,6803909,182.6,1.9,43.5,1.350,1.365,1.800,1.800,0.990,5.040,0.875,Ne,Ne,Ne,41.5,1.350,1.365,1.815,1.800,0.990,5.040,0.875,Ne,Ne,Ne,62,78,99.0,100.0,Ne,Ne,30664,54295,0.4,0.7,1.0,0.073,1.299,88240,222491,54.0,64.0,71.0,1.056,1409,3139.0,2238.0,100.0,98.3,28.0,2.3,2.3,28.0,10927,1130,32.0,346090,0.0,44.8,0.725,5.000,17.000,103.000,600.0,3000.0,1200.0,100.0,0.0,0.0,0.0,0.0,0.0,0.0,0.0,0.0,0,0,16.0,246,Ne,Ne,Ne,202.2,202.2,4.95,4.94,0.00,4.82,0.13,0,0,0.0,0.0,0,0,0.0,0.0,0,0,0.0,0.0,157703,4547,1086.8,43.4,0,0.0,
20.5.2026,12:46:19.874,33589,9569,77.8,19827,12067,62.1,0.7,1.186,1.190,1.190,1.190,1.190,1.190,1.190,1.175,1.175,5225.0,5225.0,5225.0,5225.0,5225.0,5225.0,5225.0,5225.0,5225.0,100.0,2874.2,4862.0,3470.1,2820.2,2556.1,3367.2,3312.4,2530.7,2136.1,3447.7,3879.2,3025.4,3001.8,2624.1,1411.2,2496.7,1046.0,2874.2,51.3,78.4,64.6,49.3,45.3,61.9,61.1,44.4,37.7,63.7,72.3,55.6,55.3,46.0,24.9,43.5,17.7,78.4,51.3,59.2,89.2,73.5,57.2,52.4,71.4,70.3,51.5,43.7,73.3,82.4,64.2,63.9,53.2,29.0,50.5,21.0,59.2,52.2,52.2,52.2,52.2,52.2,52.2,52.2,52.2,52.2,0.0,77.3,93.0,76.1,83.3,71.0,90.1,79.1,66.4,59.7,22.7,7.0,23.9,16.7,29.0,9.9,20.9,33.6,40.3,0.0,0.0,0.0,0.0,0.0,0.0,0.0,0.0,0.0,3000.0,30.00,30,40,40,76,116,884,1,60.8,58.8,59.0,53.6,56.2,51.0,58.1,51.6,57.8,53.2,52.5,48.7,45.2,45.2,51.2,43.3,47.0,46.0,60.0,1.184,1.250,1.100,52.390,14.552,52.396,80.000,7.463,95.039,6.121,7.093,5.911,6.951,5.521,7.183,6.474,5.129,4.708,61.976,18.190,88.375,95.067,2000.0,3000.0,5229.7,5229.7,5250.0,58.7,43.7,44.4,58.7,61.9,Ne,Ne,Ne,7.775,4.479,6.2,31,60,49,26,1.190,5.040,3.408,3.328,12.192,1.101,1.243,3.408,3.280,3.328,1.056,1.056,1.048,1.350,1.814,0.912,3.344,0.064,0.048,0.048,0.048,1.016,1.016,1332,1067,2727,51.0,57.4,47,46,22517778,1.171,1.238,605729,42,14,7385716,54,18,6804111,182.6,1.9,43.5,1.350,1.365,1.815,1.800,0.990,5.040,1.000,Ne,Ne,Ne,41.5,1.350,1.365,1.815,1.800,0.990,5.040,1.250,Ne,Ne,Ne,62,78,99.0,100.0,Ne,Ne,30664,54295,0.5,1.0,1.6,0.141,0.847,88240,222493,54.0,64.0,71.0,1.047,1412,3114.0,2238.0,100.0,98.8,25.0,2.1,2.1,27.0,10927,1130,32.0,346090,0.0,44.7,0.725,46.000,18.000,79.000,600.0,3000.0,1200.0,100.0,0.0,0.0,0.0,0.0,0.0,0.0,0.0,0.0,0,0,16.0,246,Ne,Ne,Ne,193.9,193.2,5.16,5.17,0.00,5.04,0.12,0,0,0.0,0.0,0,0,0.0,0.0,0,0,0.0,0.0,157705,4547,921.8,31.7,0,0.0,
20.5.2026,12:46:21.870,33582,9577,77.8,19824,12071,62.1,0.7,1.190,1.190,1.190,1.190,1.190,1.190,1.190,1.190,1.190,5225.0,5225.0,5225.0,5225.0,5225.0,5225.0,5225.0,5225.0,5225.0,100.0,2713.5,4764.5,3139.7,2739.1,2376.8,3220.8,3060.7,2360.2,1981.1,3571.3,3363.8,2919.9,2768.0,2412.4,1359.4,2312.4,1065.5,2713.5,48.1,77.0,58.1,48.2,41.7,59.0,56.1,41.3,34.4,66.0,61.9,53.5,49.4,42.4,23.6,39.9,16.9,77.0,48.1,55.6,87.7,66.4,55.9,48.5,68.2,64.8,48.0,40.2,75.7,71.3,61.9,57.4,49.0,27.5,46.5,21.0,55.6,52.2,52.2,52.2,52.2,52.2,52.2,52.2,52.2,52.2,0.0,73.4,91.1,71.4,80.3,65.5,87.3,75.0,61.1,55.9,26.6,8.9,28.6,19.7,34.5,12.7,25.0,38.9,44.1,0.0,0.0,0.0,0.0,0.0,0.0,0.0,0.0,0.0,3000.0,30.00,30,40,40,76,116,884,1,60.5,57.9,57.2,52.7,55.6,50.1,57.1,50.5,56.7,52.1,51.6,47.9,44.8,44.8,50.8,43.1,46.7,46.0,60.0,1.184,1.250,1.100,50.054,14.664,50.070,78.000,7.450,92.436,5.838,6.926,5.655,6.639,5.150,6.910,6.119,4.824,4.482,59.206,18.330,85.730,92.474,2000.0,3000.0,5230.5,5230.5,5250.0,57.1,41.7,43.3,57.1,60.9,Ne,Ne,Ne,8.830,4.688,5.9,31,60,49,26,1.181,5.040,3.408,3.328,12.192,1.101,1.243,3.408,3.280,3.328,1.056,1.056,1.048,1.350,1.814,0.912,3.344,0.064,0.048,0.048,0.048,1.016,1.016,1331,1064,2721,51.9,57.4,47,46,22517876,1.179,1.238,605732,51,15,7385800,46,16,6804194,182.6,1.9,43.5,1.350,1.365,1.815,1.800,0.990,5.040,1.250,Ne,Ne,Ne,41.5,1.350,1.365,1.815,1.800,1.005,5.040,1.250,Ne,Ne,Ne,62,78,99.0,100.0,Ne,Ne,30664,54295,0.2,0.1,0.3,3.758,1.601,88248,222496,54.0,64.0,71.0,1.022,1414,3060.0,2238.0,100.0,98.6,27.0,2.2,2.2,27.0,10927,1130,32.0,346090,0.0,44.8,0.725,3.000,18.000,101.000,600.0,3000.0,1200.0,100.0,0.0,0.0,0.0,0.0,0.0,0.0,0.0,0.0,0,0,16.0,246,Ne,Ne,Ne,185.6,185.8,5.39,5.37,0.00,5.27,0.11,0,0,0.0,0.0,0,0,0.0,0.0,0,0,0.0,0.0,157706,4547,550.5,30.6,0,0.0,
20.5.2026,12:46:23.876,33628,9531,77.9,19847,12048,62.2,0.7,1.186,1.190,1.175,1.195,1.195,1.180,1.185,1.185,1.185,5225.0,5225.0,5225.0,5225.0,5225.0,5225.0,5225.0,5225.0,5225.0,100.0,2642.5,4824.7,3142.2,2693.2,2143.7,3116.1,3119.3,2267.0,1776.9,3828.4,3092.7,2904.4,2612.5,2253.5,1299.8,2060.5,1145.9,2642.5,47.2,80.2,58.2,48.1,37.7,57.2,57.2,39.9,30.9,71.3,56.6,52.4,46.5,39.8,22.5,36.1,20.3,80.2,47.2,54.4,90.8,66.5,55.6,43.9,66.0,65.9,46.3,36.1,81.2,65.5,60.4,54.1,46.0,26.3,41.8,23.1,54.4,52.2,52.2,52.2,52.2,52.2,52.2,52.2,52.2,52.2,0.0,72.1,92.2,69.1,78.3,63.3,86.6,72.3,59.6,55.5,27.8,7.8,30.9,21.7,36.7,13.4,27.7,40.2,44.1,0.1,0.0,0.0,0.0,0.0,0.0,0.0,0.2,0.4,3000.0,30.00,30,40,40,76,116,884,1,60.1,57.3,59.0,51.9,55.0,49.2,56.4,49.5,56.3,51.0,50.7,47.2,44.3,44.3,51.0,43.3,46.4,46.0,60.0,1.183,1.250,1.100,48.607,14.485,48.592,79.000,7.442,90.373,5.684,6.807,5.440,6.507,4.937,6.893,5.880,4.617,4.390,57.421,18.106,83.713,90.383,2000.0,3000.0,5230.6,5230.6,5250.0,55.8,40.5,43.9,55.8,60.3,Ne,Ne,Ne,7.915,4.646,5.8,31,60,49,26,1.172,5.000,3.408,3.328,12.192,1.101,1.243,3.408,3.280,3.328,1.056,1.056,1.048,1.359,1.814,0.912,3.344,0.064,0.056,0.048,0.048,1.016,1.016,1351,1068,2721,51.0,57.4,46,46,22517974,1.171,1.238,605734,20,14,7385902,22,18,6804293,182.6,1.9,43.5,1.350,1.365,1.815,1.800,1.005,5.040,2.000,Ne,Ne,Ne,41.5,1.350,1.365,1.815,1.800,1.005,5.040,0.750,Ne,Ne,Ne,62,78,99.0,100.0,Ne,Ne,30664,54295,0.1,0.0,0.1,0.221,0.162,88248,222496,54.0,64.0,70.0,1.042,1414,3109.0,2238.0,100.0,97.6,26.0,2.1,2.1,27.0,10927,1130,32.0,346090,0.0,44.6,0.725,44.000,18.000,78.000,600.0,3000.0,1200.0,100.0,0.0,0.0,0.0,0.0,0.0,0.0,0.0,0.0,0,0,16.0,246,Ne,Ne,Ne,209.4,210.9,4.78,4.72,0.41,4.65,0.13,0,0,0.0,0.0,0,0,0.0,0.0,0,0,0.0,0.0,157707,4547,511.1,36.4,0,0.0,
20.5.2026,12:46:25.871,33585,9574,77.8,19818,12077,62.1,0.7,1.182,1.195,1.190,1.175,1.180,1.180,1.180,1.180,1.180,5225.0,5225.0,5225.0,5225.0,5225.0,5225.0,5225.0,5225.0,5225.0,100.0,2944.9,4944.5,3450.8,2581.8,2976.0,3148.7,3585.0,2171.6,2648.7,3396.3,3968.8,2971.3,3181.2,1797.6,2477.1,1721.6,2098.3,2944.9,52.9,82.0,64.1,46.1,54.5,57.7,66.0,38.2,46.9,62.5,73.6,54.6,58.3,31.5,43.6,29.7,36.2,82.0,52.9,60.9,93.0,73.1,53.3,63.0,66.7,76.0,44.4,54.5,72.0,84.2,63.0,67.3,36.5,50.5,34.8,42.3,60.9,52.2,52.2,52.2,52.2,52.2,52.2,52.2,52.2,52.2,0.0,78.4,94.6,77.1,84.1,71.4,89.6,79.8,68.3,62.4,21.6,5.4,22.9,15.9,28.6,10.4,20.2,31.7,37.6,0.0,0.0,0.0,0.0,0.0,0.0,0.0,0.0,0.0,3000.0,30.00,30,40,40,76,116,884,1,60.4,58.8,57.2,53.9,56.4,51.5,58.2,52.0,57.8,53.5,52.9,49.0,45.4,45.4,51.2,43.1,47.0,46.0,60.0,1.185,1.250,1.100,53.011,14.678,53.018,81.500,7.471,96.137,6.213,7.124,6.086,6.946,5.623,7.199,6.511,5.315,4.898,62.741,18.348,89.307,96.131,2000.0,3000.0,5229.0,5229.0,5250.0,59.3,44.2,45.3,59.3,61.9,Ne,Ne,Ne,9.533,5.802,6.3,30,60,49,26,1.181,5.040,3.408,3.328,12.192,1.101,1.243,3.408,3.280,3.328,1.056,1.056,1.048,1.359,1.814,0.912,3.344,0.064,0.048,0.048,0.048,1.016,1.016,1332,1066,2749,51.9,57.4,47,46,22518072,1.207,1.238,605736,40,14,7385942,53,19,6804336,182.6,1.9,43.5,1.350,1.365,1.815,1.800,1.005,5.040,1.125,Ne,Ne,Ne,41.5,1.350,1.365,1.815,1.800,1.005,5.040,2.000,Ne,Ne,Ne,61,78,99.0,100.0,Ne,Ne,30664,54295,3.2,0.1,3.3,2.631,0.988,88253,222498,54.0,64.0,71.0,1.064,1411,3140.0,2238.0,100.0,98.4,27.0,2.2,2.2,27.0,10927,1169,32.0,346090,0.0,44.8,0.725,17.000,18.000,117.000,600.0,3000.0,1200.0,100.0,0.0,0.0,0.0,0.0,0.0,0.0,0.0,0.0,0,0,16.0,246,Ne,Ne,Ne,227.8,227.8,4.39,4.39,0.00,4.26,0.13,0,0,0.0,0.0,0,0,0.0,0.0,0,0,0.0,0.0,157708,4547,450.8,31.8,0,0.0,
20.5.2026,12:46:27.869,33612,9547,77.8,19827,12068,62.1,0.7,1.178,1.190,1.185,1.175,1.175,1.175,1.175,1.175,1.175,5225.0,5225.0,5225.0,5225.0,5225.0,5225.0,5225.0,5225.0,5225.0,100.0,2881.7,4914.1,3248.1,2453.4,2948.1,2998.8,3663.3,1944.7,2776.6,3415.8,3839.1,2904.3,3129.3,1540.0,2588.6,1298.8,2444.0,2881.7,51.3,82.6,59.8,42.7,53.2,54.5,67.2,33.4,49.7,62.6,70.8,52.5,57.0,26.4,45.4,21.3,42.1,82.6,51.3,59.5,93.8,68.6,50.0,61.9,63.4,77.5,39.5,57.8,72.4,81.4,61.0,66.1,31.2,52.8,25.9,49.4,59.6,52.2,52.2,52.2,52.2,52.2,52.2,52.2,52.2,52.2,0.0,77.2,94.0,75.0,83.5,70.3,89.5,78.9,65.9,60.6,22.7,6.0,25.0,16.5,29.6,10.5,21.1,33.9,38.7,0.1,0.0,0.0,0.0,0.2,0.0,0.0,0.2,0.6,3000.0,30.00,30,40,40,76,116,884,1,60.2,58.5,56.8,53.6,56.1,51.0,57.8,51.7,57.6,53.1,52.5,48.8,45.3,45.3,51.2,43.2,47.0,46.0,60.0,1.185,1.250,1.100,51.835,14.579,51.831,79.250,7.465,94.571,6.086,7.049,5.880,6.808,5.521,7.109,6.369,5.157,4.791,61.349,18.224,87.785,94.523,2000.0,3000.0,5229.3,5229.3,5250.0,58.3,43.2,44.0,58.3,61.6,Ne,Ne,Ne,8.441,5.013,6.2,31,60,49,26,1.181,5.040,3.408,3.328,12.192,1.101,1.243,3.408,3.280,3.328,1.056,1.056,1.048,1.350,1.814,0.912,3.344,0.064,0.048,0.048,0.048,1.016,1.016,1333,1089,2700,51.9,57.4,47,46,22518170,1.179,1.238,605739,69,14,7386022,49,19,6804416,182.6,1.9,43.5,1.350,1.365,1.815,1.800,1.005,5.040,1.375,Ne,Ne,Ne,41.5,1.350,1.365,1.815,1.800,1.005,5.040,1.125,Ne,Ne,Ne,61,78,99.0,100.0,Ne,Ne,30664,54295,1.2,0.1,1.3,7.978,0.862,88268,222500,54.0,64.0,71.0,1.057,1411,3128.0,2238.0,100.0,97.2,25.0,2.2,2.2,27.0,10927,1153,32.0,346090,0.0,44.8,0.725,37.000,17.000,69.000,600.0,3000.0,1200.0,100.0,0.0,0.0,0.0,0.0,0.0,0.0,0.0,0.0,0,0,16.0,246,Ne,Ne,Ne,208.0,207.6,4.81,4.81,0.00,4.67,0.13,0,0,0.0,0.0,0,0,0.0,0.0,0,0,0.0,0.0,157709,4547,374.6,22.2,0,0.0,
20.5.2026,12:46:29.868,33592,9567,77.8,19813,12082,62.1,0.7,1.180,1.180,1.180,1.180,1.180,1.180,1.180,1.180,1.180,5225.0,5225.0,5225.0,5225.0,5225.0,5225.0,5225.0,5225.0,5225.0,100.0,2699.4,4820.5,3090.3,2186.1,2763.0,2995.1,3453.9,1649.2,2531.9,3864.5,3197.2,2802.6,2877.7,1360.5,2304.9,1070.0,2223.1,2699.4,47.9,80.1,56.7,37.9,49.8,54.8,63.3,28.2,43.8,72.0,58.3,50.1,52.3,23.3,40.1,17.5,38.2,80.1,47.9,55.6,90.9,65.3,44.6,58.2,63.4,73.2,33.5,51.5,82.1,67.7,58.2,61.0,27.7,46.9,21.3,44.9,55.6,52.2,52.2,52.2,52.2,52.2,52.2,52.2,52.2,52.2,0.0,74.3,92.2,71.7,82.3,65.0,89.2,76.3,61.6,56.1,25.7,7.8,28.3,17.7,35.0,10.8,23.7,38.4,43.9,0.0,0.0,0.0,0.0,0.0,0.0,0.0,0.0,0.0,3000.0,30.00,30,40,40,76,116,884,1,59.6,57.3,57.2,52.3,55.1,49.8,56.6,50.2,56.4,51.7,51.2,47.7,44.6,44.6,51.0,43.1,46.7,46.0,60.0,1.183,1.250,1.100,48.628,14.350,48.637,79.500,7.453,90.138,5.759,6.795,5.585,6.517,5.068,6.856,6.022,4.757,4.469,57.478,17.937,83.613,90.201,2000.0,3000.0,5230.4,5230.4,5250.0,55.7,40.5,44.2,55.7,60.3,Ne,Ne,Ne,6.356,3.461,5.9,31,60,49,26,1.181,5.040,3.408,3.328,12.288,1.101,1.243,3.408,3.280,3.344,1.056,1.056,1.048,1.359,1.814,0.920,3.344,0.064,0.056,0.048,0.048,1.016,1.016,1351,1061,2721,51.0,57.4,47,46,22518268,1.191,1.238,605741,58,14,7386160,41,18,6804548,182.6,1.9,43.5,1.350,1.365,1.800,1.800,1.005,5.040,1.250,Ne,Ne,Ne,41.5,1.350,1.365,1.800,1.800,1.005,5.040,1.125,Ne,Ne,Ne,61,78,99.0,100.0,Ne,Ne,30664,54295,0.5,0.2,0.7,4.465,2.023,88277,222504,54.0,64.0,71.0,1.058,1402,3142.0,2238.0,100.0,98.1,26.0,2.3,2.3,27.0,10927,1137,32.0,346090,0.0,44.7,0.725,31.000,17.000,63.000,600.0,3000.0,1200.0,100.0,0.0,0.0,0.0,0.0,0.0,0.0,0.0,0.0,0,0,16.0,246,Ne,Ne,Ne,204.2,205.6,4.90,4.85,0.03,4.78,0.12,0,0,0.0,0.0,0,0,0.0,0.0,0,0,0.0,0.0,157710,4548,783.0,32.3,0,0.0,
20.5.2026,12:46:31.871,33584,9574,77.8,19800,12095,62.0,0.7,1.179,1.195,1.175,1.175,1.175,1.175,1.175,1.175,1.190,5225.0,5225.0,5225.0,5225.0,5225.0,5225.0,5225.0,5225.0,5225.0,100.0,2764.1,4879.7,3308.2,2463.7,2694.8,3193.7,3210.9,1986.3,2420.6,3679.8,3433.8,2991.0,2817.8,1802.9,1988.7,1517.1,1836.8,2764.1,49.2,79.7,61.6,43.4,47.3,58.8,58.8,34.8,42.3,68.3,63.2,55.0,49.6,31.6,34.7,25.9,31.6,79.7,49.2,56.8,90.3,70.2,50.4,55.0,67.7,68.0,40.5,49.3,78.0,72.8,63.5,57.8,36.7,40.4,30.5,37.0,56.8,52.2,52.2,52.2,52.2,52.2,52.2,52.2,52.2,52.2,0.0,75.2,93.3,73.6,81.0,68.0,88.9,77.2,62.8,56.9,24.8,6.7,26.4,19.0,32.0,11.1,22.8,37.2,43.1,0.0,0.0,0.0,0.0,0.0,0.0,0.0,0.0,0.0,3000.0,30.00,30,40,40,76,116,884,1,60.0,58.0,57.6,52.7,55.6,50.0,57.0,50.6,57.1,52.0,51.5,47.8,44.8,44.8,50.5,43.2,46.7,46.0,60.0,1.183,1.250,1.100,49.852,14.613,49.879,81.750,7.448,92.106,5.853,6.925,5.610,6.584,5.221,7.071,6.104,4.813,4.493,58.894,18.266,85.353,92.090,2000.0,3000.0,5229.8,5229.8,5250.0,56.8,41.6,45.4,56.8,61.1,Ne,Ne,Ne,8.493,4.730,6.0,30,59,48,26,1.181,5.040,3.408,3.328,12.192,1.101,1.243,3.392,3.280,3.328,1.056,1.056,1.048,1.350,1.814,0.920,3.344,0.064,0.048,0.048,0.048,1.016,1.016,1318,1080,2749,51.0,58.3,46,46,22518364,1.175,1.238,605743,49,14,7386276,27,17,6804661,182.6,1.9,43.5,1.350,1.365,1.800,1.815,1.005,5.040,1.375,Ne,Ne,Ne,41.5,1.350,1.365,1.800,1.815,1.005,5.040,0.500,Ne,Ne,Ne,61,78,99.0,100.0,Ne,Ne,30664,54295,5.1,0.1,5.2,1.474,1.272,88280,222506,54.0,64.0,71.0,1.062,1385,3146.0,2238.0,100.0,98.8,27.0,2.3,2.3,26.0,10927,1153,32.0,346090,0.0,44.7,0.725,8.000,17.000,106.000,600.0,3000.0,1200.0,100.0,0.0,0.0,0.0,0.0,0.0,0.0,0.0,0.0,0,0,16.0,246,Ne,Ne,Ne,220.7,220.1,4.53,4.54,0.00,4.40,0.13,0,0,0.0,0.0,0,0,0.0,0.0,0,0,0.0,0.0,157712,4548,729.7,35.9,0,0.0,
20.5.2026,12:46:33.869,33583,9575,77.8,19803,12091,62.0,0.7,1.186,1.170,1.180,1.180,1.180,1.195,1.195,1.195,1.195,5225.0,5225.0,5225.0,5225.0,5225.0,5225.0,5225.0,5225.0,5225.0,100.0,2671.2,4778.8,3147.5,2563.9,2342.5,3117.8,3112.8,2158.3,2069.1,3138.5,3776.1,2873.2,2752.2,2239.0,1384.3,2037.3,1248.6,2671.2,47.7,78.1,58.3,46.2,41.2,57.3,57.1,37.9,36.4,57.8,70.2,52.8,48.9,39.6,24.0,35.5,21.1,78.1,47.7,54.8,88.6,66.6,53.3,47.7,66.0,65.9,43.8,42.2,66.4,80.1,60.9,56.8,45.5,27.9,41.1,24.7,54.8,52.2,52.2,52.2,52.2,52.2,52.2,52.2,52.2,52.2,0.0,72.7,91.4,70.3,79.6,64.3,87.8,74.5,59.3,54.7,27.3,8.6,29.7,20.4,35.7,12.2,25.5,40.7,45.3,0.0,0.0,0.0,0.0,0.0,0.0,0.0,0.0,0.0,3000.0,30.00,30,40,40,76,116,884,1,59.8,57.5,56.8,52.3,55.2,49.6,56.5,50.1,56.4,51.7,51.0,47.5,44.5,44.5,51.2,43.1,46.6,46.0,60.0,1.183,1.250,1.100,49.147,14.494,49.129,77.500,7.456,90.938,5.696,6.815,5.450,6.481,5.042,6.816,5.983,4.636,4.343,58.067,18.118,84.387,90.959,2000.0,3000.0,5230.6,5230.6,5250.0,56.1,40.9,43.1,56.1,60.5,Ne,Ne,Ne,7.083,3.512,5.8,30,60,48,26,1.172,5.040,3.408,3.328,12.192,1.101,1.243,3.408,3.280,3.328,1.056,1.056,1.048,1.359,1.814,0.912,3.344,0.064,0.048,0.048,0.048,1.016,1.016,1306,1079,2743,51.0,57.4,47,46,22518460,1.187,1.238,605746,66,15,7386374,15,18,6804757,182.6,1.9,43.5,1.350,1.365,1.800,1.815,1.005,5.040,1.375,Ne,Ne,Ne,41.5,1.350,1.365,1.800,1.815,1.005,5.040,1.500,Ne,Ne,Ne,61,78,99.0,100.0,Ne,Ne,30664,54295,0.5,0.1,0.6,0.390,1.710,88280,222509,54.0,64.0,71.0,1.030,1374,3078.0,2238.0,100.0,97.4,26.0,2.1,2.1,26.0,10927,1153,32.0,346090,0.0,44.7,0.725,44.000,17.000,76.000,600.0,3000.0,1200.0,100.0,0.0,0.0,0.0,0.0,0.0,0.0,0.0,0.0,0,0,16.0,246,Ne,Ne,Ne,180.8,180.1,5.53,5.54,0.00,5.42,0.11,0,0,0.0,0.0,0,0,0.0,0.0,0,0,0.0,0.0,157714,4548,1244.6,41.3,0,0.0,
20.5.2026,12:46:35.878,33600,9559,77.8,19812,12083,62.1,0.7,1.187,1.190,1.190,1.190,1.190,1.190,1.190,1.180,1.180,5225.0,5225.0,5225.0,5225.0,5225.0,5225.0,5225.0,5225.0,5225.0,100.0,2593.0,4773.4,3142.7,2571.4,2242.1,3059.3,2963.0,2222.4,1733.3,3291.6,3396.3,2781.9,2694.4,2312.8,1152.6,2260.4,890.7,2593.0,45.5,77.7,57.9,44.8,38.8,55.7,53.8,38.5,29.3,60.4,62.3,49.6,47.6,40.3,19.2,38.8,13.8,77.7,45.5,53.1,88.3,66.5,52.5,45.8,64.8,62.7,45.2,35.0,69.8,72.0,58.0,55.9,47.0,23.2,45.6,17.4,53.1,52.2,52.2,52.2,52.2,52.2,52.2,52.2,52.2,52.2,0.0,70.9,91.3,69.0,76.5,61.6,84.3,72.5,58.0,53.6,29.1,8.7,31.0,23.5,38.4,15.7,27.5,42.0,46.4,0.0,0.0,0.0,0.0,0.0,0.0,0.0,0.0,0.0,3000.0,30.00,30,40,40,76,116,884,1,59.4,56.7,57.2,51.6,54.6,49.1,55.8,49.3,55.5,51.0,50.3,47.0,44.0,44.0,51.0,43.2,46.2,46.0,60.0,1.182,1.250,1.100,48.565,14.420,48.559,77.500,7.468,90.169,5.586,6.724,5.379,6.360,4.868,6.659,5.869,4.559,4.275,57.339,18.025,83.578,90.159,2000.0,3000.0,5230.9,5230.9,5250.0,55.7,40.5,43.1,55.7,59.7,Ne,Ne,Ne,6.651,3.592,5.7,30,59,48,26,1.181,5.040,3.408,3.328,12.192,1.101,1.243,3.408,3.280,3.328,1.056,1.056,1.048,1.350,1.814,0.920,3.344,0.064,0.048,0.048,0.048,1.016,1.016,1341,1073,2749,51.0,57.4,46,46,22518556,1.175,1.234,605748,38,14,7386506,31,18,6804884,182.6,1.9,43.5,1.350,1.365,1.800,1.815,1.005,5.040,1.000,Ne,Ne,Ne,41.5,1.350,1.365,1.800,1.815,1.005,5.040,1.125,Ne,Ne,Ne,61,78,99.0,100.0,Ne,Ne,30664,54295,6.0,0.1,6.1,7.214,1.887,88294,222513,54.0,64.0,70.0,1.058,1359,3132.0,2238.0,100.0,98.5,23.0,2.1,2.1,25.0,10927,1153,32.0,346090,0.0,44.6,0.725,39.000,17.000,71.000,600.0,3000.0,1200.0,100.0,0.0,0.0,0.0,0.0,0.0,0.0,0.0,0.0,0,0,16.0,246,Ne,Ne,Ne,213.6,214.0,4.68,4.68,0.00,4.56,0.12,0,0,0.0,0.0,0,0,0.0,0.0,0,0,0.0,0.0,157717,4548,1248.3,44.1,0,0.0,
20.5.2026,12:46:37.871,33599,9560,77.8,19796,12099,62.0,0.7,1.187,1.165,1.190,1.190,1.190,1.190,1.190,1.190,1.190,5225.0,5225.0,5225.0,5225.0,5225.0,5225.0,5225.0,5225.0,5225.0,100.0,2716.9,4755.2,3214.2,2570.1,2499.6,3156.4,3107.8,2236.9,2114.7,3538.2,3360.1,2839.9,2852.5,2390.6,1429.9,2206.4,1198.3,2716.9,48.3,76.8,59.3,45.6,44.4,57.7,56.9,39.3,36.8,65.3,61.8,51.7,51.8,42.3,24.9,37.9,19.7,76.8,48.3,55.8,87.4,67.9,52.9,51.6,66.8,65.8,45.5,42.9,75.0,71.2,59.9,60.1,48.7,29.0,44.3,23.5,55.8,52.2,52.2,52.2,52.2,52.2,52.2,52.2,52.2,52.2,0.0,73.5,90.9,71.3,79.9,65.5,86.9,75.6,62.2,55.8,26.5,9.1,28.7,20.1,34.5,13.1,24.4,37.8,44.2,0.0,0.0,0.0,0.0,0.0,0.0,0.0,0.0,0.0,3000.0,30.00,30,40,40,76,116,884,1,59.2,57.3,59.4,52.5,55.1,50.1,56.6,50.6,56.2,52.1,51.4,47.8,44.5,44.5,50.8,43.1,46.6,46.0,60.0,1.184,1.250,1.100,50.510,14.613,50.507,78.250,7.453,92.895,5.809,6.846,5.633,6.542,5.176,6.810,6.133,4.858,4.476,59.709,18.266,86.173,92.891,2000.0,3000.0,5230.3,5230.3,5250.0,57.3,42.1,43.5,57.3,60.3,Ne,Ne,Ne,8.243,5.129,5.9,30,59,48,26,1.181,5.040,3.408,3.328,12.288,1.101,1.243,3.408,3.280,3.328,1.056,1.056,1.048,1.350,1.814,0.920,3.344,0.064,0.048,0.048,0.048,1.016,1.016,1305,1101,2721,51.0,57.4,47,46,22518652,1.179,1.238,605750,27,14,7386506,31,18,6804884,182.6,1.9,43.5,1.350,1.365,1.800,1.815,1.005,5.040,1.875,Ne,Ne,Ne,41.5,1.350,1.365,1.800,1.815,1.005,5.040,0.875,Ne,Ne,Ne,61,78,99.0,100.0,Ne,Ne,30664,54295,0.2,0.2,0.4,0.815,2.319,88296,222517,54.0,64.0,70.0,1.058,1359,3132.0,2238.0,100.0,98.5,23.0,2.1,2.1,25.0,10927,1153,32.0,346090,0.0,44.7,0.725,16.000,18.000,115.000,600.0,3000.0,1200.0,100.0,0.0,0.0,0.0,0.0,0.0,0.0,0.0,0.0,0,0,16.0,246,Ne,Ne,Ne,198.2,197.8,5.04,5.05,0.00,4.92,0.12,0,0,0.0,0.0,0,0,0.0,0.0,0,0,0.0,0.0,157719,4548,1052.5,37.0,0,0.0,
20.5.2026,12:46:39.876,33636,9523,77.9,19825,12070,62.1,0.7,1.190,1.195,1.175,1.175,1.195,1.195,1.195,1.195,1.195,5225.0,5225.0,5225.0,5225.0,5225.0,5225.0,5225.0,5225.0,5225.0,100.0,2749.2,4764.0,3175.2,2604.8,2538.8,3150.7,3061.3,2268.5,2200.0,3599.6,3409.8,2876.8,2895.9,2153.6,1758.3,2076.4,1453.5,2749.2,48.2,76.7,57.8,45.7,44.2,57.3,55.7,39.5,37.8,66.3,62.6,51.0,51.3,37.1,30.1,35.0,23.5,76.7,48.2,56.2,87.5,66.6,53.6,51.8,66.7,64.8,46.4,44.6,76.3,72.3,59.6,60.0,43.6,35.6,41.6,28.7,56.2,52.2,52.2,52.2,52.2,52.2,52.2,52.2,52.2,52.2,0.0,73.9,91.1,71.6,79.7,65.6,88.7,76.0,61.9,56.2,26.1,8.9,28.4,20.3,34.4,11.3,24.0,38.1,43.8,0.0,0.0,0.0,0.0,0.0,0.0,0.0,0.0,0.0,3000.0,30.00,30,40,40,76,116,884,1,59.1,57.1,62.0,52.3,54.8,49.9,56.3,50.4,56.2,51.8,51.2,47.7,44.5,44.5,51.0,43.4,46.5,46.0,60.0,1.184,1.250,1.100,49.426,14.566,49.413,81.250,7.443,91.518,5.769,6.761,5.582,6.469,5.186,6.819,6.043,4.805,4.489,58.450,18.207,84.844,91.518,2000.0,3000.0,5230.5,5230.5,5250.0,56.5,41.2,45.1,56.5,60.1,Ne,Ne,Ne,7.868,4.394,5.9,30,59,48,26,1.190,5.040,3.408,3.328,12.192,1.101,1.243,3.408,3.280,3.328,1.056,1.056,1.048,1.350,1.814,0.920,3.344,0.064,0.048,0.048,0.048,1.016,1.016,1304,1051,2721,51.9,57.4,47,46,22518652,1.179,1.238,605750,27,14,7386636,20,18,6805010,182.6,1.9,43.5,1.350,1.365,1.800,1.815,1.005,5.040,1.250,Ne,Ne,Ne,41.5,1.350,1.365,1.800,1.815,1.005,5.040,1.250,Ne,Ne,Ne,61,78,99.0,100.0,Ne,Ne,30664,54295,58.3,0.1,58.4,11.750,1.214,88318,222520,54.0,64.0,71.0,1.056,1329,3140.0,2238.0,100.0,97.9,26.0,2.1,2.1,24.0,10927,1153,32.0,346090,0.0,44.7,0.725,25.000,17.000,57.000,600.0,3000.0,1200.0,100.0,0.0,0.0,0.0,0.0,0.0,0.0,0.0,0.0,0,0,16.0,246,Ne,Ne,Ne,201.8,202.3,4.95,4.94,0.00,4.83,0.12,0,0,0.0,0.0,0,0,0.0,0.0,0,0,0.0,0.0,157720,4548,474.7,32.1,0,0.0,
20.5.2026,12:46:41.869,33604,9555,77.8,19818,12077,62.1,0.7,1.189,1.180,1.190,1.190,1.190,1.190,1.190,1.190,1.190,5225.0,5225.0,5225.0,5225.0,5225.0,5225.0,5225.0,5225.0,5225.0,100.0,2877.3,4849.3,3229.4,2622.7,2744.1,3073.5,3501.0,2231.2,2639.8,3359.9,3861.2,2966.1,3013.3,1855.9,2265.3,1757.1,2066.7,2877.3,51.7,80.4,60.0,47.6,50.3,56.3,64.6,39.5,46.8,61.9,71.8,54.6,55.3,32.5,39.7,29.8,35.4,80.4,51.7,59.4,91.3,68.4,54.8,58.1,65.1,74.2,45.6,54.1,71.2,81.9,62.8,63.8,37.5,45.8,35.0,41.3,59.4,52.2,52.2,52.2,52.2,52.2,52.2,52.2,52.2,52.2,0.0,77.0,92.7,74.8,83.0,71.5,89.6,77.9,65.3,60.8,23.0,7.3,25.2,17.0,28.5,10.4,22.1,34.7,39.2,0.0,0.0,0.0,0.0,0.0,0.0,0.0,0.0,0.0,3000.0,30.00,30,40,40,76,116,884,1,59.9,58.6,58.5,53.6,55.9,51.2,57.8,51.6,57.7,53.1,52.4,48.8,45.3,45.3,50.8,43.3,47.0,46.0,60.0,1.185,1.250,1.100,51.766,14.815,51.763,80.750,7.453,94.728,6.077,6.981,5.954,6.837,5.463,7.149,6.370,5.092,4.769,61.274,18.519,87.991,94.772,2000.0,3000.0,5229.3,5229.3,5250.0,58.5,43.1,44.9,58.5,61.7,Ne,Ne,Ne,9.823,5.410,6.2,30,59,48,26,1.172,5.040,3.408,3.328,12.192,1.101,1.243,3.408,3.280,3.328,1.056,1.056,1.048,1.350,1.814,0.920,3.344,0.064,0.048,0.048,0.048,1.016,1.016,1323,1097,2743,51.0,57.4,47,46,22518844,1.183,1.238,605755,42,13,7386720,84,19,6805099,182.6,1.9,43.5,1.350,1.365,1.800,1.815,1.005,5.040,1.000,Ne,Ne,Ne,41.5,1.350,1.365,1.800,1.815,1.005,5.040,1.000,Ne,Ne,Ne,61,78,99.0,100.0,Ne,Ne,30664,54295,100.0,0.7,100.0,15.930,0.982,88349,222522,54.0,64.0,72.0,1.027,1306,3070.0,2238.0,100.0,98.5,24.0,2.3,2.3,24.0,10927,1169,32.0,346090,0.0,44.8,0.725,53.000,18.000,86.000,600.0,3000.0,1200.0,100.0,0.0,0.0,0.0,0.0,0.0,0.0,0.0,0.0,0,0,16.0,246,Ne,Ne,Ne,202.9,203.2,4.93,4.92,0.00,4.81,0.12,0,0,0.0,0.0,0,0,0.0,0.0,0,0,0.0,0.0,157720,4548,40.1,23.2,0,0.0,
20.5.2026,12:46:43.868,33569,9589,77.7,19800,12095,62.0,0.7,1.179,1.180,1.180,1.180,1.180,1.180,1.180,1.180,1.175,5225.0,5225.0,5225.0,5225.0,5225.0,5225.0,5225.0,5225.0,5225.0,100.0,2702.9,4872.6,3056.6,2357.4,2626.3,3100.4,3220.6,1981.8,2473.2,3550.7,3345.9,2929.1,2794.8,1440.6,2182.7,1265.6,2048.3,2702.9,48.1,81.3,56.4,41.5,47.0,57.1,58.9,34.5,43.4,65.8,61.4,53.0,50.0,24.7,37.9,21.0,34.9,81.3,48.1,55.6,92.0,64.6,48.2,54.8,65.7,68.1,40.4,50.7,75.3,70.9,61.3,58.1,29.2,44.3,25.2,41.1,55.6,52.2,52.2,52.2,52.2,52.2,52.2,52.2,52.2,52.2,0.0,73.9,93.2,71.3,81.1,67.6,87.2,76.2,59.5,55.0,26.1,6.8,28.7,18.9,32.4,12.8,23.8,40.2,44.9,0.0,0.0,0.0,0.0,0.0,0.0,0.0,0.3,0.1,3000.0,30.00,30,40,40,76,116,884,1,59.8,57.6,59.4,52.6,55.5,50.1,56.9,50.5,56.6,52.1,51.2,47.7,44.7,44.7,51.0,43.2,46.8,46.0,60.0,1.184,1.250,1.100,49.038,14.705,49.033,81.750,7.430,91.280,5.819,6.878,5.620,6.634,5.164,6.943,6.135,4.743,4.436,57.984,18.382,84.539,91.250,2000.0,3000.0,5229.9,5229.9,5250.0,56.3,40.9,45.4,56.3,60.7,Ne,Ne,Ne,8.833,4.783,5.9,30,59,48,26,1.172,5.040,3.408,3.328,12.192,1.101,1.243,3.408,3.280,3.328,1.056,1.056,1.048,1.359,1.814,0.920,3.344,0.064,0.048,0.048,0.048,1.016,1.016,1322,1076,2743,51.9,57.4,47,46,22518940,1.191,1.238,605757,30,14,7386780,60,18,6805160,182.6,1.9,43.5,1.350,1.365,1.800,1.800,1.005,5.040,1.500,Ne,Ne,Ne,41.5,1.350,1.365,1.800,1.815,1.005,5.040,1.750,Ne,Ne,Ne,61,78,99.0,100.0,Ne,Ne,30664,54295,0.0,0.0,0.0,0.032,0.109,88349,222522,54.0,64.0,71.0,1.059,1297,3141.0,2238.0,100.0,97.5,25.0,2.2,2.2,24.0,10927,1169,32.0,346090,0.0,44.8,0.725,37.000,18.000,70.000,600.0,3000.0,1200.0,100.0,0.0,0.0,0.0,0.0,0.0,0.0,0.0,0.0,0,0,16.0,246,Ne,Ne,Ne,203.1,202.9,4.92,4.92,0.00,4.80,0.12,0,0,0.0,0.0,0,0,0.0,0.0,0,0,0.0,0.0,157720,4548,38.6,23.8,0,0.0,
20.5.2026,12:46:45.876,33563,9596,77.7,19783,12112,62.0,0.7,1.191,1.185,1.190,1.190,1.190,1.190,1.190,1.190,1.200,5225.0,5225.0,5225.0,5225.0,5225.0,5225.0,5225.0,5225.0,5225.0,100.0,2722.8,4816.7,3070.4,2468.2,2576.4,3106.1,3148.3,2030.7,2568.9,3763.3,3109.1,3028.9,2732.4,1559.6,2210.3,1261.3,2115.0,2722.8,48.6,79.6,56.9,44.1,45.1,57.2,57.7,35.9,45.6,70.1,57.0,55.7,48.7,27.6,38.8,21.5,36.6,79.6,48.6,56.0,90.1,64.9,50.9,52.3,65.8,66.7,41.5,52.7,79.8,65.9,64.2,56.7,31.8,44.8,25.3,42.6,56.0,52.2,52.2,52.2,52.2,52.2,52.2,52.2,52.2,52.2,0.0,74.0,92.1,71.5,80.2,68.9,86.9,75.7,61.3,55.7,26.0,7.9,28.5,19.8,31.1,13.1,24.3,38.7,44.3,0.0,0.0,0.0,0.0,0.0,0.0,0.0,0.0,0.0,3000.0,30.00,30,40,40,76,116,884,1,59.5,57.7,59.9,52.8,55.4,50.2,57.0,50.6,56.7,52.4,51.6,48.1,44.8,44.8,51.5,43.3,46.9,46.0,60.0,1.185,1.250,1.100,49.011,14.633,49.036,80.000,7.454,91.281,5.839,6.855,5.640,6.618,5.152,6.913,6.175,4.866,4.488,57.994,18.291,84.484,91.280,2000.0,3000.0,5230.6,5230.6,5250.0,56.3,40.9,44.4,56.3,60.7,Ne,Ne,Ne,8.793,5.294,5.9,30,59,48,26,1.181,5.040,3.408,3.328,12.192,1.101,1.243,3.408,3.280,3.328,1.056,1.056,1.048,1.359,1.814,0.912,3.344,0.064,0.048,0.048,0.048,1.016,1.016,1320,1099,2772,51.0,57.4,47,46,22519036,1.175,1.238,605760,64,14,7386908,93,17,6805304,182.6,1.9,43.5,1.350,1.365,1.800,1.815,1.005,5.040,0.875,Ne,Ne,Ne,41.5,1.350,1.365,1.800,1.815,1.005,5.040,1.875,Ne,Ne,Ne,61,78,99.0,100.0,Ne,Ne,30664,54295,6.0,0.7,6.7,1.745,0.457,88352,222523,54.0,64.0,72.0,1.062,1295,3148.0,2238.0,100.0,98.7,26.0,2.1,2.1,24.0,10927,1169,32.0,346090,0.0,44.8,0.725,38.000,18.000,71.000,600.0,3000.0,1200.0,100.0,0.0,0.0,0.0,0.0,0.0,0.0,0.0,0.0,0,0,16.0,246,Ne,Ne,Ne,170.4,170.2,5.87,5.87,0.00,5.75,0.12,0,0,0.0,0.0,0,0,0.0,0.0,0,0,0.0,0.0,157720,4548,67.4,25.0,0,0.0,
20.5.2026,12:46:47.869,33565,9594,77.7,19787,12108,62.0,0.7,1.179,1.190,1.180,1.180,1.180,1.180,1.175,1.175,1.175,5225.0,5225.0,5225.0,5225.0,5225.0,5225.0,5225.0,5225.0,5225.0,100.0,2970.8,4898.7,3384.6,2782.2,2869.3,3371.9,3287.1,2341.2,2598.4,3678.3,3616.2,3404.0,3159.7,1995.0,2334.2,1703.1,2108.6,2970.8,52.6,80.3,62.4,49.7,50.2,61.7,60.0,40.6,44.9,68.0,66.2,62.1,56.5,34.3,40.0,28.5,35.8,80.3,52.6,61.0,91.3,71.6,57.9,58.7,71.4,69.6,47.6,52.7,78.0,76.4,72.0,66.2,40.3,46.9,33.8,42.2,61.0,52.2,52.2,52.2,52.2,52.2,52.2,52.2,52.2,52.2,0.0,78.2,93.7,76.4,83.5,71.2,89.6,82.5,67.4,60.9,21.8,6.3,23.6,16.5,28.8,10.4,17.5,32.6,39.1,0.0,0.0,0.0,0.0,0.0,0.0,0.0,0.0,0.0,3000.0,30.00,30,40,40,76,116,884,1,59.9,58.0,59.9,53.4,55.6,51.2,57.1,51.8,57.0,53.2,52.3,48.8,44.9,44.9,51.5,43.4,46.9,46.0,60.0,1.185,1.250,1.100,50.623,14.697,50.627,78.250,7.459,93.290,6.092,6.966,6.006,6.679,5.576,7.016,6.457,5.211,4.825,59.945,18.372,86.522,93.304,2000.0,3000.0,5230.1,5230.1,5250.0,57.6,42.2,43.5,57.6,61.0,Ne,Ne,Ne,9.137,5.517,6.3,30,59,48,26,1.181,5.040,3.408,3.328,12.288,1.101,1.243,3.408,3.280,3.328,1.056,1.056,1.048,1.359,1.814,0.920,3.344,0.064,0.048,0.048,0.048,1.016,1.016,1304,1050,2749,51.0,57.4,47,46,22519132,1.187,1.238,605762,67,14,7386964,45,19,6805341,182.6,1.9,43.5,1.350,1.365,1.800,1.815,1.005,5.040,0.750,Ne,Ne,Ne,41.5,1.350,1.365,1.800,1.815,1.005,5.110,0.625,Ne,Ne,Ne,61,78,99.0,100.0,Ne,Ne,30664,54295,100.0,1.2,100.0,29.897,2.501,88410,222527,55.0,64.0,72.0,1.020,1294,3053.0,2238.0,100.0,98.6,24.0,2.3,2.3,24.0,10927,1153,32.0,346090,0.0,44.8,0.725,14.000,18.000,113.000,600.0,3000.0,1200.0,100.0,0.0,0.0,0.0,0.0,0.0,0.0,0.0,0.0,0,0,16.0,246,Ne,Ne,Ne,205.4,204.6,4.87,4.88,0.00,4.74,0.13,0,0,0.0,0.0,0,0,0.0,0.0,0,0,0.0,0.0,157723,4548,1366.7,45.1,0,0.0,
20.5.2026,12:46:49.869,33565,9594,77.7,19779,12116,62.0,0.7,1.188,1.185,1.190,1.190,1.190,1.190,1.190,1.185,1.185,5225.0,5225.0,5225.0,5225.0,5225.0,5225.0,5225.0,5225.0,5225.0,100.0,2643.7,4830.9,3073.4,2390.1,2505.1,2910.8,3264.4,2066.8,2032.4,2974.9,3913.4,2903.0,2834.0,2030.9,1482.5,1792.0,1294.8,2643.7,47.7,81.2,57.2,42.8,44.8,53.5,60.4,36.6,36.1,54.9,73.5,53.5,51.7,35.9,26.5,31.9,22.9,81.2,47.7,54.6,91.8,65.1,49.3,51.5,61.6,69.2,42.1,41.5,63.0,83.3,61.6,59.5,41.2,30.4,36.5,26.3,54.6,52.2,52.2,52.2,52.2,52.2,52.2,52.2,52.2,52.2,0.0,72.7,92.4,70.7,78.3,64.3,87.6,75.2,59.1,53.7,27.3,7.6,29.3,21.7,35.7,12.4,24.8,40.9,46.3,0.0,0.0,0.0,0.0,0.0,0.0,0.0,0.0,0.0,3000.0,30.00,30,40,40,76,116,884,1,59.4,57.2,60.8,52.3,55.1,49.8,56.4,50.3,56.3,52.0,51.0,47.5,44.5,44.5,51.0,43.1,46.8,46.0,60.0,1.183,1.250,1.100,48.516,14.549,48.501,80.000,7.451,90.408,5.716,6.816,5.507,6.483,5.067,6.797,6.092,4.656,4.309,57.330,18.186,83.712,90.408,2000.0,3000.0,5230.9,5230.9,5250.0,55.8,40.4,44.4,55.8,60.2,Ne,Ne,Ne,8.110,4.841,5.8,30,59,48,26,1.172,5.040,3.408,3.328,12.288,1.101,1.243,3.408,3.280,3.328,1.056,1.056,1.048,1.350,1.814,0.920,3.344,0.064,0.056,0.048,0.048,1.016,1.016,1305,1076,2749,51.9,57.4,47,46,22519228,1.187,1.238,605764,27,14,7387098,48,18,6805470,182.6,1.9,43.5,1.350,1.365,1.800,1.815,1.005,5.110,1.250,Ne,Ne,Ne,41.8,1.350,1.365,1.800,1.815,1.005,5.110,2.375,Ne,Ne,Ne,61,78,99.0,100.0,Ne,Ne,30664,54295,0.4,0.4,0.8,0.139,1.448,88410,222530,54.0,64.0,71.0,1.056,1291,3129.0,2238.0,100.0,97.0,26.0,2.4,2.4,24.0,10927,1153,32.0,346090,0.0,44.7,0.725,60.000,18.000,92.000,600.0,3000.0,1200.0,100.0,0.0,0.0,0.0,0.0,0.0,0.0,0.0,0.0,0,0,16.0,246,Ne,Ne,Ne,214.6,214.9,4.66,4.63,0.00,4.54,0.12,0,0,0.0,0.0,0,0,0.0,0.0,0,0,0.0,0.0,157726,4548,1536.4,45.1,0,0.0,
20.5.2026,12:46:51.872,33567,9592,77.7,19763,12131,61.9,0.7,1.185,1.185,1.180,1.180,1.190,1.190,1.185,1.185,1.185,5225.0,5225.0,5225.0,5225.0,5225.0,5225.0,5225.0,5225.0,5225.0,100.0,2999.8,4918.9,3441.6,2805.3,2906.6,3238.7,3548.3,2446.3,2557.2,3453.1,3936.8,3057.7,3291.3,2623.6,1807.9,2437.5,1526.3,2999.8,53.6,80.8,63.6,49.9,52.8,59.2,65.2,42.8,45.4,63.5,72.7,55.4,60.3,46.3,31.6,42.3,25.8,80.8,53.6,62.0,91.9,72.9,57.9,61.2,68.6,75.2,49.9,52.9,73.2,83.5,64.2,69.8,53.6,36.9,49.4,30.6,62.0,52.2,52.2,52.2,52.2,52.2,52.2,52.2,52.2,52.2,0.0,79.5,94.1,78.2,85.2,73.0,90.1,81.6,69.7,63.7,20.5,5.9,21.8,14.8,27.0,9.9,18.4,30.3,36.3,0.0,0.0,0.0,0.0,0.0,0.0,0.0,0.0,0.0,3000.0,30.00,30,40,40,76,116,884,1,60.5,59.0,62.0,54.3,56.4,51.9,58.4,52.5,58.1,54.0,53.2,49.6,45.6,45.6,51.5,43.4,47.0,46.0,60.0,1.185,1.250,1.100,53.756,14.721,53.772,81.000,7.467,97.087,6.272,7.120,6.141,6.972,5.720,7.240,6.627,5.371,4.989,63.640,18.401,90.255,97.113,2000.0,3000.0,5229.2,5229.2,5250.0,59.9,44.8,45.0,59.9,62.1,Ne,Ne,Ne,9.634,5.928,6.4,30,59,48,26,1.172,5.040,3.408,3.328,12.192,1.101,1.243,3.408,3.280,3.328,1.056,1.056,1.048,1.359,1.814,0.920,3.344,0.064,0.048,0.048,0.048,1.016,1.016,1322,1099,2721,51.9,57.4,47,46,22519228,1.187,1.238,605764,27,14,7387098,48,18,6805470,182.6,1.9,43.5,1.350,1.365,1.800,1.815,1.005,5.110,0.750,Ne,Ne,Ne,41.5,1.350,1.365,1.800,1.815,1.005,5.110,0.625,Ne,Ne,Ne,61,78,99.0,100.0,Ne,Ne,30664,54295,1.9,0.1,2.1,2.521,2.213,88415,222534,55.0,64.0,72.0,1.039,1291,3104.0,2238.0,100.0,98.4,26.0,2.3,2.3,24.0,10927,1153,32.0,346090,0.0,44.8,0.725,11.000,18.000,110.000,600.0,3000.0,1200.0,100.0,0.0,0.0,0.0,0.0,0.0,0.0,0.0,0.0,0,0,16.0,246,Ne,Ne,Ne,208.7,208.1,4.79,4.79,0.00,4.67,0.12,0,0,0.0,0.0,0,0,0.0,0.0,0,0,0.0,0.0,157728,4548,1249.2,53.0,0,0.0,
20.5.2026,12:46:53.875,33564,9595,77.7,19758,12137,61.9,0.7,1.181,1.175,1.180,1.180,1.180,1.180,1.180,1.185,1.185,5225.0,5225.0,5225.0,5225.0,5225.0,5225.0,5225.0,5225.0,5225.0,100.0,2576.8,4822.1,3141.4,2352.5,2296.1,2978.9,3157.9,2097.9,1844.9,3423.0,3334.3,2597.8,2797.9,2221.5,1157.3,2116.8,888.5,2576.8,45.6,77.8,58.2,41.0,40.1,54.1,57.9,36.8,31.9,63.3,61.4,45.9,50.6,38.9,19.8,36.6,14.6,77.8,45.6,52.8,88.1,66.6,48.0,47.0,62.6,66.9,42.9,37.6,72.5,70.7,53.6,58.8,45.2,23.5,42.8,17.8,52.8,52.2,52.2,52.2,52.2,52.2,52.2,52.2,52.2,52.2,0.0,71.1,92.2,67.7,78.4,62.3,86.1,72.5,57.3,52.0,28.9,7.8,32.3,21.6,37.7,13.9,27.5,42.7,48.0,0.0,0.0,0.0,0.0,0.0,0.0,0.0,0.0,0.0,3000.0,30.00,30,40,40,76,116,884,1,60.4,57.7,56.4,52.3,55.4,49.4,56.7,50.0,56.4,51.6,51.1,47.4,44.6,44.6,51.0,42.8,46.8,46.0,60.0,1.183,1.250,1.100,48.544,14.472,48.546,78.500,7.435,90.292,5.644,6.832,5.331,6.494,4.932,6.797,5.924,4.584,4.257,57.378,18.090,83.647,90.305,2000.0,3000.0,5230.5,5230.5,5250.0,55.7,40.5,43.6,55.7,60.8,Ne,Ne,Ne,7.134,4.233,5.7,31,60,49,26,1.181,5.040,3.408,3.328,12.288,1.101,1.243,3.408,3.280,3.328,1.072,1.056,1.048,1.350,1.814,0.912,3.344,0.064,0.048,0.048,0.048,1.016,1.016,1324,1111,2749,51.9,57.4,47,46,22519422,1.191,1.238,605769,57,16,7387266,73,21,6805637,182.7,1.9,43.5,1.350,1.365,1.800,1.815,1.005,5.110,0.875,Ne,Ne,Ne,41.8,1.350,1.365,1.815,1.815,1.005,5.110,0.750,Ne,Ne,Ne,61,78,99.0,100.0,Ne,Ne,30664,54295,0.0,0.4,0.4,0.057,1.512,88415,222537,55.0,64.0,72.0,1.056,1291,3142.0,2238.0,100.0,97.5,25.0,2.4,2.4,24.0,10927,1153,32.0,346090,0.0,44.8,0.725,36.000,17.000,68.000,600.0,3000.0,1200.0,100.0,0.0,0.0,0.0,0.0,0.0,0.0,0.0,0.0,0,0,16.0,246,Ne,Ne,Ne,194.1,193.9,5.15,5.16,0.00,5.05,0.10,0,0,0.0,0.0,0,0,0.0,0.0,0,0,0.0,0.0,157730,4548,903.1,26.0,0,0.0,
20.5.2026,12:46:55.877,33565,9593,77.7,19741,12153,61.8,0.7,1.184,1.190,1.190,1.190,1.180,1.180,1.180,1.180,1.180,5225.0,5225.0,5225.0,5225.0,5225.0,5225.0,5225.0,5225.0,5225.0,100.0,2839.5,4853.6,3311.2,2751.1,2561.7,3196.4,3261.3,2352.4,2298.6,3402.9,3666.2,2902.4,3117.5,2352.5,1708.5,2315.2,1380.3,2839.5,50.3,78.6,61.1,49.5,44.6,58.5,59.5,41.1,39.8,62.6,67.3,52.2,56.6,41.2,29.5,39.7,22.6,78.6,50.3,58.3,89.4,70.1,57.4,52.2,67.7,69.0,47.9,46.7,72.1,77.6,60.5,65.8,47.8,34.5,46.6,27.2,58.3,52.2,52.2,52.2,52.2,52.2,52.2,52.2,52.2,52.2,0.0,76.1,92.8,74.1,82.1,68.5,88.3,79.0,64.6,59.6,23.9,7.2,25.9,17.9,31.5,11.7,21.0,35.4,40.4,0.0,0.0,0.0,0.0,0.0,0.0,0.0,0.0,0.0,3000.0,30.00,30,40,40,76,116,884,1,60.0,57.7,60.2,53.0,55.5,50.6,57.1,51.3,56.6,52.7,51.8,48.4,44.7,44.7,51.0,43.2,46.9,46.0,60.0,1.184,1.250,1.100,52.300,14.602,52.277,81.250,7.455,95.031,6.005,6.989,5.837,6.736,5.431,6.970,6.319,5.037,4.717,61.869,18.252,88.321,95.047,2000.0,3000.0,5229.5,5229.5,5250.0,58.7,43.6,45.1,58.7,60.7,Ne,Ne,Ne,8.548,5.346,6.1,31,60,49,26,1.181,5.040,3.408,3.328,12.192,1.101,1.243,3.408,3.280,3.344,1.056,1.056,1.048,1.359,1.814,0.912,3.344,0.064,0.048,0.048,0.048,1.016,1.016,1347,1090,2721,51.9,58.3,47,46,22519520,1.183,1.238,605772,69,14,7387404,74,17,6805770,182.7,1.9,43.5,1.350,1.365,1.815,1.800,1.005,5.110,2.250,Ne,Ne,Ne,41.8,1.350,1.365,1.815,1.800,1.005,5.110,0.625,Ne,Ne,Ne,61,78,99.0,100.0,Ne,Ne,30664,54295,0.2,0.8,1.0,1.493,1.674,88418,222541,55.0,64.0,72.0,1.045,1289,3122.0,2238.0,100.0,97.8,26.0,2.0,2.0,24.0,10927,1153,32.0,346090,0.0,44.8,0.725,10.000,18.000,108.000,600.0,3000.0,1200.0,100.0,0.0,0.0,0.0,0.0,0.0,0.0,0.0,0.0,0,0,16.0,246,Ne,Ne,Ne,231.9,232.1,4.31,4.30,0.00,4.19,0.12,0,0,0.0,0.0,0,0,0.0,0.0,0,0,0.0,0.0,157731,4548,769.9,31.7,0,0.0,
20.5.2026,12:46:57.869,33562,9597,77.7,19760,12134,61.9,0.7,1.195,1.190,1.190,1.190,1.190,1.200,1.200,1.200,1.200,5225.0,5225.0,5225.0,5225.0,5225.0,5225.0,5225.0,5225.0,5225.0,100.0,3071.1,4899.9,3558.3,2659.4,3107.7,3293.4,3553.6,2328.3,2881.9,3507.0,4025.7,3027.1,3337.0,2133.8,2543.0,1994.8,2286.4,3071.1,54.6,77.9,65.6,47.5,56.4,59.6,64.8,41.3,51.5,64.1,74.3,54.6,60.8,37.6,45.0,33.2,39.7,77.9,54.6,63.4,88.9,75.3,55.4,65.6,69.2,75.3,48.3,59.9,74.2,85.4,63.4,70.7,43.9,52.4,39.3,46.8,63.4,52.2,52.2,52.2,52.2,52.2,52.2,52.2,52.2,52.2,0.0,79.7,93.7,76.9,84.5,73.7,91.4,81.1,70.6,65.7,20.3,6.3,23.1,15.5,26.3,8.6,18.9,29.2,34.3,0.0,0.0,0.0,0.0,0.0,0.0,0.0,0.2,0.0,3000.0,30.00,30,40,40,76,116,884,1,60.5,59.0,61.1,54.2,56.3,51.8,57.9,52.6,58.0,53.9,53.2,49.7,45.5,45.5,51.0,43.3,47.0,46.0,60.0,1.186,1.250,1.100,53.791,14.562,53.780,80.750,7.457,96.881,6.255,7.051,6.100,6.845,5.782,7.234,6.554,5.390,5.088,63.732,18.202,90.137,96.854,2000.0,3000.0,5228.8,5228.8,5250.0,59.8,44.8,44.9,59.8,62.1,Ne,Ne,Ne,8.164,4.923,6.4,31,60,49,26,1.190,5.040,3.408,3.328,12.192,1.101,1.243,3.408,3.280,3.328,1.072,1.056,1.048,1.350,1.814,0.912,3.344,0.064,0.056,0.048,0.048,1.016,1.016,1332,1086,2777,51.9,58.3,47,46,22519618,1.179,1.238,605774,37,14,7387478,68,18,6805843,182.7,1.9,43.5,1.350,1.365,1.815,1.800,1.005,5.110,1.750,Ne,Ne,Ne,41.8,1.350,1.365,1.815,1.800,1.005,5.110,1.750,Ne,Ne,Ne,61,78,99.0,100.0,Ne,Ne,30664,54295,1.3,0.1,1.4,10.531,1.252,88438,222543,55.0,65.0,72.0,1.057,1288,3130.0,2238.0,99.0,96.0,24.0,2.6,2.6,24.0,10927,1153,32.0,346090,0.0,44.9,0.725,10.000,18.000,108.000,600.0,3000.0,1200.0,100.0,0.0,0.0,0.0,0.0,0.0,0.0,0.0,0.0,0,0,16.0,246,Ne,Ne,Ne,224.4,225.5,4.46,4.42,0.00,4.33,0.13,0,0,0.0,0.0,0,0,0.0,0.0,0,0,0.0,0.0,157733,4548,892.1,36.6,0,0.0,
20.5.2026,12:46:59.870,33572,9586,77.7,19770,12125,61.9,0.7,1.181,1.180,1.180,1.180,1.180,1.180,1.180,1.180,1.190,5225.0,5225.0,5225.0,5225.0,5225.0,5225.0,5225.0,5225.0,5225.0,100.0,3066.8,4874.3,3589.2,2738.7,3079.6,3270.8,3634.9,2273.7,2898.0,3874.6,3662.3,3125.7,3293.9,1912.8,2667.4,1644.9,2528.5,3066.8,54.7,79.2,66.2,49.3,55.9,59.8,66.4,39.4,52.6,71.6,66.9,57.3,59.8,33.2,46.7,27.3,43.1,79.2,54.7,63.5,90.4,76.0,57.2,65.2,69.3,77.0,46.2,61.3,82.2,77.6,66.2,69.7,38.9,54.7,32.7,50.8,63.5,52.2,52.2,52.2,52.2,52.2,52.2,52.2,52.2,52.2,0.0,80.0,93.2,78.1,85.3,74.3,91.5,81.4,70.5,65.8,20.0,6.8,21.9,14.7,25.7,8.5,18.6,29.5,34.2,0.0,0.0,0.0,0.0,0.0,0.0,0.0,0.0,0.0,3000.0,30.00,30,40,40,76,116,884,1,60.9,59.5,59.4,54.7,56.7,52.4,58.8,53.1,58.6,54.5,53.7,50.0,45.9,45.9,51.0,43.4,47.0,46.0,60.0,1.186,1.250,1.100,54.346,14.782,54.370,79.250,7.453,97.921,6.363,7.131,6.266,7.037,5.878,7.312,6.718,5.463,5.099,64.389,18.478,91.065,97.958,2000.0,3000.0,5228.3,5228.3,5250.0,60.5,45.3,44.0,60.5,62.7,Ne,Ne,Ne,10.544,6.157,6.4,31,60,49,26,1.181,5.040,3.408,3.328,12.192,1.101,1.243,3.408,3.280,3.328,1.056,1.056,1.048,1.350,1.814,0.912,3.344,0.064,0.048,0.048,0.048,1.016,1.016,1332,1072,2749,51.9,57.4,47,46,22519716,1.175,1.238,605776,46,15,7387570,84,16,6805934,182.7,1.9,43.5,1.350,1.365,1.815,1.800,1.005,5.040,2.000,Ne,Ne,Ne,41.8,1.350,1.365,1.815,1.800,1.005,5.040,1.125,Ne,Ne,Ne,61,78,99.0,100.0,Ne,Ne,30664,54295,0.4,0.1,0.5,1.628,1.575,88441,222546,55.0,64.0,72.0,1.038,1290,3107.0,2238.0,100.0,96.2,23.0,2.6,2.6,24.0,10927,1153,32.0,346090,0.0,44.9,0.725,62.000,18.000,96.000,600.0,3000.0,1200.0,100.0,0.0,0.0,0.0,0.0,0.0,0.0,0.0,0.0,0,0,16.0,246,Ne,Ne,Ne,224.7,224.4,4.45,4.45,0.00,4.33,0.12,0,0,0.0,0.0,0,0,0.0,0.0,0,0,0.0,0.0,157736,4549,1188.2,39.7,0,0.0,
20.5.2026,12:47:1.875,33551,9607,77.7,19751,12143,61.9,0.7,1.171,1.175,1.175,1.170,1.170,1.170,1.170,1.170,1.170,5225.0,5225.0,5225.0,5225.0,5225.0,5225.0,5225.0,5225.0,5225.0,100.0,2718.7,4836.0,3218.8,2148.4,2874.1,2825.1,3485.6,1642.2,2655.4,3574.3,3383.8,2618.1,3067.8,1401.8,2391.8,1091.9,2284.9,2718.7,48.1,78.9,59.2,37.2,52.2,51.4,63.7,27.9,48.0,66.1,61.8,46.2,55.7,23.9,41.6,17.6,38.9,78.9,48.1,56.0,89.6,68.1,43.7,60.8,59.8,73.8,33.1,56.0,75.8,71.7,53.9,65.0,28.3,48.6,21.5,45.9,56.0,52.2,52.2,52.2,52.2,52.2,52.2,52.2,52.2,52.2,0.0,73.9,92.5,71.7,80.1,65.5,87.1,75.7,62.1,56.2,26.1,7.5,28.3,19.9,34.5,12.9,24.3,37.9,43.8,0.0,0.0,0.0,0.0,0.0,0.0,0.0,0.0,0.0,3000.0,30.00,30,40,40,76,116,884,1,60.5,58.3,60.8,53.1,56.0,50.6,57.3,51.1,57.3,52.4,51.9,48.2,45.1,45.1,50.8,43.3,47.0,46.0,60.0,1.184,1.250,1.100,50.080,14.654,50.085,77.750,7.451,92.411,5.865,6.924,5.678,6.606,5.264,6.957,6.096,4.895,4.497,59.217,18.318,85.732,92.388,2000.0,3000.0,5229.9,5229.9,5250.0,57.0,41.7,43.2,57.0,61.3,Ne,Ne,Ne,8.820,4.139,5.9,30,60,49,26,1.172,5.040,3.408,3.328,12.192,1.101,1.243,3.408,3.280,3.328,1.056,1.056,1.048,1.350,1.814,0.920,3.344,0.064,0.056,0.048,0.048,1.016,1.016,1350,1069,2743,51.9,57.4,47,46,22519814,1.179,1.238,605779,58,14,7387686,69,18,6806046,182.7,1.9,43.5,1.350,1.365,1.815,1.800,1.005,5.040,1.375,Ne,Ne,Ne,41.8,1.350,1.365,1.815,1.800,1.005,5.040,0.875,Ne,Ne,Ne,61,78,99.0,100.0,Ne,Ne,30664,54295,4.0,0.1,4.2,17.954,2.053,88476,222550,55.0,65.0,72.0,1.061,1290,3138.0,2238.0,100.0,98.5,26.0,2.5,2.5,24.0,10903,1153,32.0,346090,0.0,45.0,0.725,55.000,17.000,87.000,600.0,3000.0,1200.0,100.0,0.0,0.0,0.0,0.0,0.0,0.0,0.0,0.0,0,0,16.0,246,Ne,Ne,Ne,238.2,238.0,4.20,4.20,0.00,4.08,0.11,0,0,0.0,0.0,0,0,0.0,0.0,0,0,0.0,0.0,157738,4549,1184.8,39.1,0,0.0,
20.5.2026,12:47:3.877,33569,9590,77.7,19756,12139,61.9,0.7,1.196,1.195,1.200,1.200,1.200,1.200,1.190,1.190,1.190,5225.0,5225.0,5225.0,5225.0,5225.0,5225.0,5225.0,5225.0,5225.0,100.0,2760.9,4836.3,3187.1,2289.5,2881.5,2816.9,3523.1,1862.3,2588.7,3137.8,3805.9,2732.0,3117.3,1653.8,2246.9,1391.9,2102.9,2760.9,48.7,80.3,58.6,39.8,51.9,49.4,64.4,32.0,45.3,57.2,70.1,47.9,56.6,28.3,38.9,22.6,35.2,80.3,48.7,56.6,91.1,67.3,46.6,60.6,58.0,74.6,37.7,53.0,66.5,80.7,55.9,65.9,33.2,45.4,27.3,41.7,56.6,52.2,52.2,52.2,52.2,52.2,52.2,52.2,52.2,52.2,0.0,74.1,92.5,71.9,79.6,66.3,86.4,76.3,62.4,57.1,25.9,7.5,28.1,20.4,33.7,13.6,23.7,37.6,42.9,0.0,0.0,0.0,0.0,0.0,0.0,0.0,0.0,0.0,3000.0,30.00,30,40,40,76,116,884,1,60.2,57.8,59.4,52.8,55.6,50.3,56.9,50.9,56.9,52.3,51.7,48.0,44.8,44.8,51.2,43.2,47.0,46.0,60.0,1.184,1.250,1.100,49.320,14.578,49.311,79.500,7.450,91.336,5.867,6.896,5.669,6.553,5.260,6.973,6.158,4.880,4.543,58.321,18.223,84.738,91.357,2000.0,3000.0,5229.8,5229.8,5250.0,56.4,41.1,44.2,56.4,60.9,Ne,Ne,Ne,7.948,3.894,5.9,30,60,49,26,1.172,5.040,3.408,3.328,12.288,1.101,1.243,3.408,3.280,3.328,1.072,1.056,1.048,1.350,1.814,0.912,3.344,0.064,0.048,0.048,0.048,1.016,1.016,1348,1099,2772,51.9,57.4,47,46,22519912,1.179,1.238,605781,66,14,7387818,74,17,6806173,182.7,1.9,43.5,1.350,1.365,1.815,1.800,1.005,5.040,0.625,Ne,Ne,Ne,41.8,1.350,1.365,1.815,1.800,1.005,5.040,1.375,Ne,Ne,Ne,61,78,99.0,100.0,Ne,Ne,30664,54295,3.5,0.2,3.7,11.593,2.155,88498,222554,55.0,65.0,72.0,1.063,1291,3140.0,2238.0,100.0,98.0,25.0,2.7,2.7,24.0,10903,1153,32.0,346090,0.0,44.9,0.725,47.000,18.000,80.000,600.0,3000.0,1200.0,100.0,0.0,0.0,0.0,0.0,0.0,0.0,0.0,0.0,0,0,16.0,246,Ne,Ne,Ne,198.6,198.3,5.04,5.04,0.00,4.92,0.12,0,0,0.0,0.0,0,0,0.0,0.0,0,0,0.0,0.0,157740,4549,1021.4,41.3,0,0.0,
20.5.2026,12:47:5.868,33535,9624,77.7,19751,12144,61.9,0.7,1.179,1.170,1.185,1.185,1.185,1.185,1.185,1.170,1.170,5225.0,5225.0,5225.0,5225.0,5225.0,5225.0,5225.0,5225.0,5225.0,100.0,2937.9,4851.6,3340.9,2827.3,2834.1,3040.0,3553.3,2442.8,2489.0,3442.3,3795.2,3049.9,3099.2,2392.9,1958.9,2179.5,1708.9,2937.9,52.0,79.4,61.6,49.7,50.9,55.1,65.0,42.0,42.9,63.0,69.9,55.5,56.5,41.1,33.9,36.6,28.3,79.4,52.0,60.3,90.6,70.7,58.0,59.1,64.3,75.3,49.2,50.2,72.8,80.5,64.6,65.6,48.2,39.6,43.2,33.7,60.3,52.2,52.2,52.2,52.2,52.2,52.2,52.2,52.2,52.2,0.0,78.2,92.8,78.0,83.8,71.7,90.8,80.0,67.7,61.1,21.8,7.2,22.0,16.2,28.3,9.2,20.0,32.3,38.9,0.0,0.0,0.0,0.0,0.0,0.0,0.0,0.0,0.0,3000.0,30.00,30,40,40,76,116,884,1,60.4,58.6,59.9,53.8,56.2,51.5,57.9,52.0,57.6,53.4,52.8,49.1,45.6,45.6,51.2,43.4,47.0,46.0,60.0,1.184,1.250,1.100,51.784,14.699,51.778,78.750,7.451,94.593,6.108,7.032,6.038,6.763,5.570,7.050,6.398,5.178,4.834,61.265,18.374,87.835,94.605,2000.0,3000.0,5228.9,5228.9,5250.0,58.4,43.1,43.8,58.4,61.7,Ne,Ne,Ne,8.890,5.266,6.3,30,60,49,26,1.181,5.040,3.408,3.328,12.192,1.101,1.243,3.408,3.280,3.328,1.056,1.056,1.048,1.350,1.814,0.920,3.344,0.064,0.056,0.048,0.048,1.016,1.016,1331,1102,2721,51.9,58.3,47,46,22520010,1.175,1.238,605783,58,14,7387934,89,18,6806286,182.7,1.9,43.5,1.350,1.365,1.800,1.800,1.005,5.040,1.125,Ne,Ne,Ne,41.8,1.350,1.365,1.815,1.800,1.005,5.040,1.375,Ne,Ne,Ne,61,78,99.0,100.0,Ne,Ne,30664,54295,3.4,0.1,3.5,16.754,1.172,88530,222556,55.0,65.0,73.0,1.050,1290,3124.0,2238.0,100.0,97.4,24.0,2.5,2.5,24.0,10903,1153,32.0,346090,0.0,44.9,0.725,62.000,17.000,95.000,600.0,3000.0,1200.0,100.0,0.0,0.0,0.0,0.0,0.0,0.0,0.0,0.0,0,0,16.0,246,Ne,Ne,Ne,244.7,244.7,4.09,4.08,0.00,3.96,0.12,0,0,0.0,0.0,0,0,0.0,0.0,0,0,0.0,0.0,157742,4549,843.5,30.6,0,0.0,
20.5.2026,12:47:7.871,33524,9634,77.6,19767,12128,61.9,0.7,1.183,1.180,1.180,1.180,1.180,1.185,1.185,1.185,1.185,5225.0,5225.0,5225.0,5225.0,5225.0,5225.0,5225.0,5225.0,5225.0,100.0,2779.3,4792.9,3103.1,2891.9,2352.4,3225.0,3181.4,2487.2,1971.9,3931.7,3190.7,3101.7,2812.4,2624.5,1263.4,2418.4,1120.1,2779.3,49.1,80.4,56.7,50.6,40.5,58.7,57.7,43.1,33.6,72.9,58.2,56.2,50.4,46.2,21.0,41.4,17.7,80.4,49.1,57.3,91.6,65.5,59.1,47.9,68.3,67.3,50.6,39.9,83.4,67.6,65.5,59.0,54.0,25.4,48.9,22.1,57.3,52.2,52.2,52.2,52.2,52.2,52.2,52.2,52.2,52.2,0.0,75.0,91.6,73.1,81.1,66.4,89.9,77.4,62.6,57.9,25.0,8.4,26.9,18.9,33.6,10.1,22.6,37.4,42.1,0.0,0.0,0.0,0.0,0.0,0.0,0.0,0.0,0.0,3000.0,30.00,30,40,40,76,116,884,1,60.4,58.2,58.1,53.1,55.8,50.5,57.2,51.0,57.3,52.6,52.0,48.4,45.1,45.1,51.5,43.3,47.0,46.0,60.0,1.184,1.250,1.100,50.936,14.887,50.937,84.250,7.442,93.794,5.925,6.946,5.751,6.620,5.272,7.018,6.242,4.922,4.630,60.236,18.609,87.032,93.793,2000.0,3000.0,5229.8,5229.8,5250.0,57.9,42.4,46.8,57.9,61.3,Ne,Ne,Ne,10.612,5.160,6.0,30,60,49,26,1.181,5.040,3.408,3.328,12.192,1.101,1.243,3.408,3.280,3.328,1.056,1.056,1.048,1.350,1.814,0.920,3.328,0.064,0.048,0.048,0.048,1.016,1.016,1350,1084,2721,51.9,58.3,47,46,22520108,1.183,1.238,605786,40,14,7388014,51,18,6806365,182.7,1.9,43.5,1.350,1.365,1.815,1.800,1.005,5.040,2.000,Ne,Ne,Ne,41.8,1.350,1.365,1.815,1.800,1.005,5.040,1.250,Ne,Ne,Ne,61,78,99.0,100.0,Ne,Ne,30664,54295,33.8,0.1,33.8,34.531,0.907,88596,222558,55.0,64.0,72.0,1.058,1291,3128.0,2238.0,100.0,98.3,21.0,2.4,2.4,24.0,10903,1153,32.0,346090,0.0,44.8,0.725,49.000,18.000,82.000,600.0,3000.0,1200.0,100.0,0.0,0.0,0.0,0.0,0.0,0.0,0.0,0.0,0,0,16.0,246,Ne,Ne,Ne,206.4,207.2,4.85,4.83,0.00,4.72,0.13,0,0,0.0,0.0,0,0,0.0,0.0,0,0,0.0,0.0,157743,4549,579.6,28.6,0,0.0,
20.5.2026,12:47:9.881,33593,9566,77.8,19788,12107,62.0,0.7,1.181,1.195,1.190,1.190,1.175,1.175,1.175,1.175,1.175,5225.0,5225.0,5225.0,5225.0,5225.0,5225.0,5225.0,5225.0,5225.0,100.0,3083.9,4920.0,3555.6,3141.5,2742.7,3590.7,3437.5,2798.4,2344.3,4033.2,3584.5,3340.0,3182.4,2817.3,1716.2,2757.8,1379.8,3083.9,55.7,82.4,66.0,57.8,49.3,66.1,63.1,51.0,41.1,74.9,65.8,61.5,58.4,51.7,30.3,48.0,23.7,82.4,55.7,64.1,93.6,75.3,66.6,56.9,76.1,72.8,59.0,47.6,85.6,75.9,70.7,67.4,59.6,35.0,55.7,27.6,64.1,52.2,52.2,52.2,52.2,52.2,52.2,52.2,52.2,52.2,0.0,81.0,94.1,79.8,86.3,75.1,91.5,82.8,71.5,67.0,19.0,5.9,20.2,13.7,24.9,8.5,17.2,28.5,33.0,0.0,0.0,0.0,0.0,0.0,0.0,0.0,0.0,0.0,3000.0,30.00,30,40,40,76,116,884,1,61.2,59.9,58.5,55.1,57.4,52.7,59.4,53.4,58.9,54.8,54.0,50.3,46.1,46.1,51.5,43.4,47.0,46.1,60.0,1.186,1.250,1.100,56.170,14.961,56.166,81.500,7.461,100.376,6.503,7.375,6.396,7.236,5.991,7.427,6.828,5.548,5.222,66.567,18.701,93.475,100.361,2000.0,3000.0,5228.2,5228.2,5250.0,62.0,46.8,45.3,62.0,63.0,Ne,Ne,Ne,11.581,6.382,6.5,31,60,49,26,1.172,5.040,3.408,3.328,12.288,1.101,1.243,3.408,3.280,3.328,1.072,1.056,1.048,1.359,1.814,0.912,3.344,0.064,0.056,0.048,0.048,1.016,1.016,1332,1085,2721,51.9,57.4,47,46,22520206,1.171,1.238,605788,46,14,7388106,76,17,6806456,182.7,1.9,43.5,1.350,1.365,1.815,1.800,1.005,5.040,1.375,Ne,Ne,Ne,41.8,1.350,1.365,1.815,1.800,1.005,5.040,1.500,Ne,Ne,Ne,61,78,99.0,100.0,Ne,Ne,30664,54295,11.9,0.1,12.0,11.860,0.442,88619,222559,55.0,64.0,72.0,1.064,1291,3143.0,2238.0,100.0,97.4,23.0,3.0,3.0,24.0,10903,1153,32.0,346090,0.0,44.9,0.725,46.000,17.000,91.000,600.0,3000.0,1200.0,100.0,0.0,0.0,0.0,0.0,0.0,0.0,0.0,0.0,0,0,16.0,246,Ne,Ne,Ne,203.0,203.2,4.93,4.93,0.00,4.80,0.12,0,0,0.0,0.0,0,0,0.0,0.0,0,0,0.0,0.0,157744,4549,519.0,30.6,0,0.0,
20.5.2026,12:47:11.871,33555,9603,77.7,19749,12146,61.9,0.7,1.172,1.190,1.170,1.170,1.170,1.170,1.170,1.170,1.170,5225.0,5225.0,5225.0,5225.0,5225.0,5225.0,5225.0,5225.0,5225.0,100.0,2940.7,4897.6,3439.9,2650.6,2847.2,3191.6,3483.3,2326.1,2511.5,3377.3,3944.6,2906.6,3234.7,2258.3,2077.4,2209.7,1694.1,2940.7,52.5,79.7,63.7,47.6,51.5,58.1,63.8,41.0,44.9,61.9,73.0,52.5,59.2,39.9,36.5,37.7,28.8,79.7,52.5,60.7,90.7,72.9,55.4,59.6,67.4,73.8,48.0,52.0,71.6,83.7,61.1,68.5,46.5,42.4,44.3,33.9,60.7,52.2,52.2,52.2,52.2,52.2,52.2,52.2,52.2,52.2,0.0,77.7,93.7,75.3,83.4,70.4,89.7,79.0,67.5,62.4,22.3,6.3,24.7,16.6,29.6,10.3,21.0,32.5,37.6,0.0,0.0,0.0,0.0,0.0,0.0,0.0,0.0,0.0,3000.0,30.00,30,40,40,76,116,884,1,60.9,58.8,60.8,54.0,56.5,51.5,58.0,52.2,57.7,53.7,53.0,49.4,45.6,45.6,51.0,43.4,47.0,46.1,60.0,1.185,1.250,1.100,53.001,15.114,53.014,79.500,7.477,96.777,6.115,7.074,5.958,6.787,5.566,7.018,6.458,5.199,4.856,62.761,18.893,89.878,96.803,2000.0,3000.0,5229.5,5229.5,5250.0,59.8,44.2,44.2,59.8,61.9,Ne,Ne,Ne,12.790,6.569,6.2,30,61,50,26,1.190,5.040,3.408,3.328,12.192,1.101,1.243,3.408,3.280,3.328,1.056,1.056,1.048,1.359,1.814,0.920,3.344,0.064,0.056,0.048,0.048,1.016,1.016,1350,1105,2721,51.9,58.3,47,46,22520304,1.183,1.238,605790,41,14,7388188,36,17,6806537,182.7,1.9,43.5,1.350,1.365,1.815,1.800,1.005,5.040,2.375,Ne,Ne,Ne,41.8,1.350,1.365,1.815,1.800,1.005,5.040,0.625,Ne,Ne,Ne,61,78,99.0,100.0,Ne,Ne,30664,54295,12.0,0.1,12.1,4.293,1.536,88627,222562,55.0,65.0,73.0,1.062,1290,3140.0,2238.0,100.0,98.6,23.0,2.9,2.9,24.0,10903,1153,32.0,346090,0.0,45.0,0.725,0.000,18.000,99.000,600.0,3000.0,1200.0,100.0,0.0,0.0,0.0,0.0,0.0,0.0,0.0,0.0,0,0,16.0,246,Ne,Ne,Ne,203.3,202.6,4.92,4.93,0.00,4.80,0.12,0,0,0.0,0.0,0,0,0.0,0.0,0,0,0.0,0.0,157745,4549,464.5,31.9,0,0.0,
20.5.2026,12:47:13.872,33542,9616,77.7,19787,12107,62.0,0.7,1.185,1.170,1.190,1.190,1.190,1.185,1.185,1.185,1.185,5225.0,5225.0,5225.0,5225.0,5225.0,5225.0,5225.0,5225.0,5225.0,100.0,2355.7,4839.9,2801.5,1696.9,2463.6,2455.1,3116.6,1356.1,2171.9,2701.2,3546.0,2105.3,2727.5,1116.2,1912.6,1032.2,1649.5,2355.7,41.7,79.9,51.6,29.4,43.8,43.3,57.3,23.4,38.3,49.2,65.9,36.6,49.0,19.3,33.8,17.4,28.8,79.9,41.7,48.1,90.1,59.1,34.5,50.7,50.4,66.0,27.5,44.3,56.9,75.2,42.9,56.8,22.7,39.0,20.7,33.5,48.1,52.2,52.2,52.2,52.2,52.2,52.2,52.2,52.2,52.2,0.0,65.8,92.5,60.3,73.0,55.3,81.9,65.1,51.4,46.9,34.1,7.5,39.7,27.0,44.7,18.1,34.9,48.1,53.0,0.1,0.0,0.0,0.0,0.0,0.0,0.0,0.5,0.2,3000.0,30.00,30,40,40,76,116,884,1,59.6,55.7,60.2,50.3,54.2,47.5,54.5,47.9,54.0,49.3,49.1,45.7,43.6,43.6,51.0,43.3,46.6,46.1,60.0,1.183,1.250,1.100,43.421,15.053,43.401,77.000,7.439,85.045,5.097,6.573,4.737,5.882,4.354,6.147,5.242,4.053,3.792,51.277,18.816,78.276,85.034,2000.0,3000.0,5232.6,5232.6,5250.0,52.5,36.2,42.8,52.5,58.6,Ne,Ne,Ne,13.070,5.765,5.3,30,60,50,26,1.181,5.040,3.408,3.328,12.192,1.101,1.234,3.408,3.280,3.328,1.056,1.056,1.048,1.350,1.814,0.920,3.328,0.064,0.048,0.048,0.048,1.016,1.016,1356,1105,1819,51.9,58.3,47,46,22520404,1.187,1.238,605793,69,15,7388326,42,18,6806670,182.7,1.9,43.8,1.365,1.365,1.815,1.800,1.005,5.040,2.250,Ne,Ne,Ne,41.8,1.350,1.365,1.815,1.800,1.005,5.040,1.875,Ne,Ne,Ne,61,78,99.0,100.0,Ne,Ne,30664,54295,0.5,0.4,0.9,0.668,1.188,88628,222564,55.0,64.0,73.0,1.049,1292,3121.0,2238.0,100.0,98.1,21.0,3.4,3.4,24.0,10903,1153,32.0,346090,0.0,45.1,0.725,46.000,19.000,81.000,600.0,3000.0,1200.0,100.0,0.0,0.0,0.0,0.0,0.0,0.0,0.0,0.0,0,0,16.0,246,Ne,Ne,Ne,184.3,184.1,5.43,5.43,0.00,5.31,0.11,0,0,0.0,0.0,0,0,0.0,0.0,0,0,0.0,0.0,157747,4549,970.9,41.6,0,0.0,
20.5.2026,12:47:15.869,33584,9574,77.8,19796,12099,62.0,0.7,1.184,1.190,1.200,1.180,1.180,1.180,1.180,1.180,1.180,5225.0,5225.0,5225.0,5225.0,5225.0,5225.0,5225.0,5225.0,5225.0,100.0,2849.7,4853.1,3429.9,2230.6,3069.4,3026.9,3639.6,1708.9,2849.4,3631.2,3619.1,2741.0,3325.3,1335.7,2590.1,1042.4,2503.1,2849.7,51.1,78.3,63.7,39.3,56.3,55.0,67.3,29.7,52.2,67.4,66.9,49.4,61.4,23.2,45.9,17.3,43.8,78.3,51.1,58.7,89.1,72.6,45.6,64.7,63.3,77.2,34.7,60.1,77.0,76.7,57.0,70.4,27.0,52.8,20.6,50.7,58.7,52.2,52.2,52.2,52.2,52.2,52.2,52.2,52.2,52.2,0.0,76.7,92.8,75.0,83.3,69.6,89.5,79.0,64.5,59.7,23.3,7.2,25.0,16.7,30.4,10.5,21.0,35.5,40.3,0.0,0.0,0.0,0.0,0.0,0.0,0.0,0.0,0.0,3000.0,30.00,30,40,40,76,116,884,1,60.0,58.0,59.9,52.9,55.7,50.4,57.1,51.0,57.0,52.5,51.7,48.1,44.7,44.7,51.2,43.3,46.9,46.1,60.0,1.183,1.250,1.100,50.965,14.772,50.959,76.500,7.462,93.709,5.996,7.005,5.779,6.710,5.400,7.065,6.325,5.004,4.681,60.256,18.465,86.929,93.721,2000.0,3000.0,5229.7,5229.7,5250.0,57.9,42.5,42.5,57.9,61.1,Ne,Ne,Ne,10.168,5.687,6.1,31,59,49,26,1.181,5.040,3.408,3.328,12.192,1.101,1.243,3.408,3.280,3.328,1.056,1.056,1.048,1.359,1.814,0.920,3.344,0.064,0.056,0.048,0.048,1.016,1.016,1358,1086,2772,51.9,58.3,47,46,22520502,1.187,1.234,605795,36,14,7388398,75,18,6806742,182.7,1.9,43.8,1.350,1.365,1.815,1.800,1.005,5.040,1.750,Ne,Ne,Ne,41.8,1.350,1.365,1.815,1.800,1.005,5.040,1.875,Ne,Ne,Ne,61,78,99.0,100.0,Ne,Ne,30664,54295,0.5,0.2,0.7,0.215,2.012,88629,222568,55.0,64.0,74.0,1.040,1303,3108.0,2238.0,100.0,97.4,19.0,3.8,3.8,25.0,10903,1153,32.0,346090,0.0,44.9,0.725,34.000,18.000,68.000,600.0,3000.0,1200.0,100.0,0.0,0.0,0.0,0.0,0.0,0.0,0.0,0.0,0,0,16.0,246,Ne,Ne,Ne,220.1,220.6,4.54,4.53,0.00,4.41,0.14,0,0,0.0,0.0,0,0,0.0,0.0,0,0,0.0,0.0,157749,4549,1102.0,45.3,0,0.0,
20.5.2026,12:47:17.873,33592,9566,77.8,19825,12070,62.1,0.7,1.181,1.175,1.180,1.180,1.175,1.175,1.195,1.185,1.185,5225.0,5225.0,5225.0,5225.0,5225.0,5225.0,5225.0,5225.0,5225.0,100.0,2911.5,4877.2,3483.0,2477.8,2947.5,3237.5,3620.7,2000.4,2662.8,3860.7,3631.7,3072.4,3084.1,1477.4,2525.5,1214.5,2410.2,2911.5,52.5,80.5,64.8,44.6,53.7,59.6,66.9,35.5,47.4,72.0,67.3,56.6,56.1,25.9,44.6,20.9,43.2,80.5,52.5,60.3,91.2,73.8,51.6,61.9,68.6,76.7,41.1,54.8,81.9,77.0,65.1,64.8,30.1,51.6,24.6,49.9,60.3,52.2,52.2,52.2,52.2,52.2,52.2,52.2,52.2,52.2,0.0,78.1,93.3,76.1,84.6,71.0,91.8,79.9,66.4,61.5,21.8,6.7,23.9,15.4,29.0,8.2,20.1,33.1,38.1,0.1,0.0,0.0,0.0,0.0,0.0,0.0,0.5,0.4,3000.0,30.00,30,40,40,76,116,884,1,60.4,59.1,59.9,53.9,56.6,51.3,58.4,51.8,58.2,53.3,52.9,49.1,45.6,45.6,51.0,43.3,47.0,46.1,60.0,1.185,1.250,1.100,52.352,14.799,52.376,78.500,7.473,95.510,6.177,7.120,6.025,6.940,5.559,7.223,6.472,5.168,4.905,61.976,18.499,88.696,95.540,2000.0,3000.0,5229.4,5229.4,5250.0,59.0,43.6,43.6,59.0,62.2,Ne,Ne,Ne,9.878,5.922,6.2,31,60,48,26,1.190,5.040,3.408,3.328,12.192,1.101,1.234,3.408,3.280,3.328,1.056,1.056,1.048,1.350,1.814,0.920,3.344,0.064,0.048,0.048,0.048,1.016,1.016,1315,1100,2743,51.9,58.3,46,47,22520598,1.171,1.238,605797,28,14,7388454,78,17,6806799,182.7,1.9,43.8,1.350,1.365,1.800,1.800,1.005,5.040,1.000,Ne,Ne,Ne,41.8,1.350,1.365,1.815,1.800,1.005,5.040,2.500,Ne,Ne,Ne,61,78,99.0,100.0,Ne,Ne,30664,54295,4.3,0.2,4.5,12.422,1.623,88652,222571,55.0,66.0,72.0,1.066,1317,3140.0,2238.0,100.0,98.7,25.0,2.3,2.3,25.0,10903,1153,32.0,346090,0.0,44.8,0.725,2.000,18.000,101.000,600.0,3000.0,1200.0,100.0,0.0,0.0,0.0,0.0,0.0,0.0,0.0,0.0,0,0,16.0,246,Ne,Ne,Ne,217.4,216.7,4.60,4.60,0.00,4.47,0.13,0,0,0.0,0.0,0,0,0.0,0.0,0,0,0.0,0.0,157751,4549,1181.9,36.0,0,0.0,
20.5.2026,12:47:19.870,33535,9624,77.7,19783,12111,62.0,0.7,1.181,1.175,1.180,1.180,1.180,1.180,1.185,1.185,1.185,5225.0,5225.0,5225.0,5225.0,5225.0,5225.0,5225.0,5225.0,5225.0,100.0,2838.4,4825.0,3271.4,2693.0,2617.0,3192.2,3314.4,2378.4,2353.2,3338.6,3840.6,3154.9,2812.5,1924.0,2014.4,1822.1,1863.1,2838.4,50.6,79.6,60.4,48.3,47.0,58.5,60.8,41.9,41.0,61.3,71.1,57.9,50.9,33.3,34.9,30.9,31.4,79.6,50.6,58.6,90.6,69.3,56.1,54.7,67.6,70.2,49.0,48.0,70.8,81.4,66.8,59.2,39.1,40.9,36.6,37.3,58.6,52.2,52.2,52.2,52.2,52.2,52.2,52.2,52.2,52.2,0.0,76.4,92.3,74.3,82.8,70.5,89.6,78.4,63.7,59.7,23.6,7.7,25.7,17.2,29.5,10.4,21.6,36.3,40.3,0.0,0.0,0.0,0.0,0.0,0.0,0.0,0.0,0.0,3000.0,30.00,30,40,40,76,116,884,1,60.2,58.3,59.0,53.3,55.8,50.9,57.6,51.5,57.3,52.8,52.0,48.6,45.3,45.3,51.2,43.2,47.0,46.2,60.0,1.184,1.250,1.100,50.197,14.796,50.203,76.750,7.460,92.899,5.978,6.909,5.853,6.706,5.464,7.009,6.272,4.903,4.706,59.384,18.494,86.084,92.908,2000.0,3000.0,5229.7,5229.7,5250.0,57.4,41.8,42.6,57.4,61.4,Ne,Ne,Ne,9.840,6.257,6.1,30,60,49,26,1.181,5.000,3.408,3.328,12.192,1.101,1.243,3.408,3.280,3.328,1.056,1.056,1.048,1.350,1.814,0.920,3.328,0.064,0.056,0.048,0.048,1.016,1.016,1344,1106,2727,51.9,58.3,47,46,22520696,1.175,1.238,605800,31,14,7388516,43,18,6806862,182.7,1.9,43.8,1.350,1.365,1.815,1.800,1.005,5.040,0.625,Ne,Ne,Ne,41.8,1.350,1.365,1.815,1.800,1.005,5.040,1.750,Ne,Ne,Ne,61,78,99.0,100.0,Ne,Ne,30664,54296,2.3,0.5,2.8,15.196,2.020,88681,222575,55.0,66.0,72.0,1.066,1327,3147.0,2238.0,99.0,97.1,26.0,2.3,2.3,25.0,10903,1153,32.0,346090,0.0,44.9,0.725,9.000,18.000,108.000,600.0,3000.0,1200.0,100.0,0.0,0.0,0.0,0.0,0.0,0.0,0.0,0.0,0,0,16.0,246,Ne,Ne,Ne,200.4,200.1,4.99,5.00,0.00,4.86,0.13,0,0,0.0,0.0,0,0,0.0,0.0,0,0,0.0,0.0,157753,4549,873.4,37.3,0,0.0,
20.5.2026,12:47:21.871,33536,9623,77.7,19772,12123,61.9,0.7,1.187,1.170,1.195,1.195,1.195,1.185,1.185,1.185,1.185,5225.0,5225.0,5225.0,5225.0,5225.0,5225.0,5225.0,5225.0,5225.0,100.0,2738.0,4840.1,3103.7,2877.7,2139.3,3118.6,3221.4,2576.9,1823.7,3575.9,3484.5,3276.4,2524.6,2441.6,1343.9,2241.9,1218.5,2738.0,48.7,81.3,57.3,52.1,37.0,57.0,59.1,45.1,31.1,66.1,64.3,60.2,44.2,42.9,23.0,38.9,20.0,81.3,48.7,56.5,92.3,65.7,60.5,43.6,66.1,68.2,52.7,36.9,75.9,73.9,69.5,51.7,49.8,27.2,45.5,24.3,56.5,52.2,52.2,52.2,52.2,52.2,52.2,52.2,52.2,52.2,0.0,74.5,92.5,71.2,80.3,66.8,89.3,76.7,62.1,57.1,25.5,7.5,28.8,19.7,33.2,10.7,23.3,37.9,42.9,0.0,0.0,0.0,0.0,0.0,0.0,0.0,0.0,0.0,3000.0,30.00,30,40,40,76,116,884,1,60.4,57.9,58.5,52.6,55.6,49.9,56.8,50.5,56.8,52.0,51.6,47.9,44.9,44.9,51.5,43.3,47.0,46.1,60.0,1.184,1.250,1.100,48.698,14.720,48.682,77.750,7.443,90.886,5.816,6.919,5.546,6.517,5.197,6.933,6.072,4.815,4.533,57.593,18.400,84.180,90.895,2000.0,3000.0,5230.4,5230.4,5250.0,56.1,40.6,43.2,56.1,60.9,Ne,Ne,Ne,9.511,5.063,6.0,30,60,49,26,1.172,5.040,3.408,3.328,12.288,1.101,1.243,3.408,3.280,3.328,1.056,1.056,1.048,1.350,1.814,0.920,3.344,0.064,0.048,0.048,0.048,1.016,1.016,1331,1112,2721,51.9,58.3,47,47,22520794,1.183,1.238,605802,52,14,7388620,86,17,6806964,182.7,1.9,43.8,1.350,1.365,1.815,1.800,1.005,5.040,0.750,Ne,Ne,Ne,41.8,1.350,1.365,1.815,1.800,1.005,5.040,1.625,Ne,Ne,Ne,61,78,99.0,100.0,Ne,Ne,30664,54296,0.8,0.1,0.9,5.463,0.942,88692,222577,55.0,66.0,73.0,1.055,1331,3137.0,2238.0,100.0,98.8,26.0,2.1,2.1,25.0,10903,1153,32.0,346090,0.0,44.9,0.725,3.000,18.000,101.000,600.0,3000.0,1200.0,100.0,0.0,0.0,0.0,0.0,0.0,0.0,0.0,0.0,0,0,16.0,246,Ne,Ne,Ne,212.3,212.6,4.71,4.71,0.00,4.58,0.13,0,0,0.0,0.0,0,0,0.0,0.0,0,0,0.0,0.0,157753,4549,37.3,15.1,0,0.0,
20.5.2026,12:47:23.870,33535,9624,77.7,19783,12112,62.0,0.7,1.176,1.175,1.180,1.175,1.175,1.175,1.175,1.175,1.175,5225.0,5225.0,5225.0,5225.0,5225.0,5225.0,5225.0,5225.0,5225.0,100.0,2553.9,4793.5,2893.9,2648.2,1993.9,3150.3,2803.1,2391.7,1661.3,3678.0,2925.2,2916.4,2359.3,2350.0,1089.1,2283.0,925.4,2553.9,45.4,80.5,53.1,47.1,34.6,57.9,50.5,42.0,28.5,68.4,53.1,53.4,41.6,41.8,18.8,39.7,14.8,80.5,45.4,52.4,91.2,60.8,54.6,40.5,66.7,58.6,48.7,33.5,78.1,61.5,61.8,48.5,48.2,22.0,46.2,18.1,52.4,52.2,52.2,52.2,52.2,52.2,52.2,52.2,52.2,52.2,0.0,69.9,91.6,66.3,76.4,61.4,84.7,70.5,56.0,52.6,30.1,8.4,33.7,23.6,38.6,15.3,29.5,44.0,47.4,0.0,0.0,0.0,0.0,0.0,0.0,0.0,0.0,0.0,3000.0,30.00,30,40,40,76,116,884,1,60.1,57.4,55.0,51.9,55.3,49.1,56.2,49.7,55.9,51.1,50.8,47.3,44.6,44.6,51.0,43.0,46.8,46.2,60.0,1.183,1.250,1.100,46.036,14.640,46.075,81.500,7.434,87.543,5.513,6.786,5.203,6.255,4.837,6.586,5.713,4.500,4.226,54.381,18.300,80.858,87.560,2000.0,3000.0,5231.2,5231.2,5250.0,54.0,38.4,45.3,54.0,60.5,Ne,Ne,Ne,8.618,4.327,5.6,31,60,49,26,1.172,5.040,3.408,3.328,12.192,1.101,1.243,3.408,3.280,3.328,1.056,1.056,1.048,1.350,1.814,0.912,3.344,0.064,0.048,0.048,0.048,1.016,1.016,1319,1108,2749,51.9,58.3,47,46,22520890,1.179,1.238,605804,33,14,7388686,70,20,6807030,182.7,1.9,43.8,1.350,1.365,1.815,1.800,1.005,5.040,0.750,Ne,Ne,Ne,41.8,1.350,1.365,1.815,1.800,1.005,5.040,1.750,Ne,Ne,Ne,61,78,99.0,100.0,Ne,Ne,30664,54296,0.6,0.1,0.7,0.091,0.429,88692,222578,55.0,66.0,73.0,1.045,1330,3122.0,2238.0,100.0,98.8,26.0,2.6,2.6,25.0,10903,1153,32.0,346090,0.0,44.9,0.725,52.000,21.000,88.000,600.0,3000.0,1200.0,100.0,0.0,0.0,0.0,0.0,0.0,0.0,0.0,0.0,0,0,16.0,246,Ne,Ne,Ne,188.7,188.8,5.30,5.30,0.00,5.19,0.11,0,0,0.0,0.0,0,0,0.0,0.0,0,0,0.0,0.0,157753,4549,36.7,19.1,0,0.0,
20.5.2026,12:47:25.871,33517,9642,77.6,19747,12148,61.9,0.7,1.180,1.170,1.185,1.185,1.180,1.180,1.180,1.180,1.180,5225.0,5225.0,5225.0,5225.0,5225.0,5225.0,5225.0,5225.0,5225.0,100.0,2691.3,4747.9,3001.7,2596.1,2334.7,3178.7,3197.2,2460.3,2125.9,3471.6,3340.5,2844.6,2809.3,2376.9,1330.5,2297.5,946.8,2691.3,47.6,80.2,53.5,45.2,40.6,58.1,57.2,43.3,37.0,63.9,61.6,51.4,49.3,41.4,23.0,39.9,15.8,80.2,47.6,55.1,90.9,61.6,52.8,47.4,67.3,66.1,50.5,43.2,73.4,70.9,59.9,57.4,48.1,27.0,46.4,18.9,55.1,52.2,52.2,52.2,52.2,52.2,52.2,52.2,52.2,52.2,0.0,72.3,90.8,67.5,80.1,67.7,85.4,73.2,59.6,54.4,27.7,9.2,32.5,19.9,32.3,14.6,26.8,40.4,45.6,0.0,0.0,0.0,0.0,0.0,0.0,0.0,0.0,0.0,3000.0,30.00,30,40,40,76,116,884,1,59.8,57.0,57.6,51.7,54.6,49.0,55.7,49.7,55.8,51.1,50.7,47.0,44.2,44.2,50.8,43.0,46.7,46.1,60.0,1.182,1.250,1.100,47.992,14.569,47.968,78.750,7.448,89.745,5.633,6.719,5.333,6.294,5.080,6.737,5.908,4.679,4.312,56.683,18.211,83.087,89.744,2000.0,3000.0,5231.1,5231.1,5250.0,55.4,40.0,43.8,55.4,60.0,Ne,Ne,Ne,7.863,4.557,5.8,30,59,49,26,1.163,5.040,3.408,3.328,12.192,1.101,1.243,3.408,3.280,3.328,1.056,1.056,1.048,1.359,1.814,0.920,3.328,0.064,0.056,0.048,0.048,1.016,1.016,1345,1082,2721,51.9,58.3,47,46,22520988,1.187,1.238,605807,69,14,7388824,16,17,6807163,182.7,1.9,43.5,1.365,1.365,1.815,1.800,1.005,5.040,0.750,Ne,Ne,Ne,41.8,1.350,1.365,1.815,1.800,1.005,5.040,0.750,Ne,Ne,Ne,61,78,99.0,100.0,Ne,Ne,30664,54296,0.6,0.1,0.7,3.043,0.820,88698,222579,56.0,66.0,74.0,1.000,1331,2987.0,2238.0,100.0,97.6,24.0,2.2,2.2,25.0,10903,1153,32.0,346090,0.0,44.9,0.725,11.000,18.000,110.000,600.0,3000.0,1200.0,100.0,0.0,0.0,0.0,0.0,0.0,0.0,0.0,0.0,0,0,16.0,246,Ne,Ne,Ne,228.7,228.3,4.37,4.36,0.00,4.24,0.13,0,0,0.0,0.0,0,0,0.0,0.0,0,0,0.0,0.0,157753,4549,218.9,29.8,0,0.0,
20.5.2026,12:47:27.868,33527,9631,77.6,19744,12151,61.9,0.7,1.183,1.175,1.180,1.180,1.180,1.180,1.190,1.190,1.190,5225.0,5225.0,5225.0,5225.0,5225.0,5225.0,5225.0,5225.0,5225.0,100.0,2751.2,4905.7,3173.0,2572.1,2539.8,3111.6,3384.3,2288.6,2187.7,3214.1,3816.4,2794.1,3045.1,2243.3,1507.7,2094.8,1140.7,2751.2,49.2,82.5,58.9,45.7,45.5,56.7,62.7,39.7,38.2,59.1,71.1,49.9,55.1,39.4,26.5,36.6,20.1,82.5,49.2,56.7,93.5,67.2,53.0,52.3,65.8,71.8,46.4,44.4,68.3,80.9,57.8,63.6,45.6,30.5,42.4,23.0,56.7,52.2,52.2,52.2,52.2,52.2,52.2,52.2,52.2,52.2,0.0,74.6,93.8,72.1,81.9,67.3,88.1,76.4,61.9,55.6,25.2,6.2,27.9,18.1,32.7,11.9,23.6,37.9,43.2,0.2,0.0,0.0,0.0,0.0,0.0,0.0,0.2,1.2,3000.0,30.00,30,40,40,76,116,884,1,59.9,57.9,59.4,52.7,55.8,50.2,57.0,50.6,56.7,52.1,51.6,47.7,44.8,44.8,50.8,43.3,47.0,46.2,60.0,1.183,1.250,1.100,50.047,14.541,50.034,77.000,7.472,92.238,5.848,6.993,5.651,6.599,5.244,6.894,6.129,4.830,4.445,59.135,18.177,85.531,92.204,2000.0,3000.0,5230.4,5230.4,5250.0,56.9,41.7,42.8,56.9,61.0,Ne,Ne,Ne,7.817,4.486,6.0,30,59,48,26,1.181,5.040,3.408,3.328,12.192,1.101,1.243,3.408,3.280,3.328,1.056,1.056,1.048,1.350,1.814,0.912,3.344,0.064,0.056,0.048,0.048,1.016,1.016,1309,1093,2721,51.9,58.3,46,46,22521084,1.187,1.238,605809,45,14,7388914,13,17,6807252,182.7,1.9,43.8,1.350,1.365,1.815,1.800,1.005,5.040,2.000,Ne,Ne,Ne,41.8,1.350,1.365,1.815,1.800,1.005,5.040,1.750,Ne,Ne,Ne,61,78,99.0,100.0,Ne,Ne,30664,54296,2.9,0.1,3.0,1.627,1.171,88701,222581,56.0,66.0,73.0,1.029,1332,3078.0,2238.0,98.0,96.9,24.0,2.2,2.2,25.0,10903,1153,32.0,346090,0.0,44.7,0.725,52.000,18.000,84.000,600.0,3000.0,1200.0,100.0,0.0,0.0,0.0,0.0,0.0,0.0,0.0,0.0,0,0,16.0,246,Ne,Ne,Ne,206.8,207.0,4.83,4.83,0.00,4.71,0.13,0,0,0.0,0.0,0,0,0.0,0.0,0,0,0.0,0.0,157755,4549,1024.1,40.1,0,0.0,
20.5.2026,12:47:29.877,33501,9658,77.6,19773,12122,61.9,0.7,1.185,1.195,1.175,1.175,1.175,1.175,1.195,1.195,1.195,5225.0,5225.0,5225.0,5225.0,5225.0,5225.0,5225.0,5225.0,5225.0,100.0,2935.8,4927.6,3406.3,2546.8,2999.2,3277.4,3494.8,2262.1,2696.7,3529.0,3782.8,2918.1,3284.4,1765.1,2427.1,1666.6,1988.6,2935.8,52.6,80.9,63.2,44.7,54.9,59.9,64.3,39.4,48.6,64.9,70.0,53.4,60.5,30.5,42.8,28.8,34.7,80.9,52.6,60.7,91.8,72.1,52.0,63.4,69.4,74.1,46.1,56.5,74.8,80.3,61.8,69.7,35.8,49.7,33.8,40.5,60.7,52.2,52.2,52.2,52.2,52.2,52.2,52.2,52.2,52.2,0.0,78.3,94.2,77.1,84.2,72.9,89.5,80.2,67.2,61.0,21.7,5.8,22.9,15.8,27.1,10.5,19.8,32.8,39.0,0.0,0.0,0.0,0.0,0.0,0.0,0.0,0.0,0.0,3000.0,30.00,30,40,40,76,116,884,1,60.5,59.0,59.0,54.1,56.6,51.6,58.3,52.3,58.0,53.7,52.9,49.1,45.5,45.5,50.8,43.2,47.0,46.2,60.0,1.184,1.250,1.100,53.480,14.708,53.489,79.250,7.468,96.649,6.228,7.179,6.088,6.941,5.723,7.236,6.538,5.267,4.855,63.281,18.384,89.881,96.680,2000.0,3000.0,5229.7,5229.7,5250.0,59.7,44.6,44.0,59.7,62.1,Ne,Ne,Ne,9.155,5.461,6.3,30,60,48,26,1.181,5.040,3.408,3.328,12.192,1.101,1.243,3.408,3.280,3.328,1.056,1.056,1.048,1.359,1.814,0.920,3.328,0.064,0.056,0.048,0.048,1.016,1.016,1303,1081,2749,51.9,58.3,47,46,22521180,1.175,1.238,605812,54,13,7389022,24,17,6807357,182.7,1.9,43.8,1.350,1.365,1.800,1.800,1.005,5.040,1.375,Ne,Ne,Ne,41.8,1.350,1.365,1.815,1.800,1.005,5.040,0.875,Ne,Ne,Ne,61,78,99.0,100.0,Ne,Ne,30664,54296,0.8,0.1,0.9,7.436,0.753,88715,222583,55.0,66.0,73.0,1.057,1332,3132.0,2238.0,100.0,96.9,27.0,2.2,2.2,26.0,10903,1130,32.0,346090,0.0,44.8,0.725,22.000,19.000,122.000,600.0,3000.0,1200.0,100.0,0.0,0.0,0.0,0.0,0.0,0.0,0.0,0.0,0,0,16.0,246,Ne,Ne,Ne,212.0,212.0,4.72,4.69,0.00,4.60,0.12,0,0,0.0,0.0,0,0,0.0,0.0,0,0,0.0,0.0,157756,4550,146.6,21.3,0,0.0,
20.5.2026,12:47:31.868,33503,9656,77.6,19774,12121,61.9,0.7,1.185,1.170,1.180,1.180,1.190,1.190,1.190,1.190,1.190,5225.0,5225.0,5225.0,5225.0,5225.0,5225.0,5225.0,5225.0,5225.0,100.0,2628.1,4827.2,3080.6,2292.0,2546.7,3113.2,3151.9,1866.9,2384.8,3537.4,3239.8,2753.4,2735.0,1344.5,2175.2,1092.5,1909.3,2628.1,46.7,79.1,56.7,40.2,45.6,57.1,57.6,32.0,41.4,65.5,59.4,50.5,48.9,23.4,38.1,18.9,33.5,79.1,46.7,53.9,89.7,64.7,46.7,52.8,65.9,66.7,37.7,48.5,75.0,68.5,58.4,56.8,27.2,44.0,21.9,38.5,54.0,52.2,52.2,52.2,52.2,52.2,52.2,52.2,52.2,52.2,0.0,72.1,92.3,70.3,80.2,64.3,86.3,73.8,58.2,51.6,27.9,7.7,29.7,19.8,35.7,13.7,26.2,41.8,48.4,0.0,0.0,0.0,0.0,0.0,0.0,0.0,0.0,0.0,3000.0,30.00,30,40,40,76,116,884,1,60.1,57.5,59.4,52.3,55.4,49.8,56.8,50.2,56.3,51.6,51.1,47.3,44.7,44.7,51.0,43.1,47.0,46.1,60.0,1.183,1.250,1.100,49.189,14.555,49.191,79.750,7.444,91.125,5.696,6.832,5.502,6.533,5.074,6.758,5.949,4.654,4.264,58.133,18.194,84.516,91.152,2000.0,3000.0,5231.0,5231.0,5250.0,56.3,41.0,44.3,56.3,60.6,Ne,Ne,Ne,7.059,4.049,5.8,31,60,49,26,1.163,5.040,3.408,3.328,12.192,1.101,1.243,3.408,3.280,3.328,1.056,1.056,1.048,1.350,1.814,0.912,3.344,0.064,0.056,0.048,0.048,1.016,1.016,1336,1073,2721,51.9,58.3,47,47,22521278,1.183,1.238,605814,66,14,7389154,66,18,6807484,182.7,1.9,43.8,1.350,1.365,1.800,1.800,1.005,5.040,1.000,Ne,Ne,Ne,41.8,1.350,1.365,1.800,1.800,1.005,5.040,2.125,Ne,Ne,Ne,61,78,99.0,100.0,Ne,Ne,30664,54296,0.1,0.1,0.2,0.306,0.814,88716,222584,55.0,66.0,73.0,1.059,1330,3143.0,2238.0,100.0,98.4,26.0,2.2,2.2,26.0,10903,1146,32.0,346090,0.0,44.9,0.725,42.000,18.000,74.000,600.0,3000.0,1200.0,100.0,0.0,0.0,0.0,0.0,0.0,0.0,0.0,0.0,0,0,16.0,246,Ne,Ne,Ne,210.7,210.5,4.74,4.74,0.00,4.64,0.11,0,0,0.0,0.0,0,0,0.0,0.0,0,0,0.0,0.0,157756,4550,40.7,23.1,0,0.0,
20.5.2026,12:47:33.871,33491,9667,77.5,19767,12128,61.9,0.7,1.182,1.185,1.170,1.185,1.185,1.185,1.185,1.185,1.175,5225.0,5225.0,5225.0,5225.0,5225.0,5225.0,5225.0,5225.0,5225.0,100.0,2567.2,4835.6,2956.9,2153.2,2539.6,2917.6,3211.3,1770.5,2207.6,3341.3,3299.4,2532.2,2872.1,1264.5,2133.5,1064.8,1974.9,2567.2,45.4,80.6,53.9,37.6,44.9,52.4,58.5,30.7,38.6,61.6,60.5,45.0,51.1,21.7,37.4,17.7,34.2,80.6,45.4,52.4,91.0,61.6,43.9,52.0,60.6,67.4,35.9,44.8,70.6,69.5,52.2,59.1,25.5,43.3,21.1,39.8,52.4,52.2,52.2,52.2,52.2,52.2,52.2,52.2,52.2,52.2,0.0,70.7,92.4,67.8,78.5,61.7,84.5,72.6,56.6,51.5,29.1,7.6,32.2,21.5,38.3,15.5,27.4,42.9,47.9,0.2,0.0,0.0,0.0,0.0,0.0,0.0,0.6,0.6,3000.0,30.00,30,40,40,76,116,884,1,59.5,56.5,58.5,51.3,54.7,48.7,55.5,49.2,55.2,50.7,50.1,46.5,44.0,44.0,51.0,43.1,46.9,46.1,60.0,1.182,1.250,1.100,47.131,14.472,47.123,74.750,7.423,88.464,5.527,6.720,5.282,6.249,4.874,6.609,5.801,4.511,4.167,55.648,18.090,81.903,88.471,2000.0,3000.0,5231.3,5231.3,5250.0,54.6,39.3,41.5,54.6,59.4,Ne,Ne,Ne,6.334,3.546,5.7,30,59,48,26,1.181,5.040,3.408,3.328,12.192,1.101,1.243,3.392,3.280,3.328,1.056,1.056,1.048,1.350,1.814,0.912,3.344,0.064,0.048,0.048,0.048,1.016,1.016,1331,1094,2721,51.9,58.3,47,46,22521376,1.183,1.234,605816,61,13,7389276,46,16,6807603,182.7,1.9,43.8,1.350,1.365,1.800,1.800,0.990,5.040,1.625,Ne,Ne,Ne,41.8,1.350,1.365,1.800,1.800,1.005,5.040,1.250,Ne,Ne,Ne,61,78,99.0,100.0,Ne,Ne,30664,54296,19.7,0.0,19.8,5.641,0.353,88727,222585,56.0,66.0,73.0,1.061,1330,3140.0,2238.0,100.0,98.6,23.0,2.2,2.2,26.0,10903,1146,32.0,346090,0.0,44.8,0.725,34.000,18.000,67.000,600.0,3000.0,1200.0,100.0,0.0,0.0,0.0,0.0,0.0,0.0,0.0,0.0,0,0,16.0,246,Ne,Ne,Ne,200.3,200.6,4.99,4.97,0.00,4.88,0.11,0,0,0.0,0.0,0,0,0.0,0.0,0,0,0.0,0.0,157756,4550,42.9,21.4,0,0.0,
20.5.2026,12:47:35.869,33517,9641,77.6,19796,12099,62.0,0.7,1.181,1.180,1.180,1.185,1.185,1.190,1.175,1.175,1.175,5225.0,5225.0,5225.0,5225.0,5225.0,5225.0,5225.0,5225.0,5225.0,100.0,2931.9,4931.7,3272.6,2761.1,2830.7,3234.8,3472.0,2377.0,2523.7,3571.5,3692.0,3155.8,2955.1,2103.9,2221.2,1744.3,2063.4,2931.9,52.5,83.2,60.7,49.0,51.5,59.3,63.9,41.6,44.2,66.0,68.2,57.9,53.9,36.7,38.9,29.5,35.1,83.2,52.5,60.6,94.3,69.4,56.9,59.6,68.6,73.6,48.5,51.4,76.0,78.2,66.9,62.5,42.8,45.2,35.0,41.3,60.6,52.2,52.2,52.2,52.2,52.2,52.2,52.2,52.2,52.2,0.0,78.0,94.3,76.5,83.8,72.1,89.4,78.7,68.2,61.4,22.0,5.7,23.5,16.2,27.9,10.6,21.3,31.8,38.6,0.0,0.0,0.0,0.0,0.0,0.0,0.0,0.0,0.0,3000.0,30.00,30,40,40,76,116,884,1,59.9,58.2,56.8,53.4,55.9,51.1,57.4,51.6,57.1,52.8,52.3,48.7,45.2,45.2,51.2,43.5,47.0,46.3,60.0,1.185,1.250,1.100,51.463,14.777,51.460,78.750,7.448,94.397,6.078,7.023,6.001,6.756,5.543,7.025,6.323,5.149,4.803,60.901,18.471,87.565,94.362,2000.0,3000.0,5230.0,5230.0,5250.0,58.2,42.9,43.8,58.2,61.3,Ne,Ne,Ne,9.612,5.769,6.2,30,59,48,26,1.181,5.040,3.408,3.328,12.288,1.101,1.243,3.408,3.280,3.328,1.056,1.056,1.048,1.350,1.814,0.920,3.344,0.064,0.056,0.048,0.048,1.016,1.016,1327,1068,2772,51.9,58.3,47,46,22521472,1.175,1.238,605819,64,14,7389404,57,19,6807726,182.7,1.9,43.8,1.350,1.365,1.800,1.800,1.005,5.040,2.125,Ne,Ne,Ne,41.8,1.350,1.365,1.800,1.800,1.005,5.040,0.875,Ne,Ne,Ne,61,78,99.0,100.0,Ne,Ne,30664,54296,0.0,0.2,0.2,0.045,0.904,88727,222587,55.0,66.0,73.0,1.053,1332,3124.0,2238.0,100.0,97.7,24.0,2.2,2.2,26.0,10903,1130,32.0,346090,0.0,44.7,0.725,40.000,18.000,84.000,600.0,3000.0,1200.0,100.0,0.0,0.0,0.0,0.0,0.0,0.0,0.0,0.0,0,0,16.0,246,Ne,Ne,Ne,203.6,202.9,4.91,4.91,0.00,4.77,0.14,0,0,0.0,0.0,0,0,0.0,0.0,0,0,0.0,0.0,157756,4550,45.7,23.8,0,0.0,
20.5.2026,12:47:37.881,33507,9651,77.6,19770,12124,61.9,0.7,1.191,1.175,1.180,1.200,1.200,1.195,1.195,1.190,1.190,5225.0,5225.0,5225.0,5225.0,5225.0,5225.0,5225.0,5225.0,5225.0,100.0,2706.9,4810.1,3108.9,2657.3,2398.5,3078.8,3245.2,2307.2,1962.4,3668.6,3343.3,2982.4,2692.2,2113.7,1570.1,1978.5,1394.1,2706.9,47.9,79.7,57.4,46.7,42.5,56.1,59.6,39.8,33.8,67.8,61.6,52.8,47.7,36.5,27.1,33.6,23.0,79.7,47.9,55.6,90.7,65.8,54.7,49.6,65.2,68.8,46.9,39.8,77.7,70.9,61.6,55.7,42.9,31.9,39.8,27.8,55.6,52.2,52.2,52.2,52.2,52.2,52.2,52.2,52.2,52.2,0.0,73.9,92.0,71.9,80.9,64.8,89.7,75.7,60.3,55.9,26.1,8.0,28.1,19.1,35.2,10.3,24.3,39.7,44.1,0.0,0.0,0.0,0.0,0.0,0.0,0.0,0.0,0.0,3000.0,30.00,30,40,40,76,116,884,1,59.9,57.7,59.9,52.5,55.4,49.9,56.8,50.4,56.6,51.7,51.2,47.6,44.8,44.8,50.8,43.1,47.0,46.3,60.0,1.184,1.250,1.100,48.561,14.621,48.553,81.750,7.430,90.553,5.752,6.877,5.553,6.493,5.126,6.889,5.979,4.686,4.415,57.412,18.276,83.861,90.566,2000.0,3000.0,5230.5,5230.5,5250.0,55.9,40.5,45.4,55.9,60.8,Ne,Ne,Ne,8.379,4.919,5.9,30,60,49,26,1.181,5.040,3.408,3.328,12.288,1.101,1.243,3.408,3.280,3.328,1.056,1.056,1.048,1.350,1.814,0.920,3.344,0.064,0.056,0.048,0.048,1.016,1.016,1331,1097,2749,51.9,58.3,47,47,22521568,1.183,1.238,605821,61,14,7389526,37,18,6807844,182.7,1.9,43.8,1.350,1.365,1.800,1.800,1.005,5.040,2.125,Ne,Ne,Ne,41.8,1.350,1.365,1.800,1.800,1.005,5.040,1.500,Ne,Ne,Ne,61,78,99.0,100.0,Ne,Ne,30664,54296,45.6,1.0,46.7,17.402,0.621,88760,222588,55.0,66.0,73.0,1.063,1332,3148.0,2238.0,100.0,98.7,26.0,2.3,2.3,26.0,10903,1130,32.0,346090,0.0,44.9,0.725,11.000,18.000,110.000,600.0,3000.0,1200.0,100.0,0.0,0.0,0.0,0.0,0.0,0.0,0.0,0.0,0,0,16.0,246,Ne,Ne,Ne,186.7,186.5,5.36,5.36,0.00,5.23,0.13,0,0,0.0,0.0,0,0,0.0,0.0,0,0,0.0,0.0,157756,4550,47.9,19.1,0,0.0,
20.5.2026,12:47:39.870,33488,9671,77.5,19746,12148,61.9,0.7,1.186,1.175,1.185,1.185,1.185,1.190,1.190,1.190,1.190,5153.6,5225.0,5225.0,5225.0,5225.0,5225.0,5225.0,5225.0,4653.5,100.0,2844.0,4871.5,3148.7,2899.8,2524.4,3320.9,3202.0,2581.2,2112.1,4011.1,3176.1,3097.8,2878.9,2578.6,1486.4,2472.5,1141.7,2844.0,51.1,82.8,58.3,52.9,45.1,60.7,59.1,45.5,36.9,74.6,58.5,56.8,52.8,44.6,26.2,42.9,19.3,82.8,51.1,58.8,94.0,66.7,61.3,51.9,70.3,67.9,52.8,42.7,85.1,67.3,65.6,60.9,51.7,30.1,49.9,22.7,58.8,51.5,52.2,52.2,52.2,52.2,52.2,52.2,52.2,46.5,0.0,76.2,93.1,74.3,82.2,68.5,90.2,77.5,64.5,59.4,23.8,6.9,25.7,17.8,31.5,9.8,22.5,35.5,40.6,0.0,0.0,0.0,0.0,0.0,0.0,0.0,0.0,0.0,3000.0,30.00,30,40,40,76,116,884,1,59.5,57.3,59.0,52.7,54.9,50.6,56.6,51.0,56.1,52.5,51.7,48.3,44.8,44.8,51.2,43.2,47.0,46.2,60.0,1.184,1.250,1.100,49.783,14.573,49.795,78.750,7.451,91.987,5.869,6.735,5.800,6.561,5.335,6.701,6.243,4.926,4.648,58.862,18.217,85.275,92.018,2000.0,3000.0,5230.2,5230.2,5250.0,56.8,41.5,43.8,56.8,60.3,Ne,Ne,Ne,8.144,4.892,6.1,31,59,48,26,1.181,5.040,3.408,3.328,12.192,1.101,1.243,3.408,3.280,3.328,1.056,1.056,1.048,1.359,1.814,0.920,3.344,0.064,0.056,0.048,0.048,1.016,1.016,1331,1102,2743,51.9,58.3,47,46,22521666,1.183,1.238,605823,39,14,7389604,24,17,6807922,182.7,1.9,43.8,1.365,1.365,1.800,1.800,1.005,5.040,2.375,Ne,Ne,Ne,41.8,1.365,1.365,1.800,1.800,1.005,5.040,1.250,Ne,Ne,Ne,61,78,99.0,100.0,Ne,Ne,30664,54296,0.7,0.4,1.2,2.414,0.578,88765,222589,55.0,66.0,73.0,1.043,1332,3113.0,2238.0,100.0,97.2,28.0,2.3,2.3,25.0,10903,1130,32.0,346090,0.0,44.9,0.725,16.000,18.000,115.000,600.0,3000.0,1200.0,100.0,0.0,0.0,0.0,0.0,0.0,0.0,0.0,0.0,0,0,16.0,246,Ne,Ne,Ne,226.6,226.6,4.41,4.41,0.00,4.30,0.12,0,0,0.0,0.0,0,0,0.0,0.0,0,0,0.0,0.0,157757,4550,525.7,33.8,0,0.0,
20.5.2026,12:47:41.869,33505,9654,77.6,19763,12132,61.9,0.7,1.191,1.185,1.185,1.185,1.175,1.200,1.200,1.200,1.200,5225.0,5225.0,5225.0,5225.0,5225.0,5225.0,5225.0,5225.0,5225.0,100.0,3087.2,4923.7,3494.6,3122.8,2807.7,3380.5,3672.6,2842.8,2445.2,3808.5,3777.5,3278.1,3251.6,2801.4,1707.2,2724.5,1356.0,3087.2,55.8,83.0,64.9,57.1,51.2,62.0,68.1,50.8,43.5,70.2,70.1,60.1,59.9,50.1,30.3,47.7,23.5,83.0,55.8,64.1,94.4,74.0,65.9,58.8,71.6,77.9,58.8,50.2,80.7,80.1,69.4,68.9,57.9,34.9,55.4,27.4,64.1,52.2,52.2,52.2,52.2,52.2,52.2,52.2,52.2,52.2,0.0,81.1,94.2,79.7,86.9,76.1,91.9,83.0,71.0,66.0,18.9,5.8,20.3,13.1,23.9,8.1,17.0,29.0,34.0,0.0,0.0,0.0,0.0,0.0,0.0,0.0,0.0,0.0,3000.0,30.00,30,40,40,76,116,884,1,61.0,59.7,64.6,54.6,57.0,52.1,58.9,52.9,58.5,54.1,53.5,49.7,45.8,45.8,51.5,43.5,47.0,46.2,60.0,1.184,1.250,1.100,54.612,14.828,54.608,80.500,7.469,98.265,6.386,7.250,6.264,7.127,5.928,7.338,6.681,5.423,5.076,64.636,18.535,91.387,98.244,2000.0,3000.0,5228.5,5228.5,5250.0,60.6,45.5,44.7,60.6,62.8,Ne,Ne,Ne,10.215,6.322,6.5,30,59,48,26,1.190,5.040,3.392,3.328,12.192,1.101,1.234,3.408,3.280,3.328,1.056,1.056,1.048,1.350,1.814,0.920,3.344,0.064,0.056,0.048,0.048,1.016,1.016,1324,1082,2772,51.9,58.3,47,46,22521762,1.183,1.238,605826,23,14,7389732,87,19,6808046,182.7,1.9,43.8,1.365,1.365,1.800,1.800,1.005,5.040,2.250,Ne,Ne,Ne,41.8,1.365,1.365,1.800,1.800,1.005,5.040,1.125,Ne,Ne,Ne,61,78,99.0,100.0,Ne,Ne,30664,54296,0.6,1.4,1.9,4.359,1.671,88773,222592,56.0,66.0,73.0,1.017,1333,3040.0,2238.0,99.0,98.1,25.0,2.2,2.2,25.0,10903,1146,32.0,346090,0.0,44.9,0.725,17.000,19.000,117.000,600.0,3000.0,1200.0,100.0,0.0,0.0,0.0,0.0,0.0,0.0,0.0,0.0,0,0,16.0,246,Ne,Ne,Ne,210.5,211.3,4.75,4.72,0.00,4.61,0.14,0,0,0.0,0.0,0,0,0.0,0.0,0,0,0.0,0.0,157758,4550,468.5,37.0,0,0.0,
20.5.2026,12:47:43.876,33522,9636,77.6,19770,12125,61.9,0.7,1.179,1.190,1.175,1.175,1.175,1.180,1.180,1.180,1.180,5225.0,5225.0,5225.0,5225.0,5225.0,5225.0,5225.0,5225.0,5225.0,100.0,3034.8,4913.7,3515.5,2964.5,2782.4,3386.6,3531.4,2584.4,2463.3,3726.8,3909.5,3152.1,3246.2,2513.3,1949.7,2356.1,1560.5,3034.8,54.2,81.1,65.3,53.2,50.0,61.9,65.0,45.0,43.2,68.7,72.6,57.4,59.5,43.7,34.0,40.9,26.1,81.1,54.2,62.7,92.4,74.5,61.8,57.9,71.6,74.9,52.6,50.3,79.0,82.9,66.4,68.7,51.0,39.6,48.0,31.0,62.7,52.2,52.2,52.2,52.2,52.2,52.2,52.2,52.2,52.2,0.0,80.5,94.0,78.9,86.0,74.3,92.8,82.7,70.8,64.3,19.5,6.0,21.1,14.0,25.7,7.2,17.3,29.2,35.7,0.0,0.0,0.0,0.0,0.0,0.0,0.0,0.0,0.0,3000.0,30.00,30,40,40,76,116,884,1,61.0,59.4,62.5,54.5,56.9,52.1,58.7,52.7,58.3,54.2,53.6,49.7,45.9,45.9,51.0,43.4,47.0,46.3,60.0,1.185,1.250,1.100,54.054,14.851,54.056,78.250,7.463,97.629,6.300,7.214,6.205,7.016,5.755,7.216,6.607,5.403,4.988,64.019,18.564,90.793,97.625,2000.0,3000.0,5229.0,5229.0,5250.0,60.3,45.0,43.5,60.3,62.5,Ne,Ne,Ne,10.155,6.077,6.4,30,61,50,26,1.172,5.040,3.392,3.328,12.192,1.101,1.234,3.408,3.280,3.328,1.056,1.056,1.048,1.350,1.814,0.912,3.344,0.064,0.056,0.048,0.048,1.016,1.016,1327,1066,2721,51.9,58.3,47,47,22521860,1.187,1.234,605828,43,14,7389778,91,19,6808094,182.7,1.9,43.8,1.365,1.365,1.800,1.800,1.005,5.040,0.750,Ne,Ne,Ne,41.8,1.365,1.365,1.815,1.800,1.005,5.040,1.625,Ne,Ne,Ne,61,78,99.0,100.0,Ne,Ne,30664,54296,0.0,0.3,0.3,0.169,0.304,88774,222593,55.0,66.0,71.0,1.068,1331,3144.0,2238.0,100.0,97.3,25.0,2.1,2.1,25.0,10903,1130,32.0,346090,0.0,44.9,0.725,4.000,19.000,106.000,600.0,3000.0,1200.0,100.0,0.0,0.0,0.0,0.0,0.0,0.0,0.0,0.0,0,0,16.0,246,Ne,Ne,Ne,210.7,211.2,4.75,4.70,0.00,4.60,0.15,0,0,0.0,0.0,0,0,0.0,0.0,0,0,0.0,0.0,157758,4550,48.1,19.7,0,0.0,
20.5.2026,12:47:45.871,33477,9682,77.5,19757,12138,61.9,0.7,1.191,1.190,1.190,1.190,1.190,1.190,1.190,1.195,1.195,5225.0,5225.0,5225.0,5225.0,5225.0,5225.0,5225.0,5225.0,5225.0,100.0,3154.8,4922.2,3665.7,2812.7,3215.0,3536.8,3517.9,2487.7,2947.0,3866.8,3804.5,3144.1,3381.2,2129.1,2739.8,1890.4,2416.4,3154.8,56.5,79.5,68.0,50.5,59.1,64.9,64.5,43.6,54.0,71.5,70.2,57.5,62.0,36.7,49.0,31.8,41.6,79.5,56.5,65.3,90.8,77.7,58.7,68.0,75.0,74.5,50.9,62.3,82.0,80.7,66.6,71.7,43.0,56.6,37.6,48.7,65.3,52.2,52.2,52.2,52.2,52.2,52.2,52.2,52.2,52.2,0.0,81.8,94.1,80.8,86.7,77.0,92.4,82.3,73.8,67.6,18.2,5.9,19.2,13.3,23.0,7.6,17.7,26.2,32.4,0.0,0.0,0.0,0.0,0.0,0.0,0.0,0.0,0.0,3000.0,30.00,30,40,40,76,116,884,1,61.2,59.6,61.6,54.9,56.9,52.7,58.9,53.5,58.5,54.6,54.0,50.2,46.1,46.1,51.8,43.5,47.0,46.5,60.0,1.186,1.250,1.100,55.241,14.950,55.240,80.750,7.482,99.201,6.424,7.190,6.374,7.069,6.017,7.246,6.718,5.593,5.182,65.452,18.688,92.370,99.216,2000.0,3000.0,5228.4,5228.4,5250.0,61.2,46.0,44.9,61.2,62.7,Ne,Ne,Ne,11.136,6.216,6.5,30,61,50,26,1.181,5.040,3.408,3.328,12.288,1.101,1.243,3.408,3.280,3.328,1.056,1.056,1.048,1.350,1.814,0.912,3.344,0.064,0.048,0.048,0.048,1.016,1.016,1355,1113,2749,51.9,58.3,47,46,22521960,1.175,1.238,605830,41,15,7389864,79,18,6808179,182.7,1.9,43.8,1.365,1.365,1.815,1.800,1.005,5.040,1.000,Ne,Ne,Ne,41.8,1.365,1.365,1.815,1.800,1.005,5.040,0.625,Ne,Ne,Ne,61,78,99.0,100.0,Ne,Ne,30664,54296,0.4,0.3,0.6,0.040,1.114,88774,222595,55.0,66.0,72.0,1.064,1331,3140.0,2238.0,100.0,98.5,23.0,2.2,2.2,25.0,10903,1153,32.0,346090,0.0,45.0,0.725,11.000,18.000,109.000,600.0,3000.0,1200.0,100.0,0.0,0.0,0.0,0.0,0.0,0.0,0.0,0.0,0,0,16.0,246,Ne,Ne,Ne,225.4,226.1,4.44,4.38,0.00,4.30,0.13,0,0,0.0,0.0,0,0,0.0,0.0,0,0,0.0,0.0,157758,4550,44.4,24.3,0,0.0,
20.5.2026,12:47:47.869,33494,9665,77.6,19790,12105,62.0,0.7,1.186,1.170,1.180,1.190,1.190,1.190,1.190,1.190,1.190,5225.0,5225.0,5225.0,5225.0,5225.0,5225.0,5225.0,5225.0,5225.0,100.0,2814.6,4877.2,3184.0,2321.8,2938.9,3096.5,3385.6,1898.9,2666.4,3605.5,3530.9,2708.1,3135.4,1629.7,2428.1,1291.6,2334.7,2814.6,50.6,81.7,59.1,41.7,53.5,56.1,62.4,33.4,48.2,66.8,65.3,48.6,57.5,28.4,43.4,21.9,41.0,81.7,50.6,58.2,92.6,67.4,48.2,61.5,64.8,71.8,38.8,55.5,76.5,74.9,56.3,66.3,33.0,49.9,25.8,47.5,58.2,52.2,52.2,52.2,52.2,52.2,52.2,52.2,52.2,52.2,0.0,75.0,93.3,72.4,80.5,67.5,88.0,75.0,64.5,59.2,24.9,6.7,27.6,19.5,32.5,12.0,25.0,35.2,40.5,0.1,0.0,0.0,0.0,0.0,0.0,0.0,0.4,0.3,3000.0,30.00,30,40,40,76,116,884,1,60.8,58.4,56.8,53.5,56.2,50.9,57.5,51.5,57.3,52.8,52.6,48.8,45.4,45.4,50.8,43.1,47.0,46.7,60.0,1.185,1.250,1.100,50.585,14.755,50.593,80.250,7.457,93.360,5.926,6.983,5.746,6.611,5.319,6.901,6.146,5.031,4.671,59.908,18.443,86.555,93.365,2000.0,3000.0,5230.2,5230.2,5250.0,57.6,42.2,44.6,57.6,61.5,Ne,Ne,Ne,9.994,5.524,6.0,30,61,50,26,1.181,5.040,3.408,3.328,12.192,1.101,1.243,3.408,3.280,3.328,1.056,1.056,1.048,1.359,1.814,0.920,3.344,0.064,0.056,0.048,0.048,1.016,1.016,1374,1121,2721,51.9,58.3,47,47,22522060,1.179,1.238,605833,45,14,7389946,82,18,6808260,182.7,1.9,43.8,1.365,1.365,1.815,1.800,1.005,5.040,0.625,Ne,Ne,Ne,41.8,1.365,1.365,1.815,1.800,1.005,5.040,1.250,Ne,Ne,Ne,61,78,99.0,100.0,Ne,Ne,30664,54296,1.0,0.0,1.1,10.314,0.144,88793,222595,55.0,66.0,73.0,1.070,1322,3153.0,2238.0,100.0,97.1,23.0,2.3,2.3,25.0,10903,1153,32.0,346090,0.0,45.1,0.725,11.000,18.000,109.000,600.0,3000.0,1200.0,100.0,0.0,0.0,0.0,0.0,0.0,0.0,0.0,0.0,0,0,16.0,246,Ne,Ne,Ne,220.6,220.7,4.53,4.53,0.00,4.42,0.11,0,0,0.0,0.0,0,0,0.0,0.0,0,0,0.0,0.0,157758,4550,125.2,19.9,0,0.0,
20.5.2026,12:47:49.871,33512,9647,77.6,19777,12117,62.0,0.7,1.185,1.180,1.185,1.185,1.190,1.190,1.190,1.180,1.180,5225.0,5225.0,5225.0,5225.0,5225.0,5225.0,5225.0,5225.0,5225.0,100.0,2771.7,4858.6,3211.6,2165.5,3003.7,2884.2,3627.7,1599.4,2745.7,3319.1,3843.4,2703.3,3213.1,1299.6,2508.3,1035.0,2329.6,2771.7,49.5,81.8,59.5,37.6,54.4,51.3,67.1,27.3,49.2,61.1,71.6,48.3,59.0,22.2,44.2,17.3,40.7,81.8,49.5,57.1,92.5,68.0,44.0,62.7,59.7,76.9,32.2,56.8,70.3,81.5,56.0,68.1,26.2,51.1,20.7,47.2,57.1,52.2,52.2,52.2,52.2,52.2,52.2,52.2,52.2,52.2,0.0,75.2,92.9,72.8,81.1,67.1,88.9,76.8,63.3,58.4,24.8,7.1,27.2,18.9,32.9,11.1,23.2,36.7,41.6,0.0,0.0,0.0,0.0,0.0,0.0,0.0,0.0,0.0,3000.0,30.00,30,40,40,76,116,884,1,60.4,57.8,61.6,52.8,55.7,50.2,56.9,50.8,56.6,52.3,51.6,48.1,44.9,44.9,51.5,43.2,47.0,46.7,60.0,1.184,1.250,1.100,49.818,14.722,49.809,78.000,7.458,92.228,5.857,6.944,5.649,6.555,5.242,6.871,6.139,4.883,4.577,58.903,18.402,85.508,92.270,2000.0,3000.0,5230.4,5230.4,5250.0,57.0,41.5,43.3,57.0,60.9,Ne,Ne,Ne,9.519,5.436,6.0,30,60,50,26,1.181,5.040,3.408,3.328,12.192,1.101,1.243,3.408,3.280,3.328,1.056,1.056,1.048,1.341,1.814,0.920,3.344,0.064,0.056,0.048,0.048,1.016,1.016,1374,1140,2721,51.9,58.3,47,46,22522160,1.191,1.238,605835,41,13,7390036,23,18,6808349,182.7,1.9,43.8,1.365,1.365,1.815,1.800,1.005,5.040,1.750,Ne,Ne,Ne,41.8,1.365,1.365,1.815,1.800,1.005,5.040,1.250,Ne,Ne,Ne,61,78,99.0,100.0,Ne,Ne,30664,54296,3.8,0.1,3.8,23.115,0.807,88838,222597,56.0,66.0,74.0,1.032,1314,3084.0,2238.0,100.0,97.0,23.0,2.1,2.1,25.0,10903,1153,32.0,346090,0.0,45.0,0.725,0.000,18.000,100.000,600.0,3000.0,1200.0,100.0,0.0,0.0,0.0,0.0,0.0,0.0,0.0,0.0,0,0,16.0,246,Ne,Ne,Ne,211.2,211.1,4.73,4.74,0.00,4.60,0.14,0,0,0.0,0.0,0,0,0.0,0.0,0,0,0.0,0.0,157760,4550,800.3,42.4,0,0.0,
20.5.2026,12:47:51.871,33567,9592,77.7,19781,12114,62.0,0.7,1.187,1.180,1.180,1.190,1.190,1.190,1.190,1.190,1.190,5225.0,5225.0,5225.0,5225.0,5225.0,5225.0,5225.0,5225.0,5225.0,100.0,2820.6,4912.1,3267.1,2463.0,2794.6,2952.4,3653.1,2088.3,2436.4,3272.4,3862.0,2921.2,3042.6,1838.6,2104.3,1611.9,1909.8,2820.6,50.4,81.7,60.5,42.9,50.6,53.7,67.7,36.1,43.1,59.9,71.8,53.3,55.8,31.7,37.0,27.2,32.9,81.7,50.4,58.3,92.8,69.2,50.3,58.6,62.5,77.5,42.4,50.1,69.3,82.0,61.9,64.5,37.3,43.0,32.4,38.7,58.3,52.2,52.2,52.2,52.2,52.2,52.2,52.2,52.2,52.2,0.0,76.4,93.9,74.1,83.9,68.7,89.5,78.4,63.9,58.8,23.6,6.1,25.9,16.1,31.3,10.5,21.6,36.1,41.2,0.0,0.0,0.0,0.0,0.0,0.0,0.0,0.0,0.0,3000.0,30.00,30,40,40,76,116,884,1,60.2,58.4,57.2,53.3,56.0,50.7,57.7,51.3,57.2,52.9,52.2,48.5,45.2,45.2,51.5,43.3,47.0,46.6,60.0,1.184,1.250,1.100,50.910,14.600,50.914,79.250,7.468,93.478,5.992,7.008,5.781,6.757,5.366,7.021,6.328,5.017,4.655,60.238,18.250,86.702,93.462,2000.0,3000.0,5229.7,5229.7,5250.0,57.7,42.4,44.0,57.7,61.4,Ne,Ne,Ne,8.705,5.247,6.1,31,60,49,26,1.181,5.040,3.408,3.328,12.192,1.101,1.243,3.408,3.280,3.328,1.056,1.056,1.048,1.350,1.814,0.912,3.344,0.064,0.048,0.048,0.048,1.016,1.016,1336,1080,2749,51.9,58.3,47,46,22522258,1.171,1.238,605837,22,14,7390118,66,17,6808430,182.7,1.9,43.8,1.350,1.365,1.815,1.800,1.005,5.040,1.375,Ne,Ne,Ne,41.8,1.350,1.365,1.815,1.800,1.005,5.040,1.000,Ne,Ne,Ne,61,78,99.0,100.0,Ne,Ne,30664,54296,2.5,0.1,2.6,6.319,1.449,88850,222600,56.0,66.0,73.0,1.055,1314,3137.0,2238.0,100.0,98.5,26.0,2.3,2.3,25.0,10903,1153,32.0,346090,0.0,44.9,0.725,55.000,18.000,88.000,600.0,3000.0,1200.0,100.0,0.0,0.0,0.0,0.0,0.0,0.0,0.0,0.0,0,0,16.0,246,Ne,Ne,Ne,220.5,219.8,4.54,4.54,0.00,4.41,0.12,0,0,0.0,0.0,0,0,0.0,0.0,0,0,0.0,0.0,157762,4550,1172.3,45.1,0,0.0,
20.5.2026,12:47:53.875,33574,9585,77.7,19786,12108,62.0,0.7,1.181,1.190,1.180,1.180,1.180,1.180,1.180,1.180,1.180,5225.0,5225.0,5225.0,5225.0,5225.0,5225.0,5225.0,5225.0,5225.0,100.0,2987.1,4881.3,3438.2,2995.4,2614.3,3313.6,3498.7,2838.8,2170.4,3845.8,3651.4,3223.9,2969.3,2795.2,1600.2,2561.1,1396.4,2987.1,53.7,81.0,63.9,54.1,46.9,60.6,64.6,51.4,38.3,71.1,67.8,58.8,54.4,49.3,27.9,44.8,23.5,81.0,53.7,61.8,92.2,72.8,62.7,54.1,70.2,74.2,59.4,44.4,81.4,77.4,68.0,62.8,57.0,32.4,52.0,27.7,61.8,52.2,52.2,52.2,52.2,52.2,52.2,52.2,52.2,52.2,0.0,78.9,93.3,76.5,84.5,73.3,91.7,78.9,69.3,63.7,21.1,6.7,23.5,15.5,26.7,8.3,21.1,30.7,36.3,0.0,0.0,0.0,0.0,0.0,0.0,0.0,0.0,0.0,3000.0,30.00,30,40,40,76,116,884,1,60.4,58.7,61.6,53.8,56.1,51.3,57.9,52.1,57.7,53.4,52.8,49.2,45.4,45.4,51.2,43.4,47.0,46.7,60.0,1.185,1.250,1.100,51.857,14.679,51.869,81.000,7.456,94.683,6.155,7.043,5.986,6.879,5.613,7.132,6.456,5.243,4.891,61.379,18.349,87.928,94.701,2000.0,3000.0,5229.5,5229.5,5250.0,58.5,43.2,45.0,58.5,61.8,Ne,Ne,Ne,8.951,5.223,6.3,31,60,49,26,1.190,5.040,3.408,3.328,12.192,1.101,1.243,3.408,3.280,3.328,1.056,1.056,1.048,1.341,1.814,0.912,3.344,0.064,0.056,0.048,0.048,1.016,1.016,1348,1069,2749,51.9,58.3,47,47,22522356,1.183,1.238,605840,65,14,7390162,50,19,6808476,182.7,1.9,43.8,1.350,1.365,1.815,1.800,1.005,5.040,1.000,Ne,Ne,Ne,41.8,1.350,1.365,1.815,1.800,1.005,5.040,0.875,Ne,Ne,Ne,61,78,99.0,100.0,Ne,Ne,30664,54296,0.0,0.2,0.2,0.073,1.608,88850,222603,56.0,66.0,73.0,1.052,1326,3120.0,2238.0,100.0,97.9,28.0,2.2,2.2,25.0,10903,1153,32.0,346090,0.0,44.9,0.725,11.000,18.000,110.000,600.0,3000.0,1200.0,100.0,0.0,0.0,0.0,0.0,0.0,0.0,0.0,0.0,0,0,16.0,246,Ne,Ne,Ne,204.3,204.0,4.90,4.90,0.00,4.76,0.13,0,0,0.0,0.0,0,0,0.0,0.0,0,0,0.0,0.0,157763,4550,624.4,30.0,0,0.0,
20.5.2026,12:47:55.876,33595,9563,77.8,19858,12036,62.2,0.7,1.193,1.200,1.200,1.200,1.200,1.185,1.185,1.185,1.185,5225.0,5225.0,5225.0,5225.0,5225.0,5225.0,5225.0,5225.0,5225.0,100.0,2898.5,4872.2,3292.7,3021.6,2457.8,3362.2,3277.7,2705.0,2058.2,4024.2,3288.3,3294.3,2908.2,2699.7,1414.0,2631.0,1068.9,2898.5,51.8,81.9,60.9,55.1,43.1,61.5,60.2,47.0,35.6,74.8,60.5,60.4,51.8,48.2,24.3,45.3,17.4,81.9,51.8,59.9,93.2,69.7,64.0,50.1,71.3,69.5,54.8,41.6,85.4,69.7,69.8,60.2,56.1,28.5,52.8,21.0,59.9,52.2,52.2,52.2,52.2,52.2,52.2,52.2,52.2,52.2,0.0,77.0,93.2,74.7,82.4,69.9,90.5,79.8,65.1,60.4,23.0,6.8,25.3,17.6,30.1,9.5,20.2,34.9,39.6,0.0,0.0,0.0,0.0,0.0,0.0,0.0,0.0,0.0,3000.0,30.00,30,40,40,76,116,884,1,60.1,58.2,60.2,53.3,55.7,50.9,57.3,51.5,57.2,53.0,52.2,48.7,45.1,45.1,52.0,43.6,47.0,46.6,60.0,1.185,1.250,1.100,50.339,14.856,50.303,79.500,7.451,93.078,6.006,6.958,5.862,6.673,5.441,7.020,6.349,5.026,4.718,59.571,18.569,86.337,93.063,2000.0,3000.0,5229.8,5229.8,5250.0,57.4,41.9,44.2,57.4,61.3,Ne,Ne,Ne,9.807,5.143,6.2,31,60,49,26,1.181,5.040,3.408,3.328,12.192,1.101,1.234,3.408,3.280,3.328,1.056,1.056,1.048,1.359,1.814,0.912,3.344,0.064,0.048,0.048,0.048,1.016,1.016,1332,1113,2721,51.9,58.3,47,47,22522454,1.171,1.234,605842,52,14,7390292,48,17,6808602,182.7,1.9,43.8,1.350,1.365,1.800,1.800,1.005,5.040,1.375,Ne,Ne,Ne,41.8,1.350,1.365,1.815,1.800,1.005,5.040,2.125,Ne,Ne,Ne,61,78,99.0,100.0,Ne,Ne,30664,54296,0.7,0.1,0.8,5.763,1.402,88861,222605,56.0,66.0,73.0,1.048,1330,3124.0,2238.0,100.0,98.8,26.0,2.2,2.2,25.0,10903,1153,32.0,346090,0.0,44.9,0.725,41.000,17.000,73.000,600.0,3000.0,1200.0,100.0,0.0,0.0,0.0,0.0,0.0,0.0,0.0,0.0,0,0,16.0,246,Ne,Ne,Ne,176.2,176.3,5.68,5.68,0.00,5.55,0.13,0,0,0.0,0.0,0,0,0.0,0.0,0,0,0.0,0.0,157765,4550,698.8,37.3,0,0.0,
20.5.2026,12:47:57.875,33534,9624,77.6,19788,12107,62.0,0.7,1.180,1.190,1.180,1.180,1.190,1.175,1.175,1.175,1.175,5225.0,5225.0,5225.0,5225.0,5225.0,5225.0,5225.0,5225.0,5225.0,100.0,2950.1,4911.0,3348.0,3027.0,2602.0,3293.5,3334.9,2632.2,2314.4,3521.8,3771.8,3160.7,3033.9,2739.8,1604.8,2546.5,1360.3,2950.1,52.8,81.1,62.1,55.2,46.4,60.1,61.4,46.4,40.7,64.8,70.1,57.8,55.6,48.6,28.2,44.1,22.8,81.1,52.8,61.0,92.4,70.9,64.0,53.6,69.7,70.6,54.1,47.2,74.6,80.1,66.9,64.1,56.2,32.6,51.4,27.1,61.0,52.2,52.2,52.2,52.2,52.2,52.2,52.2,52.2,52.2,0.0,78.0,93.9,76.0,83.3,71.3,89.9,79.9,67.6,61.9,22.0,6.1,24.0,16.7,28.7,10.1,20.1,32.4,38.1,0.0,0.0,0.0,0.0,0.0,0.0,0.0,0.0,0.0,3000.0,30.00,30,40,40,76,116,884,1,60.5,58.9,57.6,54.1,56.6,51.7,58.2,52.3,57.9,53.7,53.1,49.5,45.5,45.5,51.2,43.2,47.0,46.6,60.0,1.185,1.250,1.100,51.882,14.899,51.925,78.500,7.444,95.120,6.204,7.148,6.103,6.885,5.624,7.160,6.508,5.292,4.913,61.441,18.624,88.253,95.148,2000.0,3000.0,5229.3,5229.3,5250.0,58.7,43.3,43.6,58.7,62.0,Ne,Ne,Ne,10.246,5.991,6.2,31,60,49,26,1.181,5.040,3.408,3.328,12.192,1.101,1.243,3.408,3.280,3.328,1.056,1.056,1.048,1.350,1.814,0.912,3.344,0.064,0.048,0.048,0.048,1.016,1.016,1331,1092,2721,51.9,58.3,47,47,22522552,1.171,1.238,605844,57,15,7390396,48,18,6808703,182.7,1.9,43.8,1.350,1.365,1.815,1.800,1.005,5.040,1.625,Ne,Ne,Ne,41.8,1.350,1.365,1.815,1.815,1.005,5.040,1.250,Ne,Ne,Ne,61,78,99.0,100.0,Ne,Ne,30664,54296,0.9,0.1,1.0,5.163,1.547,88871,222608,56.0,66.0,73.0,1.034,1332,3100.0,2238.0,100.0,98.7,26.0,2.0,2.0,25.0,10903,1153,32.0,346090,0.0,44.9,0.725,6.000,19.000,105.000,600.0,3000.0,1200.0,100.0,0.0,0.0,0.0,0.0,0.0,0.0,0.0,0.0,0,0,16.0,246,Ne,Ne,Ne,177.0,176.5,5.65,5.65,0.00,5.54,0.11,0,0,0.0,0.0,0,0,0.0,0.0,0,0,0.0,0.0,157766,4550,529.4,34.1,0,0.0,
20.5.2026,12:47:59.868,33642,9517,77.9,19834,12060,62.1,0.7,1.189,1.195,1.190,1.190,1.190,1.190,1.185,1.185,1.185,5225.0,5225.0,5225.0,5225.0,5225.0,5225.0,5225.0,5225.0,5225.0,100.0,2824.6,4870.3,3212.3,2614.5,2723.4,3049.7,3414.2,2211.2,2378.3,3200.1,3839.7,2818.3,3150.1,2136.8,1923.7,1886.5,1764.6,2824.6,50.4,80.3,59.5,46.7,48.5,55.5,63.0,38.5,41.9,58.6,71.4,51.1,57.9,37.2,33.8,32.3,30.3,80.3,50.4,58.2,91.2,68.0,54.3,56.1,64.6,72.4,45.0,48.6,67.9,81.4,59.2,66.8,43.4,39.3,38.0,35.5,58.2,52.2,52.2,52.2,52.2,52.2,52.2,52.2,52.2,52.2,0.0,75.5,93.1,73.7,81.7,67.9,87.1,77.1,64.2,59.5,24.5,6.9,26.3,18.3,32.1,12.9,22.9,35.8,40.5,0.0,0.0,0.0,0.0,0.0,0.0,0.0,0.0,0.0,3000.0,30.00,30,40,40,76,116,884,1,60.1,57.9,58.5,53.2,55.7,50.8,57.1,51.5,56.7,53.0,52.1,48.7,44.9,44.9,50.8,43.1,47.0,46.8,60.0,1.185,1.250,1.100,50.413,14.812,50.392,82.250,7.455,93.176,5.962,6.958,5.775,6.647,5.394,6.876,6.299,5.031,4.714,59.654,18.514,86.369,93.164,2000.0,3000.0,5230.0,5230.0,5250.0,57.5,42.0,45.7,57.5,61.0,Ne,Ne,Ne,9.867,5.749,6.0,31,60,49,26,1.181,5.040,3.408,3.328,12.192,1.101,1.234,3.392,3.280,3.328,1.056,1.056,1.048,1.350,1.814,0.912,3.344,0.064,0.056,0.048,0.048,1.016,1.016,1350,1084,2721,51.9,58.3,47,47,22522650,1.187,1.238,605847,41,14,7390510,82,18,6808814,182.7,1.9,43.8,1.350,1.365,1.815,1.815,1.005,5.040,1.625,Ne,Ne,Ne,42.0,1.350,1.365,1.815,1.815,1.005,5.040,1.625,Ne,Ne,Ne,61,78,99.0,100.0,Ne,Ne,30664,54296,2.0,0.1,2.1,9.413,0.610,88889,222609,56.0,66.0,74.0,1.021,1333,3051.0,2238.0,100.0,97.6,25.0,2.7,2.7,25.0,10903,1153,32.0,346090,0.0,44.9,0.725,16.000,18.000,116.000,600.0,3000.0,1200.0,100.0,0.0,0.0,0.0,0.0,0.0,0.0,0.0,0.0,0,0,16.0,246,Ne,Ne,Ne,189.4,189.3,5.28,5.29,0.00,5.16,0.13,0,0,0.0,0.0,0,0,0.0,0.0,0,0,0.0,0.0,157766,4550,199.7,34.1,0,0.0,
20.5.2026,12:48:1.870,33644,9515,77.9,19853,12042,62.2,0.7,1.183,1.195,1.190,1.180,1.180,1.180,1.180,1.180,1.180,5225.0,5225.0,5225.0,5225.0,5225.0,5225.0,5225.0,5225.0,5225.0,100.0,2955.3,4857.0,3363.1,2519.0,3079.3,3280.0,3581.3,1980.0,2811.2,3725.0,3708.3,2967.3,3294.7,1590.0,2659.3,1473.8,2395.3,2955.3,53.3,81.3,62.5,44.7,55.8,60.2,66.3,34.9,50.7,69.1,68.7,53.7,60.6,27.7,48.1,25.4,43.1,81.3,53.3,61.3,92.2,71.3,51.9,64.1,69.4,76.0,40.7,58.4,79.0,78.6,61.9,69.7,32.3,55.3,29.8,49.7,61.3,52.2,52.2,52.2,52.2,52.2,52.2,52.2,52.2,52.2,0.0,78.2,92.9,76.7,84.6,70.8,89.9,79.9,67.6,63.0,21.8,7.1,23.3,15.4,29.2,10.1,20.1,32.4,37.0,0.0,0.0,0.0,0.0,0.0,0.0,0.0,0.0,0.0,3000.0,30.00,30,40,40,76,116,884,1,60.8,58.9,64.2,53.9,56.3,51.3,58.2,51.9,57.9,53.5,52.8,49.4,45.3,45.3,51.5,43.5,47.0,46.8,60.0,1.185,1.250,1.100,53.036,14.765,53.031,82.500,7.468,96.277,6.209,7.136,6.006,6.953,5.576,7.234,6.514,5.274,4.979,62.782,18.456,89.453,96.283,2000.0,3000.0,5229.2,5229.2,5250.0,59.4,44.2,45.8,59.4,62.0,Ne,Ne,Ne,9.801,5.846,6.3,31,60,49,26,1.172,5.040,3.408,3.328,12.192,1.101,1.243,3.392,3.280,3.328,1.056,1.056,1.048,1.350,1.814,0.912,3.344,0.064,0.048,0.048,0.048,1.016,1.016,1350,1080,2721,51.9,58.3,47,47,22522748,1.191,1.238,605849,61,16,7390592,33,18,6808895,182.7,1.9,43.8,1.350,1.365,1.815,1.815,1.005,5.040,2.000,Ne,Ne,Ne,42.0,1.350,1.365,1.815,1.815,1.005,5.040,0.750,Ne,Ne,Ne,61,78,99.0,100.0,Ne,Ne,30664,54296,0.1,0.1,0.1,0.153,0.315,88889,222610,56.0,66.0,73.0,1.031,1332,3078.0,2238.0,100.0,98.7,27.0,2.5,2.5,25.0,10903,1169,32.0,346090,0.0,44.9,0.725,36.000,17.000,68.000,600.0,3000.0,1200.0,100.0,0.0,0.0,0.0,0.0,0.0,0.0,0.0,0.0,0,0,16.0,246,Ne,Ne,Ne,205.7,204.9,4.86,4.88,0.00,4.72,0.15,0,0,0.0,0.0,0,0,0.0,0.0,0,0,0.0,0.0,157766,4550,49.5,26.9,0,0.0,
20.5.2026,12:48:3.877,33587,9572,77.8,19812,12082,62.1,0.7,1.182,1.180,1.185,1.185,1.185,1.185,1.185,1.175,1.175,5225.0,5225.0,5225.0,5225.0,5225.0,5225.0,5225.0,5225.0,5225.0,100.0,2947.7,4887.2,3345.3,2546.1,3008.4,3316.7,3448.1,2128.5,2759.5,3638.9,3704.8,3038.8,3208.5,1654.0,2593.6,1371.8,2512.7,2947.7,52.7,80.7,61.9,44.5,55.2,60.7,63.5,37.0,49.1,67.1,68.4,55.1,58.8,28.3,45.9,22.9,43.8,80.7,52.7,60.9,91.9,70.8,52.0,63.7,70.3,73.1,43.3,56.8,77.1,78.5,63.8,68.0,33.3,53.3,27.3,51.1,60.9,52.2,52.2,52.2,52.2,52.2,52.2,52.2,52.2,52.2,0.0,78.6,93.5,77.1,85.0,71.8,90.7,81.0,66.8,62.7,21.3,6.5,22.9,15.0,28.2,9.3,19.0,32.6,36.7,0.2,0.0,0.0,0.0,0.0,0.0,0.0,0.6,0.6,3000.0,30.00,30,40,40,76,116,884,1,61.0,59.1,57.2,54.1,56.4,51.5,58.2,52.3,58.1,53.7,52.9,49.4,45.5,45.5,50.8,43.3,47.0,46.8,60.0,1.185,1.250,1.100,53.892,14.842,53.893,83.000,7.481,97.338,6.207,7.115,6.024,6.895,5.657,7.261,6.501,5.244,4.955,63.792,18.553,90.573,97.366,2000.0,3000.0,5229.3,5229.3,5250.0,60.1,44.9,46.1,60.1,62.2,Ne,Ne,Ne,9.846,5.553,6.3,31,60,49,26,1.190,5.040,3.408,3.328,12.192,1.101,1.234,3.408,3.280,3.328,1.072,1.056,1.048,1.350,1.814,0.912,3.344,0.064,0.048,0.048,0.048,1.016,1.016,1332,1080,2721,51.9,58.3,47,46,22522846,1.175,1.238,605852,61,14,7390714,86,19,6809013,182.7,1.9,43.8,1.350,1.365,1.815,1.815,1.005,5.040,1.250,Ne,Ne,Ne,42.0,1.350,1.365,1.815,1.815,1.005,5.040,0.875,Ne,Ne,Ne,61,78,99.0,100.0,Ne,Ne,30664,54296,0.4,0.1,0.5,3.840,0.794,88896,222612,55.0,66.0,73.0,1.044,1333,3119.0,2238.0,100.0,98.4,26.0,2.1,2.1,25.0,10903,1153,32.0,346090,0.0,44.9,0.725,62.000,18.000,96.000,600.0,3000.0,1200.0,100.0,0.0,0.0,0.0,0.0,0.0,0.0,0.0,0.0,0,0,16.0,246,Ne,Ne,Ne,216.7,216.7,4.61,4.61,0.00,4.49,0.13,0,0,0.0,0.0,0,0,0.0,0.0,0,0,0.0,0.0,157766,4550,48.5,23.6,0,0.0,
20.5.2026,12:48:5.873,33576,9583,77.7,19795,12100,62.0,0.7,1.189,1.180,1.190,1.190,1.190,1.190,1.190,1.190,1.190,5225.0,5225.0,5225.0,5225.0,5225.0,5225.0,5225.0,5225.0,5225.0,100.0,3061.4,4920.1,3468.0,2853.1,2968.0,3370.4,3588.0,2490.7,2648.2,3591.1,3904.4,3244.7,3222.2,2094.6,2453.9,1786.7,2377.8,3061.4,54.9,81.5,64.4,51.4,53.7,61.6,66.2,44.1,47.3,66.0,72.5,59.3,59.2,36.6,43.0,30.3,41.0,81.5,54.9,63.4,92.9,73.5,59.8,62.2,71.4,76.1,51.3,54.7,76.1,82.9,68.7,68.3,42.7,49.9,35.8,48.0,63.4,52.2,52.2,52.2,52.2,52.2,52.2,52.2,52.2,52.2,0.0,80.5,94.1,78.9,86.0,74.4,91.3,83.1,70.5,65.6,19.5,5.9,21.1,14.0,25.6,8.7,16.9,29.5,34.4,0.0,0.0,0.0,0.0,0.0,0.0,0.0,0.0,0.0,3000.0,30.00,30,40,40,76,116,884,1,61.1,59.5,60.8,54.7,57.0,52.1,58.8,52.9,58.5,54.4,53.6,50.0,45.9,45.9,51.5,43.4,47.0,46.9,60.0,1.186,1.250,1.100,55.086,14.701,55.085,80.500,7.467,98.616,6.390,7.270,6.225,7.062,5.874,7.345,6.725,5.451,5.170,65.267,18.376,91.856,98.617,2000.0,3000.0,5228.9,5228.9,5250.0,60.9,45.9,44.7,60.9,62.6,Ne,Ne,Ne,8.948,5.116,6.4,31,61,50,26,1.172,5.040,3.408,3.328,12.192,1.101,1.243,3.408,3.280,3.328,1.072,1.056,1.048,1.350,1.814,0.912,3.344,0.064,0.056,0.048,0.048,1.016,1.016,1360,1107,2721,51.9,58.3,47,47,22522944,1.191,1.238,605854,35,14,7390836,51,17,6809132,182.7,1.9,43.8,1.350,1.365,1.815,1.815,1.005,5.040,1.000,Ne,Ne,Ne,42.0,1.350,1.365,1.815,1.815,1.005,5.040,0.875,Ne,Ne,Ne,61,78,99.0,100.0,Ne,Ne,30664,54296,0.1,0.1,0.2,0.727,0.627,88898,222613,55.0,66.0,73.0,1.056,1322,3128.0,2238.0,100.0,97.4,26.0,2.2,2.2,25.0,10903,1153,32.0,346090,0.0,44.9,0.725,14.000,19.000,114.000,600.0,3000.0,1200.0,100.0,0.0,0.0,0.0,0.0,0.0,0.0,0.0,0.0,0,0,16.0,246,Ne,Ne,Ne,245.4,245.9,4.08,3.85,0.55,3.94,0.13,0,0,0.0,0.0,0,0,0.0,0.0,0,0,0.0,0.0,157766,4551,47.3,26.7,0,0.0,
20.5.2026,12:48:7.870,33582,9576,77.8,19854,12040,62.2,0.7,1.193,1.185,1.200,1.200,1.200,1.190,1.190,1.190,1.190,5225.0,5225.0,5225.0,5225.0,5225.0,5225.0,5225.0,5225.0,5225.0,100.0,3088.3,4916.5,3358.2,3246.0,2681.4,3646.7,3346.4,2931.1,2280.8,3909.0,3644.3,3597.6,2940.4,2750.5,1904.0,2573.3,1686.3,3088.3,55.5,85.0,62.0,59.1,48.0,66.7,61.2,52.9,39.9,72.1,67.1,66.0,53.0,49.1,32.9,44.9,28.1,85.0,55.5,64.3,96.7,71.1,68.6,55.8,77.3,70.8,61.5,46.7,82.9,77.2,76.3,61.7,57.1,38.7,52.6,33.7,64.3,52.2,52.2,52.2,52.2,52.2,52.2,52.2,52.2,52.2,0.0,81.1,94.0,79.7,86.4,75.1,91.8,83.4,71.8,66.8,18.9,6.0,20.3,13.6,24.9,8.2,16.6,28.2,33.2,0.0,0.0,0.0,0.0,0.0,0.0,0.0,0.0,0.0,3000.0,30.00,30,40,40,76,116,884,1,61.4,59.8,59.9,55.0,57.2,52.5,59.1,53.2,59.0,54.6,54.2,50.4,46.2,46.2,51.5,43.6,47.0,46.9,60.0,1.186,1.250,1.100,55.437,14.848,55.414,83.750,7.474,99.283,6.443,7.292,6.302,7.075,5.923,7.413,6.729,5.574,5.237,65.717,18.561,92.499,99.278,2000.0,3000.0,5228.3,5228.3,5250.0,61.3,46.2,46.5,61.3,62.9,Ne,Ne,Ne,10.185,5.554,6.5,31,61,50,26,1.190,5.040,3.408,3.328,12.192,1.101,1.243,3.408,3.280,3.328,1.056,1.056,1.048,1.350,1.814,0.912,3.344,0.064,0.048,0.048,0.048,1.016,1.016,1359,1109,2743,51.9,58.3,47,47,22523044,1.179,1.238,605856,60,14,7390906,65,20,6809202,182.7,1.9,43.8,1.350,1.365,1.800,1.815,1.005,5.040,1.500,Ne,Ne,Ne,42.0,1.350,1.365,1.815,1.815,1.005,5.040,1.875,Ne,Ne,Ne,61,78,99.0,100.0,Ne,Ne,30664,54296,0.2,0.1,0.3,1.557,1.152,88901,222615,55.0,66.0,71.0,1.073,1314,3151.0,2238.0,98.0,93.3,20.0,2.2,2.2,25.0,10903,1153,32.0,346090,0.0,45.0,0.725,64.000,18.000,97.000,600.0,3000.0,1200.0,100.0,0.0,0.0,0.0,0.0,0.0,0.0,0.0,0.0,0,0,16.0,246,Ne,Ne,Ne,208.0,207.9,4.81,4.81,0.00,4.66,0.14,0,0,0.0,0.0,0,0,0.0,0.0,0,0,0.0,0.0,157767,4551,172.5,22.4,0,0.0,
20.5.2026,12:48:9.871,33573,9585,77.7,19822,12073,62.1,0.7,1.181,1.185,1.180,1.180,1.175,1.175,1.185,1.185,1.185,5225.0,5225.0,5225.0,5225.0,5225.0,5225.0,5225.0,5225.0,5225.0,100.0,2787.5,4894.3,3020.6,3117.0,2171.1,3506.5,3009.5,2675.9,1842.8,3993.7,3054.6,3266.1,2610.6,2663.5,1246.9,2559.3,967.9,2787.5,50.2,85.1,56.1,57.3,38.2,64.5,55.4,47.7,32.4,74.2,56.2,60.1,46.6,46.9,21.7,45.0,16.1,85.1,50.2,57.8,96.3,64.0,66.0,44.3,74.3,63.7,55.2,37.5,84.7,64.7,69.2,54.1,54.2,25.3,52.0,19.2,57.8,52.2,52.2,52.2,52.2,52.2,52.2,52.2,52.2,52.2,0.0,75.7,93.6,74.1,82.0,68.2,88.0,77.2,63.5,58.9,24.3,6.4,25.9,18.0,31.8,12.0,22.8,36.5,41.1,0.0,0.0,0.0,0.0,0.0,0.0,0.0,0.0,0.0,3000.0,30.00,30,40,40,76,116,884,1,60.9,58.6,58.5,53.5,56.4,50.8,57.8,51.4,57.5,52.8,52.4,48.7,45.3,45.3,51.5,43.4,47.0,47.0,60.0,1.185,1.250,1.100,51.258,14.659,51.289,80.000,7.463,94.014,6.017,7.095,5.812,6.788,5.389,7.055,6.276,5.027,4.691,60.674,18.324,87.208,94.011,2000.0,3000.0,5229.9,5229.9,5250.0,58.0,42.7,44.4,58.0,61.6,Ne,Ne,Ne,9.077,5.177,6.1,31,61,50,26,1.181,5.040,3.408,3.328,12.192,1.101,1.243,3.408,3.280,3.328,1.056,1.056,1.048,1.350,1.814,0.912,3.328,0.064,0.056,0.048,0.048,1.016,1.016,1378,1145,2721,51.9,58.3,47,47,22523144,1.187,1.238,605859,20,14,7391026,58,18,6809318,182.7,1.9,43.8,1.350,1.365,1.815,1.800,1.005,5.040,1.375,Ne,Ne,Ne,42.0,1.350,1.365,1.815,1.800,1.005,5.040,2.125,Ne,Ne,Ne,61,78,99.0,100.0,Ne,Ne,30664,54296,0.1,0.1,0.2,0.150,0.491,88901,222616,55.0,66.0,73.0,1.064,1309,3147.0,2238.0,100.0,95.3,27.0,2.4,2.4,24.0,10903,1153,32.0,346090,0.0,45.1,0.725,3.000,20.000,104.000,600.0,3000.0,1200.0,100.0,0.0,0.0,0.0,0.0,0.0,0.0,0.0,0.0,0,0,16.0,246,Ne,Ne,Ne,191.7,190.9,5.22,5.23,0.00,5.10,0.11,0,0,0.0,0.0,0,0,0.0,0.0,0,0,0.0,0.0,157767,4551,46.8,20.5,0,0.0,
20.5.2026,12:48:11.868,33613,9545,77.8,19815,12080,62.1,0.7,1.190,1.190,1.190,1.190,1.190,1.190,1.190,1.190,1.190,5225.0,5225.0,5225.0,5225.0,5225.0,5225.0,5225.0,5225.0,5225.0,100.0,2496.8,4769.9,2830.9,2606.4,1935.5,2951.5,2891.6,2207.9,1625.1,3368.7,3213.3,2853.2,2430.3,2242.8,1053.8,2136.8,830.3,2496.8,43.9,82.3,51.2,46.0,33.2,52.4,51.7,38.4,27.6,62.0,59.1,50.8,42.0,38.6,17.8,36.4,13.5,82.3,43.9,51.1,93.1,59.0,53.7,39.2,61.4,60.1,45.0,32.8,71.4,68.1,59.2,49.4,45.1,21.3,42.8,16.6,51.1,52.2,52.2,52.2,52.2,52.2,52.2,52.2,52.2,52.2,0.0,68.5,91.2,64.6,73.6,58.9,84.0,69.3,55.2,51.2,31.5,8.8,35.4,26.4,41.1,16.0,30.7,44.8,48.8,0.0,0.0,0.0,0.0,0.0,0.0,0.0,0.0,0.0,3000.0,30.00,30,40,40,76,116,884,1,60.0,56.8,58.1,53.5,54.9,48.7,55.5,49.2,55.6,50.7,50.3,46.8,45.3,44.1,51.5,43.2,47.0,46.9,60.0,1.185,1.250,1.100,51.258,14.659,51.289,80.000,7.463,94.014,6.017,7.095,5.812,6.788,5.389,7.055,6.276,5.027,4.691,60.674,18.324,87.208,94.011,2000.0,3000.0,5229.9,5229.9,5250.0,58.0,42.7,44.4,58.0,61.6,Ne,Ne,Ne,9.077,5.177,6.1,31,60,49,26,1.181,5.040,3.408,3.328,12.192,1.101,1.243,3.392,3.280,3.328,1.056,1.056,1.048,1.359,1.814,0.912,3.344,0.064,0.056,0.048,0.048,1.016,1.016,1376,1121,2772,51.9,58.3,47,47,22523244,1.183,1.238,605861,65,14,7391066,56,18,6809361,182.7,1.9,43.8,1.350,1.365,1.815,1.800,1.005,5.040,1.250,Ne,Ne,Ne,42.0,1.350,1.365,1.815,1.800,1.005,5.040,0.750,Ne,Ne,Ne,61,78,99.0,100.0,Ne,Ne,30664,54296,0.1,0.1,0.2,0.150,0.491,88901,222616,56.0,66.0,73.0,1.027,1298,3066.0,2238.0,100.0,98.8,26.0,2.2,2.2,24.0,10903,1153,32.0,346090,0.0,45.0,0.725,64.000,18.000,98.000,600.0,3000.0,1200.0,100.0,0.0,0.0,0.0,0.0,0.0,0.0,0.0,0.0,0,0,16.0,246,Ne,Ne,Ne,191.7,190.9,5.22,5.23,0.00,5.10,0.11,0,0,0.0,0.0,0,0,0.0,0.0,0,0,0.0,0.0,157767,4551,46.8,20.5,0,0.0,
20.5.2026,12:48:13.876,33613,9545,77.8,19815,12080,62.1,0.7,1.190,1.190,1.190,1.190,1.190,1.190,1.190,1.190,1.190,5225.0,5225.0,5225.0,5225.0,5225.0,5225.0,5225.0,5225.0,5225.0,100.0,2496.8,4769.9,2830.9,2606.4,1935.5,2951.5,2891.6,2207.9,1625.1,3368.7,3213.3,2853.2,2430.3,2242.8,1053.8,2136.8,830.3,2496.8,43.9,82.3,51.2,46.0,33.2,52.4,51.7,38.4,27.6,62.0,59.1,50.8,42.0,38.6,17.8,36.4,13.5,82.3,43.9,51.1,93.1,59.0,53.7,39.2,61.4,60.1,45.0,32.8,71.4,68.1,59.2,49.4,45.1,21.3,42.8,16.6,51.1,52.2,52.2,52.2,52.2,52.2,52.2,52.2,52.2,52.2,0.0,68.5,91.2,64.6,73.6,58.9,84.0,69.3,55.2,51.2,31.5,8.8,35.4,26.4,41.1,16.0,30.7,44.8,48.8,0.0,0.0,0.0,0.0,0.0,0.0,0.0,0.0,0.0,3000.0,30.00,30,40,40,76,116,884,1,60.0,56.8,58.1,51.5,54.9,48.7,55.5,49.2,55.6,50.7,50.3,46.8,44.1,44.1,51.5,43.2,47.0,46.9,60.0,1.184,1.250,1.100,46.303,14.423,46.313,80.000,7.435,87.586,5.438,6.766,5.139,6.088,4.740,6.633,5.625,4.391,4.122,54.728,18.029,80.936,87.602,2000.0,3000.0,5231.3,5231.3,5250.0,54.1,38.6,44.4,54.1,59.8,Ne,Ne,Ne,7.089,4.029,5.5,31,60,49,26,1.181,5.040,3.408,3.328,12.192,1.101,1.243,3.408,3.280,3.328,1.056,1.056,1.048,1.359,1.814,0.920,3.344,0.064,0.048,0.048,0.048,1.016,1.016,1336,1087,2749,51.9,58.3,47,47,22523342,1.171,1.238,605863,44,15,7391196,82,17,6809486,182.7,1.9,43.8,1.350,1.365,1.815,1.800,1.005,5.040,0.375,Ne,Ne,Ne,42.0,1.350,1.365,1.815,1.800,1.005,5.040,1.125,Ne,Ne,Ne,61,78,99.0,100.0,Ne,Ne,30664,54296,9.5,0.1,9.6,18.195,0.565,88936,222617,56.0,66.0,74.0,1.026,1297,3078.0,2238.0,100.0,99.0,23.0,1.9,1.9,24.0,10905,1169,32.0,346090,0.0,44.9,0.725,34.000,18.000,67.000,600.0,3000.0,1200.0,100.0,0.0,0.0,0.0,0.0,0.0,0.0,0.0,0.0,0,0,16.0,246,Ne,Ne,Ne,162.7,163.0,6.15,6.12,0.00,6.03,0.11,0,0,0.0,0.0,0,0,0.0,0.0,0,0,0.0,0.0,157767,4551,176.2,22.6,0,0.0,
20.5.2026,12:48:15.873,33604,9554,77.8,19800,12095,62.0,0.7,1.188,1.195,1.180,1.180,1.180,1.180,1.195,1.195,1.195,5225.0,5225.0,5225.0,5225.0,5225.0,5225.0,5225.0,5225.0,5225.0,100.0,2817.4,4901.5,3117.2,2794.8,2530.8,3225.3,3303.0,2429.0,2078.8,3371.2,3748.8,3039.0,2895.2,2410.1,1595.5,2319.6,1318.9,2817.4,50.8,85.7,57.6,50.3,45.8,58.5,61.1,42.9,37.0,62.0,69.8,55.7,52.4,42.6,28.3,40.7,22.8,85.7,50.8,58.4,96.9,65.7,58.2,52.6,67.6,70.0,49.7,42.6,71.4,79.5,64.2,60.3,49.1,32.7,47.1,26.6,58.4,52.2,52.2,52.2,52.2,52.2,52.2,52.2,52.2,52.2,0.0,75.5,93.7,73.5,81.7,67.2,88.3,76.6,63.7,59.3,24.4,6.3,26.5,18.3,32.7,11.7,23.4,35.8,40.3,0.1,0.0,0.0,0.0,0.1,0.0,0.0,0.5,0.4,3000.0,30.00,30,40,40,76,116,884,1,60.5,58.2,60.2,53.1,55.7,50.6,57.3,51.0,57.1,52.5,52.0,48.5,44.9,44.9,51.5,43.5,47.0,46.9,60.0,1.185,1.250,1.100,50.666,14.636,50.649,82.250,7.474,93.229,5.991,7.018,5.821,6.732,5.306,7.066,6.232,5.022,4.728,59.961,18.295,86.477,93.229,2000.0,3000.0,5230.0,5230.0,5250.0,57.5,42.2,45.7,57.5,61.2,Ne,Ne,Ne,9.107,5.252,6.0,30,60,49,26,1.172,5.040,3.408,3.328,12.192,1.101,1.234,3.408,3.280,3.328,1.056,1.056,1.048,1.350,1.814,0.920,3.344,0.064,0.048,0.048,0.048,1.016,1.016,1332,1082,2743,51.9,58.3,47,47,22523440,1.167,1.238,605866,69,14,7391284,49,18,6809573,182.7,1.9,43.8,1.350,1.365,1.815,1.800,1.005,5.040,1.750,Ne,Ne,Ne,42.0,1.365,1.365,1.815,1.800,1.005,5.040,1.125,Ne,Ne,Ne,61,78,99.0,100.0,Ne,Ne,30664,54296,0.3,0.2,0.4,1.234,1.734,88938,222620,56.0,66.0,73.0,1.059,1304,3134.0,2238.0,99.0,97.3,25.0,2.2,2.2,25.0,10905,1154,32.0,346090,0.0,44.9,0.725,22.000,17.000,54.000,600.0,3000.0,1200.0,100.0,0.0,0.0,0.0,0.0,0.0,0.0,0.0,0.0,0,0,16.0,246,Ne,Ne,Ne,200.1,200.0,5.00,5.00,0.00,4.87,0.12,0,0,0.0,0.0,0,0,0.0,0.0,0,0,0.0,0.0,157769,4551,1015.8,44.0,0,0.0,
20.5.2026,12:48:17.870,33635,9523,77.9,19843,12051,62.2,0.7,1.191,1.185,1.190,1.190,1.190,1.190,1.195,1.195,1.195,5225.0,5225.0,5225.0,5225.0,5225.0,5225.0,5225.0,5225.0,5225.0,100.0,2954.2,4890.6,3461.9,2578.7,2994.8,3249.4,3478.5,2139.0,2662.2,3458.6,3881.4,2873.2,3286.2,1991.9,2305.8,1856.0,2159.8,2954.2,52.7,80.0,64.1,45.5,54.7,59.2,63.9,37.0,46.9,63.3,71.7,52.0,60.0,34.6,40.3,31.8,37.5,80.0,52.7,61.1,91.0,73.3,53.3,63.4,68.8,73.8,43.6,54.7,73.3,82.3,60.5,69.6,40.6,47.1,37.5,44.1,61.1,52.2,52.2,52.2,52.2,52.2,52.2,52.2,52.2,52.2,0.0,78.2,93.5,76.7,83.1,70.9,88.9,79.6,67.9,64.7,21.8,6.5,23.3,16.9,29.1,11.1,20.4,32.1,35.3,0.0,0.0,0.0,0.0,0.0,0.0,0.0,0.0,0.0,3000.0,30.00,30,40,40,76,116,884,1,60.4,58.5,60.8,53.9,56.3,51.5,58.0,52.0,57.5,53.5,52.7,49.4,45.4,45.4,51.0,43.3,47.0,46.9,60.0,1.185,1.250,1.100,51.932,14.665,51.908,80.750,7.475,94.737,6.165,7.071,6.049,6.875,5.601,7.053,6.476,5.211,4.984,61.465,18.331,88.018,94.726,2000.0,3000.0,5229.3,5229.3,5250.0,58.5,43.3,44.9,58.5,61.6,Ne,Ne,Ne,8.939,4.882,6.3,31,60,49,26,1.163,5.040,3.408,3.328,12.192,1.101,1.243,3.408,3.280,3.328,1.056,1.056,1.048,1.350,1.814,0.912,3.344,0.064,0.056,0.048,0.048,1.016,1.016,1350,1087,2721,51.9,58.3,47,47,22523538,1.171,1.238,605868,24,15,7391422,70,17,6809705,182.7,1.9,43.8,1.365,1.365,1.815,1.800,1.005,5.040,0.875,Ne,Ne,Ne,42.0,1.365,1.365,1.815,1.800,1.005,5.040,2.250,Ne,Ne,Ne,62,78,99.0,100.0,Ne,Ne,30664,54296,0.1,0.1,0.2,0.399,1.223,88939,222623,56.0,66.0,73.0,1.052,1308,3133.0,2238.0,100.0,99.0,27.0,2.2,2.2,25.0,10905,1154,32.0,346090,0.0,45.0,0.725,9.000,18.000,107.000,600.0,3000.0,1200.0,100.0,0.0,0.0,0.0,0.0,0.0,0.0,0.0,0.0,0,0,16.0,246,Ne,Ne,Ne,205.0,204.2,4.88,4.89,0.00,4.73,0.14,0,0,0.0,0.0,0,0,0.0,0.0,0,0,0.0,0.0,157770,4551,298.5,23.3,0,0.0,
20.5.2026,12:48:19.871,33609,9550,77.8,19800,12095,62.0,0.7,1.181,1.180,1.185,1.185,1.185,1.170,1.170,1.185,1.185,5225.0,5225.0,5225.0,5225.0,5225.0,5225.0,5225.0,5225.0,5225.0,100.0,2741.5,4813.9,3080.4,2379.3,2722.2,3164.2,3140.7,1808.3,2611.9,3678.1,3333.4,2710.6,2987.5,1550.2,2391.4,1214.5,2277.0,2741.5,48.8,80.9,56.6,41.8,49.2,57.5,56.9,31.1,47.2,68.0,60.6,48.8,54.0,26.5,42.7,20.1,39.0,80.9,48.8,56.5,91.8,64.9,48.8,57.2,66.6,65.9,36.5,54.6,78.0,70.1,56.8,62.7,31.2,49.6,24.1,45.7,56.5,52.2,52.2,52.2,52.2,52.2,52.2,52.2,52.2,52.2,0.0,74.0,92.0,72.0,78.9,67.1,87.0,74.9,62.9,57.1,25.9,8.0,28.0,21.1,32.8,13.0,25.1,36.8,42.3,0.1,0.0,0.0,0.0,0.2,0.0,0.0,0.4,0.6,3000.0,30.00,30,40,40,76,116,884,1,60.4,58.2,57.2,53.1,55.8,50.7,57.1,51.2,57.1,52.3,51.9,48.5,45.1,45.1,51.2,43.3,47.0,46.9,60.0,1.184,1.250,1.100,49.767,14.541,49.788,82.250,7.462,91.945,5.856,6.899,5.680,6.545,5.297,6.924,6.024,4.905,4.579,58.880,18.177,85.265,91.942,2000.0,3000.0,5230.2,5230.2,5250.0,56.8,41.5,45.7,56.8,61.2,Ne,Ne,Ne,7.476,4.092,5.9,31,60,49,26,1.172,5.040,3.408,3.328,12.192,1.101,1.243,3.408,3.280,3.328,1.056,1.056,1.048,1.350,1.814,0.912,3.328,0.064,0.056,0.048,0.048,1.016,1.016,1331,1088,2721,51.9,58.3,47,47,22523636,1.191,1.238,605870,41,14,7391470,87,18,6809756,182.7,1.9,43.8,1.365,1.365,1.800,1.800,1.005,5.040,0.875,Ne,Ne,Ne,42.0,1.365,1.365,1.815,1.800,1.005,5.040,1.500,Ne,Ne,Ne,62,78,99.0,100.0,Ne,Ne,30664,54296,0.1,0.1,0.2,0.311,0.389,88940,222623,56.0,66.0,73.0,1.039,1308,3105.0,2238.0,100.0,97.5,27.0,2.2,2.2,25.0,10905,1154,32.0,346090,0.0,45.0,0.725,56.000,18.000,89.000,600.0,3000.0,1200.0,100.0,0.0,0.0,0.0,0.0,0.0,0.0,0.0,0.0,0,0,16.0,246,Ne,Ne,Ne,196.2,196.0,5.10,5.10,0.00,4.98,0.11,0,0,0.0,0.0,0,0,0.0,0.0,0,0,0.0,0.0,157771,4551,766.0,34.6,0,0.0,
20.5.2026,12:48:21.869,33605,9553,77.8,19788,12106,62.0,0.7,1.182,1.200,1.180,1.180,1.180,1.180,1.180,1.180,1.180,5225.0,5225.0,5225.0,5225.0,5225.0,5225.0,5225.0,5225.0,5225.0,100.0,2620.9,4842.6,3104.3,2134.7,2703.1,3062.8,3139.7,1593.5,2408.2,3493.9,3291.3,2665.8,2891.9,1256.0,2194.8,1029.9,2122.1,2620.9,46.8,80.4,57.7,37.7,48.0,56.4,57.8,27.9,42.5,64.8,60.5,47.7,51.6,22.0,38.7,17.7,37.1,80.4,46.8,53.8,90.8,65.8,43.6,55.4,64.9,66.5,32.4,49.1,74.1,69.5,55.0,59.6,25.5,44.6,20.6,43.0,53.8,52.2,52.2,52.2,52.2,52.2,52.2,52.2,52.2,52.2,0.0,72.2,92.6,70.5,78.7,63.2,85.3,74.5,58.0,54.4,27.8,7.4,29.5,21.3,36.8,14.7,25.5,42.0,45.6,0.0,0.0,0.0,0.0,0.0,0.0,0.0,0.0,0.0,3000.0,30.00,30,40,40,76,116,884,1,59.8,57.0,60.8,52.1,55.2,49.6,56.4,49.9,55.9,51.5,50.6,47.4,44.4,44.4,51.0,43.2,47.0,46.9,60.0,1.183,1.250,1.100,48.599,14.694,48.614,78.750,7.439,90.663,5.707,6.851,5.502,6.541,5.019,6.754,5.966,4.618,4.402,57.420,18.368,83.970,90.704,2000.0,3000.0,5230.8,5230.8,5250.0,56.0,40.5,43.8,56.0,60.0,Ne,Ne,Ne,8.576,4.815,5.8,31,59,48,26,1.172,5.040,3.408,3.328,12.192,1.101,1.243,3.408,3.280,3.328,1.056,1.056,1.048,1.350,1.814,0.912,3.344,0.064,0.056,0.048,0.048,1.016,1.016,1350,1089,2721,51.9,58.3,47,47,22523734,1.175,1.238,605873,66,14,7391552,53,17,6809837,182.7,1.9,43.8,1.365,1.365,1.815,1.800,1.005,5.040,1.000,Ne,Ne,Ne,42.0,1.365,1.365,1.815,1.800,1.005,5.040,1.875,Ne,Ne,Ne,62,78,99.0,100.0,Ne,Ne,30664,54296,0.7,0.1,0.8,7.342,1.406,88954,222626,56.0,66.0,73.0,1.057,1310,3138.0,2238.0,100.0,98.6,26.0,2.3,2.3,25.0,10905,1154,32.0,346090,0.0,45.0,0.725,46.000,18.000,80.000,600.0,3000.0,1200.0,100.0,0.0,0.0,0.0,0.0,0.0,0.0,0.0,0.0,0,0,16.0,246,Ne,Ne,Ne,208.6,208.4,4.79,4.78,0.00,4.67,0.13,0,0,0.0,0.0,0,0,0.0,0.0,0,0,0.0,0.0,157774,4551,1192.4,40.6,0,0.0,
20.5.2026,12:48:23.873,33590,9568,77.8,19801,12094,62.0,0.7,1.179,1.180,1.190,1.190,1.175,1.175,1.175,1.175,1.175,5225.0,5225.0,5225.0,5225.0,5225.0,5225.0,5225.0,5225.0,5225.0,100.0,2638.9,4785.9,3027.4,2190.0,2621.0,3074.2,3114.0,1738.7,2387.6,3236.6,3710.5,2680.6,2840.8,1406.5,2177.2,1180.6,2050.7,2638.9,46.8,80.7,55.7,37.9,46.7,55.9,56.9,29.7,41.6,59.3,68.9,47.6,51.6,23.9,37.9,19.5,35.1,80.7,46.8,54.4,91.6,64.1,44.6,54.5,65.1,66.0,35.2,48.6,68.6,78.7,55.6,60.2,28.4,44.3,23.6,41.4,54.4,52.2,52.2,52.2,52.2,52.2,52.2,52.2,52.2,52.2,0.0,72.7,91.5,69.9,78.1,64.4,87.7,74.2,59.9,55.5,27.3,8.5,30.1,21.9,35.6,12.3,25.8,40.1,44.5,0.0,0.0,0.0,0.0,0.0,0.0,0.0,0.0,0.0,3000.0,30.00,30,40,40,76,116,884,1,60.0,57.8,57.2,52.6,55.6,49.9,56.8,50.4,56.8,51.9,51.3,47.8,44.8,44.8,51.0,43.1,47.0,46.8,60.0,1.184,1.250,1.100,49.595,14.676,49.583,79.500,7.448,91.795,5.789,6.920,5.513,6.553,5.146,6.931,6.022,4.768,4.463,58.640,18.345,85.178,91.821,2000.0,3000.0,5230.3,5230.3,5250.0,56.7,41.3,44.2,56.7,60.8,Ne,Ne,Ne,8.099,4.123,5.8,31,60,49,26,1.172,5.040,3.408,3.328,12.192,1.101,1.243,3.408,3.280,3.328,1.072,1.056,1.048,1.350,1.814,0.912,3.328,0.064,0.048,0.048,0.048,1.016,1.016,1331,1057,2749,51.9,58.3,47,47,22523830,1.187,1.238,605875,47,14,7391684,36,17,6809964,182.7,1.9,43.8,1.365,1.365,1.815,1.800,0.990,5.040,0.750,Ne,Ne,Ne,42.0,1.365,1.365,1.815,1.800,1.005,5.040,0.750,Ne,Ne,Ne,62,78,99.0,100.0,Ne,Ne,30664,54296,0.7,0.2,0.8,0.887,2.351,88956,222631,56.0,66.0,73.0,1.052,1310,3131.0,2238.0,100.0,98.4,25.0,2.3,2.3,25.0,10905,1154,32.0,346090,0.0,45.0,0.725,9.000,18.000,107.000,600.0,3000.0,1200.0,100.0,0.0,0.0,0.0,0.0,0.0,0.0,0.0,0.0,0,0,16.0,246,Ne,Ne,Ne,228.5,228.5,4.38,4.38,0.00,4.25,0.12,0,0,0.0,0.0,0,0,0.0,0.0,0,0,0.0,0.0,157776,4551,1096.6,41.2,0,0.0,
20.5.2026,12:48:25.873,33586,9572,77.8,19804,12090,62.0,0.7,1.181,1.175,1.190,1.180,1.180,1.180,1.180,1.180,1.180,5225.0,5225.0,5225.0,5225.0,5225.0,5225.0,5225.0,5225.0,5225.0,100.0,2796.5,4909.8,3170.6,2624.1,2633.8,3130.9,3303.7,2306.6,2338.2,3464.4,3451.2,3064.2,2837.0,2158.2,1804.2,2020.6,1526.0,2796.5,50.0,82.6,58.8,46.4,47.5,57.0,60.8,40.1,41.2,63.7,63.6,55.6,51.4,37.6,31.7,35.0,26.1,82.6,50.0,57.6,93.6,67.1,53.8,54.8,66.2,70.0,46.8,47.9,73.3,73.2,64.2,59.4,43.7,36.7,40.8,30.6,57.6,52.2,52.2,52.2,52.2,52.2,52.2,52.2,52.2,52.2,0.0,75.8,93.9,74.2,81.9,69.3,87.6,77.9,63.5,57.9,24.2,6.1,25.8,18.1,30.7,12.4,22.1,36.5,42.1,0.0,0.0,0.0,0.0,0.0,0.0,0.0,0.0,0.0,3000.0,30.00,30,40,40,76,116,884,1,59.8,57.7,62.9,53.1,55.7,50.7,57.2,51.4,56.7,52.6,51.8,48.5,45.0,45.0,51.2,43.5,47.0,46.9,60.0,1.184,1.250,1.100,51.018,14.758,51.003,80.000,7.432,93.760,5.931,6.934,5.764,6.675,5.418,6.876,6.216,4.929,4.638,60.354,18.448,86.977,93.753,2000.0,3000.0,5230.3,5230.3,5250.0,57.9,42.5,44.4,57.9,60.8,Ne,Ne,Ne,9.538,5.588,6.1,31,59,48,26,1.181,5.040,3.408,3.328,12.192,1.101,1.243,3.408,3.280,3.328,1.056,1.056,1.048,1.350,1.814,0.912,3.344,0.064,0.048,0.048,0.048,1.016,1.016,1311,1057,2749,51.9,58.3,47,47,22523928,1.175,1.238,605877,72,15,7391778,26,18,6810057,182.7,1.9,43.8,1.365,1.365,1.815,1.800,1.005,5.040,2.000,Ne,Ne,Ne,42.0,1.365,1.365,1.815,1.800,1.005,5.040,1.250,Ne,Ne,Ne,62,78,99.0,100.0,Ne,Ne,30664,54296,0.1,0.1,0.2,0.525,1.678,88957,222634,56.0,66.0,73.0,1.043,1312,3111.0,2238.0,100.0,97.8,27.0,2.7,2.7,25.0,10905,1170,32.0,346090,0.0,45.0,0.725,2.000,17.000,101.000,600.0,3000.0,1200.0,100.0,0.0,0.0,0.0,0.0,0.0,0.0,0.0,0.0,0,0,16.0,246,Ne,Ne,Ne,216.9,216.4,4.61,4.61,0.00,4.49,0.12,0,0,0.0,0.0,0,0,0.0,0.0,0,0,0.0,0.0,157777,4551,539.1,31.5,0,0.0,
20.5.2026,12:48:28.165,33589,9570,77.8,19794,12101,62.0,0.7,1.178,1.170,1.180,1.180,1.180,1.180,1.180,1.175,1.175,5225.0,5225.0,5225.0,5225.0,5225.0,5225.0,5225.0,5225.0,5225.0,100.0,2695.2,4797.6,3004.1,2634.3,2441.5,2932.9,3315.5,2189.1,2100.0,3255.0,3704.3,2799.6,2881.6,2325.2,1334.8,2195.3,1212.0,2695.2,48.2,81.5,55.0,47.1,43.4,53.0,60.5,38.3,37.2,59.9,68.7,50.1,51.8,41.2,23.6,38.6,21.3,81.5,48.2,55.5,92.2,63.0,54.6,50.2,61.5,69.5,44.6,43.1,68.9,78.3,58.1,59.9,47.5,27.4,44.7,24.8,55.5,52.2,52.2,52.2,52.2,52.2,52.2,52.2,52.2,52.2,0.0,73.0,91.7,70.1,78.6,64.6,87.5,73.8,60.0,57.6,26.9,8.3,29.9,21.4,35.2,12.5,26.2,39.6,41.8,0.2,0.0,0.0,0.0,0.2,0.0,0.0,0.5,0.6,3000.0,30.00,30,40,40,76,116,884,1,59.2,57.2,55.9,52.3,55.0,49.9,56.3,50.4,56.3,51.9,51.1,47.9,44.6,44.6,51.5,43.2,47.0,46.9,60.0,1.184,1.250,1.100,48.315,14.671,48.312,78.750,7.450,90.447,5.698,6.715,5.520,6.393,5.057,6.802,5.989,4.673,4.433,57.117,18.339,83.651,90.444,2000.0,3000.0,5230.6,5230.6,5250.0,55.8,40.3,43.8,55.8,60.3,Ne,Ne,Ne,8.955,5.694,5.8,31,59,48,26,1.181,5.040,3.408,3.328,12.192,1.101,1.243,3.408,3.280,3.328,1.056,1.056,1.048,1.359,1.814,0.912,3.344,0.064,0.056,0.048,0.048,1.016,1.016,1304,1071,2721,51.9,58.3,47,47,22524024,1.164,1.234,605880,29,13,7391922,40,17,6810195,182.7,1.9,43.8,1.365,1.365,1.815,1.800,1.005,5.040,0.750,Ne,Ne,Ne,42.0,1.365,1.365,1.815,1.800,1.005,5.040,0.875,Ne,Ne,Ne,62,78,99.0,100.0,Ne,Ne,30664,54296,0.6,0.1,0.6,6.187,0.705,89011,222636,56.0,66.0,74.0,0.988,1311,2959.0,2238.0,100.0,98.6,23.0,2.4,2.4,25.0,10905,1170,32.0,346090,0.0,45.0,0.725,9.000,18.000,108.000,600.0,3000.0,1200.0,100.0,0.0,0.0,0.0,0.0,0.0,0.0,0.0,0.0,0,0,16.0,246,Ne,Ne,Ne,223.3,223.1,4.48,4.49,0.00,4.37,0.11,0,0,0.0,0.0,0,0,0.0,0.0,0,0,0.0,0.0,157777,4551,39.3,26.6,0,0.0,
20.5.2026,12:48:30.150,33580,9579,77.8,19800,12095,62.0,0.7,1.190,1.180,1.195,1.195,1.190,1.190,1.190,1.190,1.190,5225.0,5225.0,5225.0,5225.0,5225.0,5225.0,5225.0,5225.0,5225.0,100.0,3320.8,4989.6,3689.3,3227.1,3161.3,3569.7,3803.4,2951.6,2829.5,3717.1,4086.2,3481.3,3623.5,2990.7,2117.9,2873.1,2021.5,3320.8,60.2,84.6,68.6,58.9,57.8,65.5,70.3,53.2,50.9,68.3,75.7,63.7,66.9,53.9,37.4,52.1,35.9,84.6,60.2,69.2,96.0,78.1,67.8,66.5,75.5,80.6,61.4,58.8,78.7,86.7,73.3,76.7,62.1,43.4,60.0,41.6,69.2,52.2,52.2,52.2,52.2,52.2,52.2,52.2,52.2,52.2,0.0,83.7,95.5,81.4,88.5,78.2,92.3,87.0,74.4,72.4,16.2,4.5,18.6,11.5,21.8,7.7,13.0,25.1,27.1,0.1,0.0,0.0,0.0,0.0,0.0,0.0,0.5,0.6,3000.0,30.00,30,40,40,76,116,884,1,62.1,60.5,59.0,56.0,57.7,53.6,59.6,54.7,59.2,56.4,54.7,52.2,46.2,46.2,51.0,43.1,47.0,47.0,60.0,1.188,1.250,1.100,57.139,14.754,57.109,82.250,7.490,101.344,6.787,7.504,6.667,7.302,6.337,7.509,7.240,5.872,5.865,67.863,18.442,94.544,101.340,2000.0,3000.0,5227.4,5227.4,5250.0,62.6,47.6,45.7,62.6,63.7,Ne,Ne,Ne,9.818,5.675,6.7,30,59,48,26,1.172,5.040,3.408,3.328,12.192,1.101,1.234,3.392,3.280,3.328,1.056,1.056,1.048,1.359,1.814,0.912,3.344,0.064,0.056,0.048,0.048,1.016,1.016,1304,1062,2727,51.9,58.3,47,47,22524120,1.187,1.238,605882,56,13,7391980,82,18,6810254,182.7,1.9,43.8,1.365,1.365,1.800,1.800,1.005,5.040,1.000,Ne,Ne,Ne,42.0,1.365,1.365,1.815,1.800,1.005,5.040,0.875,Ne,Ne,Ne,62,78,99.0,100.0,Ne,Ne,30664,54296,0.9,0.1,1.1,3.791,0.437,89019,222637,56.0,66.0,72.0,1.037,1312,3063.0,2238.0,96.0,95.4,24.0,1.9,1.9,25.0,10905,1139,32.0,346090,0.0,44.9,0.725,34.000,17.000,65.000,600.0,3000.0,1200.0,100.0,0.0,0.0,0.0,0.0,0.0,0.0,0.0,0.0,0,0,16.0,246,Ne,Ne,Ne,211.2,211.0,4.73,4.71,0.00,4.59,0.14,0,0,0.0,0.0,0,0,0.0,0.0,0,0,0.0,0.0,157777,4551,143.2,11.2,0,0.0,
20.5.2026,12:48:32.154,33580,9579,77.8,19800,12095,62.0,0.7,1.201,1.205,1.195,1.195,1.205,1.205,1.205,1.205,1.195,5225.0,5225.0,5225.0,5225.0,5225.0,5225.0,5225.0,5225.0,5225.0,100.0,3300.9,4907.3,3533.6,3026.0,3166.2,3436.7,3614.1,2697.4,2931.7,4011.2,3601.8,3337.7,3466.4,2422.5,2602.0,2612.9,3446.2,3300.9,60.1,81.4,65.2,55.6,57.9,63.2,66.3,49.2,53.3,74.4,66.1,61.5,63.6,43.6,47.1,48.0,64.4,81.4,60.1,69.0,92.6,74.7,64.0,66.9,72.7,76.5,56.7,61.7,85.1,76.3,70.6,73.3,50.6,54.6,55.0,72.9,69.0,52.2,52.2,52.2,52.2,52.2,52.2,52.2,52.2,52.2,0.0,83.5,93.9,78.5,85.2,75.3,90.8,82.8,72.2,89.4,16.2,6.1,21.5,14.8,24.6,9.2,17.2,26.0,10.6,0.2,0.0,0.0,0.0,0.1,0.0,0.0,1.8,0.0,3000.0,30.00,30,40,40,76,116,884,1,63.0,61.5,64.6,57.2,58.1,54.2,60.3,55.2,60.0,57.3,55.7,56.6,46.8,46.8,51.2,43.5,47.0,47.0,60.0,1.195,1.250,1.100,57.794,14.659,57.810,82.500,7.498,102.401,6.951,7.441,6.625,7.311,6.313,7.519,7.110,5.963,7.327,69.025,18.324,95.597,102.378,2000.0,3000.0,5228.1,5228.1,5250.0,63.2,48.2,45.8,63.2,64.7,Ne,Ne,Ne,8.856,4.941,6.7,30,62,51,26,1.190,5.040,3.408,3.328,12.192,1.101,1.243,3.408,3.280,3.328,1.056,1.056,1.048,1.350,1.814,0.912,3.344,0.064,0.048,0.048,0.048,1.016,1.016,1358,1107,2727,51.9,58.3,47,47,22524216,1.195,1.238,605884,44,14,7392092,84,18,6810363,182.7,1.9,43.8,1.365,1.365,1.815,1.815,1.005,5.040,0.625,Ne,Ne,Ne,42.0,1.365,1.365,1.815,1.800,1.005,5.040,0.750,Ne,Ne,Ne,62,78,99.0,100.0,Ne,Ne,30664,54296,0.2,0.1,0.3,0.153,0.886,89019,222639,56.0,66.0,69.0,0.821,1311,2332.0,2210.0,72.0,91.4,18.0,1.9,1.9,24.0,10905,1155,32.0,346090,0.0,45.1,0.725,39.000,17.000,71.000,600.0,3000.0,1200.0,100.0,0.0,0.0,0.0,0.0,0.0,0.0,0.0,0.0,0,0,16.0,246,Ne,Ne,Ne,227.1,226.7,4.40,4.41,0.00,4.26,0.15,0,0,0.0,0.0,0,0,0.0,0.0,0,0,0.0,0.0,157778,4551,447.1,15.5,0,0.0,
20.5.2026,12:48:34.157,33580,9579,77.8,19798,12097,62.0,0.7,1.197,1.200,1.195,1.195,1.195,1.195,1.195,1.200,1.200,5225.0,5225.0,5225.0,5225.0,5225.0,5225.0,5225.0,5225.0,5225.0,100.0,3143.4,4849.9,3572.5,2668.3,3135.8,3309.5,3543.8,2106.3,2942.2,3734.3,3639.2,2993.5,3389.0,1959.3,2553.1,2498.4,3399.3,3143.4,56.7,76.2,66.4,47.9,57.5,61.0,65.2,37.3,53.1,69.2,66.8,54.8,62.2,34.7,44.9,46.0,64.0,76.2,56.7,65.1,86.8,75.7,55.2,66.4,70.1,75.1,43.1,61.3,79.2,77.1,63.2,71.8,40.1,52.1,52.3,72.2,65.1,52.2,52.2,52.2,52.2,52.2,52.2,52.2,52.2,52.2,0.0,81.7,92.8,75.6,84.2,70.8,89.3,78.9,68.8,93.2,18.3,7.2,24.4,15.8,29.2,10.7,21.1,31.2,6.8,0.0,0.0,0.0,0.0,0.0,0.0,0.0,0.0,0.0,3000.0,30.00,30,40,40,76,116,884,1,62.9,60.8,61.1,56.6,57.8,53.1,59.8,53.9,59.8,56.2,54.8,57.0,46.6,46.6,51.0,43.4,47.0,47.0,60.0,1.195,1.250,1.100,56.661,14.575,56.646,84.000,7.499,100.754,6.769,7.350,6.356,7.149,5.884,7.477,6.769,5.616,7.551,67.647,18.219,94.116,100.777,2000.0,3000.0,5228.5,5228.5,5250.0,62.2,47.2,46.7,62.2,64.0,Ne,Ne,Ne,7.716,4.325,6.5,30,63,52,26,1.190,5.040,3.408,3.328,12.192,1.101,1.243,3.408,3.280,3.328,1.056,1.056,1.048,1.350,1.814,0.920,3.344,0.064,0.048,0.048,0.048,1.016,1.016,1380,1143,2721,51.9,58.3,47,47,22524318,1.203,1.238,605887,38,14,7392180,92,21,6810450,182.7,1.9,44.0,1.365,1.365,1.815,1.800,1.005,5.040,0.875,Ne,Ne,Ne,42.0,1.365,1.365,1.815,1.800,1.005,5.040,1.125,Ne,Ne,Ne,62,78,99.0,100.0,Ne,Ne,30664,54296,0.1,0.1,0.2,0.745,1.200,89020,222641,56.0,66.0,73.0,1.069,1297,3149.0,2238.0,100.0,97.6,26.0,2.2,2.2,23.0,10905,1155,32.0,346090,0.0,45.2,0.725,47.000,18.000,81.000,600.0,3000.0,1200.0,100.0,0.0,0.0,0.0,0.0,0.0,0.0,0.0,0.0,0,0,16.0,246,Ne,Ne,Ne,214.7,215.6,4.66,4.59,1.19,4.52,0.14,0,0,0.0,0.0,0,0,0.0,0.0,0,0,0.0,0.0,157779,4551,228.8,11.9,0,0.0,
20.5.2026,12:48:36.150,34408,8750,79.7,20157,11738,63.1,0.7,1.178,1.175,1.170,1.170,1.170,1.185,1.185,1.185,1.185,5225.0,5225.0,5225.0,5225.0,5225.0,5225.0,5225.0,5225.0,5225.0,100.0,2576.8,4724.3,3092.1,1865.6,2375.3,2571.4,3243.4,1635.6,2379.9,2524.1,4100.9,2324.1,2866.0,1338.8,2076.4,1649.5,2461.2,2576.8,45.0,67.0,57.0,32.5,42.4,46.0,58.9,28.0,42.0,45.8,76.7,41.3,51.4,22.6,36.5,28.3,43.7,76.7,45.0,52.3,76.5,65.1,38.1,49.4,53.8,68.3,33.2,49.2,52.9,87.1,48.3,59.9,26.9,42.8,33.8,51.1,52.3,52.2,52.2,52.2,52.2,52.2,52.2,52.2,52.2,52.2,0.0,69.7,90.3,61.6,77.4,57.8,90.1,69.9,51.4,58.9,29.3,9.7,37.4,22.6,40.2,9.9,30.0,46.0,38.5,1.0,0.0,1.0,0.0,2.0,0.0,0.2,2.6,2.6,3000.0,30.00,30,40,40,76,116,884,1,61.8,57.7,57.6,51.9,54.7,48.5,55.9,49.4,56.4,51.1,50.6,48.0,44.5,44.5,51.5,43.1,46.9,47.0,60.0,1.185,1.250,1.100,45.453,14.337,45.480,80.000,7.460,86.531,5.376,6.537,4.834,6.067,4.639,6.666,5.555,4.248,4.463,53.866,17.922,79.994,86.605,2000.0,3000.0,5232.4,5232.4,5250.0,53.5,37.9,44.4,53.5,60.8,Ne,Ne,Ne,5.894,3.468,5.6,30,63,51,26,1.199,5.040,3.408,3.328,12.192,1.101,1.243,3.408,3.280,3.328,1.056,1.056,1.048,1.359,1.814,0.920,3.344,0.064,0.048,0.048,0.048,1.016,1.016,1407,1143,2721,51.9,58.3,47,47,22524422,1.210,1.238,605889,61,15,7392256,62,18,6810527,182.7,1.9,43.8,1.365,1.365,1.815,1.800,0.990,5.040,0.625,Ne,Ne,Ne,42.0,1.365,1.365,1.815,1.800,0.990,5.040,1.000,Ne,Ne,Ne,62,78,99.0,100.0,Ne,Ne,30664,54296,0.2,0.6,0.7,0.451,5.012,89021,222651,56.0,66.0,73.0,1.062,1280,3145.0,2238.0,100.0,97.0,26.0,2.2,2.2,23.0,10905,1155,32.0,346090,0.0,45.1,0.725,60.000,18.000,94.000,600.0,3000.0,1200.0,100.0,0.0,0.0,0.0,0.0,0.0,0.0,0.0,0.0,0,0,16.0,246,Ne,Ne,Ne,4444.4,0.0,0.22,0.24,0.01,0.00,0.22,0,0,0.0,0.0,0,0,0.0,0.0,0,0,0.0,0.0,157779,4551,35.8,6.5,0,0.0,
20.5.2026,12:48:38.150,34270,8889,79.4,20056,11838,62.8,0.7,1.183,1.165,1.190,1.185,1.185,1.185,1.185,1.185,1.185,5153.6,5225.0,5225.0,5225.0,5225.0,5225.0,5225.0,5225.0,4653.5,100.0,2244.5,4817.0,2759.7,1486.3,2281.8,2162.0,2972.7,1111.1,2178.5,2458.7,3611.7,1836.3,2586.5,957.9,1752.0,985.6,1954.7,2244.5,39.4,76.6,50.5,25.7,40.4,37.9,54.4,18.9,38.6,44.1,67.2,32.0,46.0,16.4,30.6,16.7,34.3,76.6,39.4,45.5,86.4,57.6,30.2,46.9,44.2,62.7,22.4,44.7,51.0,76.7,37.5,53.3,19.4,35.5,19.9,39.9,45.5,51.5,52.2,52.2,52.2,52.2,52.2,52.2,52.2,46.5,0.0,62.6,92.0,54.4,68.4,51.0,81.9,60.3,44.0,49.0,36.6,8.0,45.6,31.6,47.8,18.1,39.7,53.1,49.3,0.7,0.0,0.0,0.0,1.3,0.0,0.0,2.8,1.7,3000.0,30.00,30,40,40,76,116,884,1,59.9,54.7,56.8,49.1,53.1,46.3,52.9,46.8,52.9,48.0,47.7,45.2,42.8,42.8,51.2,43.2,46.7,47.0,60.0,1.182,1.250,1.100,41.302,14.334,41.306,77.250,7.440,81.468,4.815,6.366,4.385,5.442,4.090,5.960,4.829,3.688,3.755,48.744,17.917,74.844,81.455,2000.0,3000.0,5234.0,5234.0,5250.0,50.3,34.4,42.9,50.3,57.5,Ne,Ne,Ne,6.375,3.576,5.0,30,61,50,26,1.172,5.040,3.408,3.328,12.192,1.101,1.243,3.408,3.280,3.328,1.056,1.056,1.048,1.359,1.814,0.920,3.344,0.064,0.048,0.048,0.048,1.016,1.016,1381,1148,2721,51.9,58.3,47,47,22524524,1.183,1.238,605892,53,15,7392378,12,17,6810645,182.7,1.9,43.8,1.350,1.365,1.815,1.800,0.990,5.040,1.250,Ne,Ne,Ne,42.0,1.365,1.365,1.815,1.800,0.990,5.040,1.000,Ne,Ne,Ne,62,78,99.0,100.0,Ne,Ne,30664,54296,0.1,0.1,0.2,0.286,0.817,89022,222653,55.0,67.0,72.0,0.994,1254,2970.0,2238.0,100.0,71.5,31.0,1.1,1.1,22.0,11223,1194,32.0,347692,0.0,45.0,0.725,41.000,17.000,74.000,600.0,3000.0,1200.0,100.0,0.0,0.0,0.0,0.0,0.0,0.0,0.0,0.0,0,0,16.0,246,Ne,Ne,Ne,125.4,125.5,7.98,7.26,0.00,7.86,0.12,0,0,0.0,0.0,0,0,0.0,0.0,0,0,0.0,0.0,157779,4551,52.6,15.9,0,0.0,
20.5.2026,12:48:40.151,34253,8905,79.3,20047,11847,62.8,0.7,1.181,1.185,1.190,1.190,1.190,1.170,1.170,1.175,1.175,5225.0,5225.0,5225.0,5225.0,5225.0,5225.0,5225.0,5225.0,5225.0,100.0,2042.8,4608.5,2438.8,1319.3,2067.8,2116.5,2796.1,1145.1,1631.0,3024.7,2891.0,1844.1,2256.7,938.0,1403.0,879.4,1325.6,2042.8,36.2,75.2,43.8,23.4,36.6,37.6,51.7,20.4,28.7,55.9,53.1,32.5,39.9,16.5,24.7,15.4,23.2,75.2,36.2,41.3,84.7,49.8,26.8,42.0,43.2,59.3,23.2,32.9,63.4,60.5,37.4,45.9,18.8,28.2,17.5,26.6,41.3,52.2,52.2,52.2,52.2,52.2,52.2,52.2,52.2,52.2,0.0,58.9,88.1,52.1,66.3,46.3,81.2,57.6,40.9,39.0,41.1,11.9,47.9,33.7,53.7,18.8,42.4,59.1,61.0,0.0,0.0,0.0,0.0,0.0,0.0,0.0,0.0,0.0,3000.0,30.00,30,40,40,76,116,884,1,58.5,54.1,52.9,48.1,52.2,45.4,52.0,45.6,52.4,47.0,46.8,43.7,42.3,42.3,50.8,42.9,46.1,46.9,60.0,1.181,1.250,1.100,39.476,14.328,39.480,73.000,7.421,79.233,4.593,6.181,4.171,5.225,3.786,5.931,4.648,3.493,3.312,46.539,17.910,72.611,79.215,2000.0,3000.0,5234.5,5234.5,5250.0,48.9,32.9,40.6,48.9,57.0,Ne,Ne,Ne,6.372,3.650,4.7,30,59,49,26,1.172,5.040,3.408,3.328,12.288,1.101,1.243,3.408,3.280,3.328,1.056,1.056,1.048,1.359,1.814,0.920,3.344,0.064,0.056,0.048,0.048,1.016,1.016,1362,1121,1831,51.9,58.3,46,47,22524624,1.179,1.238,605894,48,15,7392484,53,18,6810749,182.7,1.9,43.8,1.365,1.350,1.815,1.800,0.990,5.040,1.000,Ne,Ne,Ne,41.8,1.365,1.365,1.815,1.800,0.990,5.040,1.125,Ne,Ne,Ne,62,78,99.0,100.0,Ne,Ne,30664,54296,0.5,0.4,0.9,0.625,0.313,89023,222653,55.0,68.0,73.0,0.986,1214,2945.0,2238.0,100.0,91.8,30.0,1.3,1.3,21.0,11289,1194,32.0,347818,0.0,44.8,0.725,30.000,17.000,62.000,600.0,3000.0,1200.0,100.0,0.0,0.0,0.0,0.0,0.0,0.0,0.0,0.0,0,0,16.0,246,Ne,Ne,Ne,133.1,133.1,7.51,7.51,0.00,7.40,0.11,0,0,0.0,0.0,0,0,0.0,0.0,0,0,0.0,0.0,157779,4551,105.6,20.1,0,0.0,
20.5.2026,12:48:42.150,34218,8941,79.2,20069,11826,62.9,0.7,1.176,1.175,1.175,1.175,1.175,1.175,1.175,1.180,1.180,5225.0,5225.0,5225.0,5225.0,5225.0,5225.0,5225.0,5225.0,5225.0,100.0,2039.8,4585.9,2399.6,1557.6,1846.1,2192.9,2651.9,1303.1,1418.2,3098.9,2744.2,1947.9,2144.6,1312.3,1063.2,1353.7,1016.6,2039.8,35.8,75.1,42.7,27.1,32.3,38.6,47.4,22.8,24.6,57.5,49.9,34.1,37.8,23.0,18.3,23.9,17.4,75.1,35.8,41.3,84.8,49.1,31.7,37.6,44.9,54.8,26.5,28.7,65.4,57.3,39.7,43.9,26.7,21.5,27.7,20.5,41.3,52.2,52.2,52.2,52.2,52.2,52.2,52.2,52.2,52.2,0.0,58.5,87.6,51.1,65.3,44.3,80.6,57.2,40.4,41.3,41.5,12.4,48.9,34.7,55.7,19.4,42.8,59.6,58.7,0.0,0.0,0.0,0.0,0.0,0.0,0.0,0.0,0.0,3000.0,30.00,30,40,40,76,116,884,1,57.4,53.6,52.9,48.1,52.0,45.4,51.9,45.5,52.0,47.0,46.7,44.1,42.2,42.2,50.5,42.8,46.0,46.8,60.0,1.182,1.250,1.100,39.292,14.316,39.296,77.000,7.403,78.959,4.591,6.128,4.158,5.266,3.727,5.855,4.643,3.461,3.494,46.334,17.895,72.373,78.998,2000.0,3000.0,5234.3,5234.3,5250.0,48.8,32.7,42.8,48.8,56.5,Ne,Ne,Ne,6.556,3.807,4.7,30,58,47,26,1.172,5.040,3.408,3.328,12.192,1.101,1.234,3.408,3.280,3.328,1.056,1.056,1.048,1.359,1.814,0.920,3.344,0.064,0.056,0.048,0.048,1.016,1.016,1299,1073,2721,51.9,58.3,46,47,22524720,1.187,1.238,605896,61,14,7392580,32,17,6810843,182.7,1.9,43.8,1.365,1.365,1.800,1.800,0.990,5.040,1.375,Ne,Ne,Ne,41.8,1.365,1.365,1.815,1.800,0.990,5.040,0.875,Ne,Ne,Ne,62,78,99.0,100.0,Ne,Ne,30664,54296,0.4,2.3,2.6,0.226,1.075,89023,222655,56.0,68.0,73.0,0.993,1197,2967.0,2238.0,100.0,99.2,32.0,1.3,1.3,21.0,11289,1194,32.0,347832,0.0,44.7,0.725,22.000,17.000,53.000,600.0,3000.0,1200.0,100.0,0.0,0.0,0.0,0.0,0.0,0.0,0.0,0.0,0,0,16.0,246,Ne,Ne,Ne,130.4,130.7,7.67,7.65,0.00,7.56,0.12,0,0,0.0,0.0,0,0,0.0,0.0,0,0,0.0,0.0,157781,4551,935.2,32.4,0,0.0,
20.5.2026,12:48:44.154,34229,8930,79.3,20067,11828,62.9,0.7,1.172,1.185,1.175,1.175,1.170,1.170,1.170,1.170,1.165,5225.0,5225.0,5225.0,5225.0,5225.0,5225.0,5225.0,5225.0,5225.0,100.0,2012.2,4499.0,2370.0,1826.7,1520.4,2218.2,2577.9,1569.5,1167.4,2541.6,3280.7,2025.5,1979.7,1655.1,656.3,1467.5,839.3,2012.2,35.2,73.5,42.4,32.0,26.2,38.7,45.9,27.6,20.1,45.8,61.0,35.5,34.3,29.1,11.0,25.3,14.1,73.5,35.2,40.6,83.0,48.7,37.2,30.7,45.2,53.0,31.9,23.6,52.6,69.4,41.3,40.1,33.5,13.2,29.4,16.8,40.6,52.2,52.2,52.2,52.2,52.2,52.2,52.2,52.2,52.2,0.0,57.7,86.0,50.2,64.5,44.8,80.7,55.6,40.1,40.2,42.1,14.0,49.8,35.5,54.9,19.3,44.4,59.5,59.5,0.1,0.0,0.0,0.0,0.3,0.0,0.0,0.4,0.3,3000.0,30.00,30,40,40,76,116,884,1,56.5,53.6,52.0,47.8,51.8,45.1,51.7,45.3,52.0,46.6,46.6,43.6,42.2,42.2,51.0,42.9,46.0,46.6,60.0,1.181,1.250,1.100,38.523,14.321,38.541,75.500,7.410,78.093,4.511,6.021,4.109,5.172,3.693,5.827,4.513,3.408,3.346,45.406,17.901,71.458,78.087,2000.0,3000.0,5234.0,5234.0,5250.0,48.2,32.1,41.9,48.2,56.4,Ne,Ne,Ne,6.364,3.702,4.6,30,57,46,26,1.172,5.040,3.408,3.328,12.192,1.101,1.243,3.408,3.280,3.328,1.072,1.056,1.048,1.350,1.814,0.912,3.344,0.064,0.048,0.048,0.048,1.016,1.016,1278,1033,2721,51.9,58.3,46,47,22524814,1.183,1.238,605899,11,14,7392702,57,17,6810961,182.7,1.9,43.8,1.365,1.365,1.800,1.800,0.990,5.040,0.750,Ne,Ne,Ne,41.8,1.365,1.365,1.800,1.800,0.990,5.040,0.875,Ne,Ne,Ne,62,78,99.0,100.0,Ne,Ne,30664,54296,0.7,0.7,1.4,1.423,1.025,89026,222657,56.0,68.0,73.0,0.981,1216,2927.0,2238.0,100.0,99.1,28.0,1.5,1.5,24.0,11289,1194,32.0,347832,0.0,44.6,0.725,16.000,19.000,117.000,600.0,3000.0,1200.0,100.0,0.0,0.0,0.0,0.0,0.0,0.0,0.0,0.0,0,0,16.0,246,Ne,Ne,Ne,122.2,122.0,8.18,8.19,0.00,8.07,0.11,0,0,0.0,0.0,0,0,0.0,0.0,0,0,0.0,0.0,157781,4551,156.0,20.0,0,0.0,
20.5.2026,12:48:46.154,34154,9005,79.1,20034,11861,62.8,0.7,1.184,1.175,1.180,1.180,1.180,1.180,1.185,1.195,1.195,5225.0,5225.0,5225.0,5225.0,5225.0,5225.0,5225.0,5225.0,5225.0,100.0,2190.1,4676.3,2486.8,2094.6,1730.0,2413.3,2701.2,1761.1,1338.7,2706.2,3134.7,2262.7,2144.8,1811.9,912.2,1728.9,1139.0,2190.1,38.5,76.8,44.6,37.0,30.0,42.4,48.9,31.1,23.1,49.5,57.6,40.0,37.2,32.0,15.8,30.2,19.6,76.8,38.5,44.2,86.6,50.9,42.6,34.9,49.1,56.1,35.7,26.8,56.7,65.9,46.1,43.3,36.5,18.3,34.9,22.9,44.2,52.2,52.2,52.2,52.2,52.2,52.2,52.2,52.2,52.2,0.0,61.8,89.4,55.8,68.6,48.4,78.9,60.0,44.9,48.3,38.2,10.6,44.2,31.4,51.6,21.1,40.0,55.1,51.7,0.0,0.0,0.0,0.0,0.0,0.0,0.0,0.0,0.0,3000.0,30.00,30,40,40,76,116,884,1,56.5,54.2,55.0,48.5,52.4,46.1,52.5,46.2,52.4,47.4,47.3,43.9,42.4,42.4,51.5,43.3,46.0,46.4,60.0,1.182,1.250,1.100,40.223,14.422,40.188,78.000,7.408,80.245,4.779,6.259,4.446,5.472,4.024,5.957,4.833,3.728,3.513,47.430,18.027,73.606,80.208,2000.0,3000.0,5233.3,5233.3,5250.0,49.5,33.5,43.3,49.5,57.0,Ne,Ne,Ne,6.974,4.012,4.9,31,56,45,26,1.181,5.040,3.408,3.328,12.192,1.101,1.243,3.408,3.280,3.328,1.056,1.056,1.048,1.359,1.814,0.912,3.344,0.064,0.056,0.048,0.048,1.016,1.016,1252,1016,2721,51.9,58.3,46,46,22524906,1.171,1.238,605901,22,14,7392724,50,18,6810987,182.7,1.9,43.8,1.365,1.365,1.800,1.815,1.005,5.040,1.750,Ne,Ne,Ne,41.8,1.365,1.365,1.800,1.815,0.990,5.040,1.250,Ne,Ne,Ne,62,78,99.0,100.0,Ne,Ne,30664,54296,0.4,0.1,0.6,3.701,0.480,89033,222658,56.0,68.0,74.0,0.993,1284,2972.0,2238.0,100.0,98.6,27.0,1.4,1.4,27.0,11289,1194,32.0,347832,0.0,44.6,0.725,35.000,18.000,68.000,600.0,3000.0,1200.0,100.0,0.0,0.0,0.0,0.0,0.0,0.0,0.0,0.0,0,0,16.0,246,Ne,Ne,Ne,127.0,127.5,7.87,7.84,0.00,7.75,0.12,0,0,0.0,0.0,0,0,0.0,0.0,0,0,0.0,0.0,157781,4551,46.3,18.0,0,0.0,
20.5.2026,12:48:48.152,34157,9002,79.1,20027,11868,62.7,0.7,1.189,1.190,1.195,1.195,1.180,1.185,1.185,1.185,1.195,5225.0,5225.0,5225.0,5225.0,5225.0,5225.0,5225.0,5225.0,5225.0,100.0,2163.5,4687.2,2463.1,2047.8,1642.1,2488.1,2599.2,1719.3,1275.3,3215.3,2552.3,2295.6,2006.3,1773.9,911.7,1763.5,1175.1,2163.5,37.6,77.1,44.0,35.8,27.9,43.7,46.3,29.8,21.3,59.4,45.6,40.6,34.4,31.0,15.1,30.3,20.0,77.1,37.6,43.9,87.2,50.8,41.8,33.2,51.1,54.0,34.9,25.6,68.0,53.1,47.3,40.8,36.2,18.4,35.7,23.9,43.9,52.2,52.2,52.2,52.2,52.2,52.2,52.2,52.2,52.2,0.0,60.9,89.6,53.8,68.8,46.6,78.3,59.2,43.9,47.0,39.1,10.4,46.2,31.2,53.4,21.7,40.8,56.1,53.0,0.0,0.0,0.0,0.0,0.0,0.0,0.0,0.0,0.0,3000.0,30.00,30,40,40,76,116,884,1,56.5,54.2,51.5,48.7,52.6,46.0,52.6,46.1,52.4,47.6,47.4,44.8,42.5,42.5,50.5,42.8,46.1,46.3,60.0,1.183,1.250,1.100,39.778,14.359,39.782,81.000,7.418,79.730,4.765,6.281,4.345,5.489,3.886,5.910,4.801,3.684,3.726,46.977,17.949,73.086,79.729,2000.0,3000.0,5233.7,5233.7,5250.0,49.2,33.2,45.0,49.2,57.0,Ne,Ne,Ne,6.670,4.053,4.9,31,56,45,26,1.172,5.040,3.408,3.328,12.192,1.101,1.243,3.408,3.280,3.328,1.056,1.056,1.048,1.350,1.814,0.912,3.344,0.064,0.048,0.048,0.048,1.016,1.016,1225,974,2721,51.9,58.3,46,46,22524996,1.179,1.238,605903,36,15,7392768,23,18,6811033,182.7,1.9,43.8,1.365,1.365,1.800,1.815,1.005,5.040,1.000,Ne,Ne,Ne,41.8,1.365,1.365,1.800,1.815,1.005,5.040,0.875,Ne,Ne,Ne,62,78,99.0,100.0,Ne,Ne,30664,54296,0.3,0.1,0.3,0.783,0.926,89035,222660,56.0,68.0,74.0,0.994,1378,2974.0,2238.0,100.0,99.3,27.0,1.5,1.5,29.0,11289,1210,32.0,347832,0.0,44.6,0.725,17.000,18.000,115.000,600.0,3000.0,1200.0,100.0,0.0,0.0,0.0,0.0,0.0,0.0,0.0,0.0,0,0,16.0,246,Ne,Ne,Ne,116.6,116.2,8.58,8.60,0.00,8.46,0.11,0,0,0.0,0.0,0,0,0.0,0.0,0,0,0.0,0.0,157782,4552,142.1,18.1,0,0.0,
20.5.2026,12:48:50.150,34109,9050,79.0,20000,11895,62.7,0.7,1.176,1.175,1.180,1.180,1.180,1.180,1.180,1.165,1.165,5225.0,5225.0,5225.0,5225.0,5225.0,5225.0,5225.0,5225.0,5225.0,100.0,2081.1,4566.8,2373.5,1954.6,1606.6,2388.6,2578.7,1638.0,1284.9,3287.4,2564.6,2178.6,2040.5,1605.3,798.2,1636.9,794.5,2081.1,36.3,74.5,42.6,34.3,27.6,42.0,46.0,28.8,22.0,61.2,46.1,38.2,35.0,27.7,13.5,28.4,12.7,74.5,36.3,41.9,84.3,48.8,39.7,32.4,48.9,53.2,33.2,25.8,69.5,53.1,44.4,41.2,32.5,15.8,32.9,15.4,41.9,52.2,52.2,52.2,52.2,52.2,52.2,52.2,52.2,52.2,0.0,59.2,87.3,52.3,67.8,45.5,81.5,58.9,40.2,40.2,40.8,12.7,47.7,32.2,54.5,18.5,41.1,59.8,59.8,0.0,0.0,0.0,0.0,0.0,0.0,0.0,0.0,0.0,3000.0,30.00,30,40,40,76,116,884,1,56.4,53.7,54.6,48.1,51.9,45.6,52.0,45.7,52.1,47.2,46.5,43.9,42.1,42.1,50.5,42.8,46.0,46.1,60.0,1.181,1.250,1.100,37.968,14.329,37.996,79.500,7.401,77.448,4.624,6.126,4.228,5.370,3.787,5.944,4.702,3.446,3.390,44.769,17.911,70.821,77.491,2000.0,3000.0,5234.1,5234.1,5250.0,47.8,31.7,44.2,47.8,56.6,Ne,Ne,Ne,6.697,4.011,4.7,31,56,45,26,1.172,5.040,3.408,3.328,12.192,1.101,1.243,3.408,3.280,3.328,1.056,1.056,1.048,1.350,1.814,0.912,3.344,0.064,0.048,0.048,0.048,1.016,1.016,1236,1017,2749,51.9,58.3,46,46,22525086,1.183,1.238,605906,25,14,7392840,45,18,6811105,182.7,1.9,43.8,1.350,1.365,1.800,1.815,1.005,5.040,0.625,Ne,Ne,Ne,41.8,1.365,1.365,1.800,1.815,1.005,5.040,1.500,Ne,Ne,Ne,62,78,99.0,100.0,Ne,Ne,30664,54296,0.7,0.1,0.8,4.344,0.804,89043,222661,56.0,68.0,74.0,0.971,1476,2896.0,2238.0,100.0,98.2,26.0,1.4,1.4,32.0,11289,1210,32.0,347832,0.0,44.7,0.725,16.000,16.000,47.000,600.0,3000.0,1200.0,100.0,0.0,0.0,0.0,0.0,0.0,0.0,0.0,0.0,0,0,16.0,246,Ne,Ne,Ne,127.2,126.8,7.86,7.87,0.00,7.75,0.11,0,0,0.0,0.0,0,0,0.0,0.0,0,0,0.0,0.0,157782,4552,124.8,22.2,0,0.0,
20.5.2026,12:48:52.148,34170,8989,79.1,20032,11863,62.8,0.7,1.186,1.190,1.185,1.185,1.185,1.185,1.185,1.185,1.185,5225.0,5225.0,5225.0,5225.0,5225.0,5225.0,5225.0,5225.0,5225.0,100.0,1971.5,4559.0,2321.7,1778.9,1521.8,2126.8,2591.0,1379.8,1306.2,2303.3,3237.6,1919.3,2048.0,1385.0,885.1,1321.9,858.3,1971.5,34.5,74.1,41.7,31.3,26.4,37.2,46.2,24.1,22.6,41.1,60.0,33.6,35.8,24.9,15.4,22.9,14.4,74.1,34.5,39.7,83.5,47.7,36.2,30.8,43.3,53.3,27.9,26.3,47.4,68.3,39.0,41.6,27.9,17.8,26.5,17.0,39.7,52.2,52.2,52.2,52.2,52.2,52.2,52.2,52.2,52.2,0.0,56.7,87.1,49.7,64.4,43.4,76.8,55.2,39.0,37.8,43.3,12.9,50.3,35.6,56.6,23.2,44.8,61.0,62.2,0.0,0.0,0.0,0.0,0.0,0.0,0.0,0.0,0.0,3000.0,30.00,30,40,40,76,116,884,1,55.9,53.2,55.5,47.5,51.6,44.9,51.3,45.0,51.2,46.4,46.1,43.4,41.9,41.9,51.2,42.9,46.0,46.1,60.0,1.181,1.250,1.100,37.206,14.279,37.190,79.250,7.393,76.357,4.425,6.012,3.992,5.140,3.591,5.659,4.445,3.329,3.233,43.834,17.849,69.815,76.361,2000.0,3000.0,5234.5,5234.5,5250.0,47.1,31.0,44.0,47.1,56.0,Ne,Ne,Ne,5.833,3.339,4.5,31,56,45,26,1.172,5.040,3.408,3.328,12.288,1.101,1.243,3.408,3.280,3.328,1.056,1.056,1.048,1.359,1.814,0.912,3.344,0.064,0.056,0.048,0.048,1.016,1.016,1230,971,2749,51.9,58.3,46,46,22525176,1.191,1.238,605908,29,15,7392890,81,17,6811157,182.7,1.9,43.8,1.365,1.365,1.800,1.815,1.005,5.040,2.375,Ne,Ne,Ne,41.8,1.365,1.365,1.800,1.815,1.005,5.040,0.750,Ne,Ne,Ne,62,78,99.0,100.0,Ne,Ne,30664,54296,0.5,0.1,0.5,3.919,0.749,89051,222663,56.0,68.0,74.0,0.989,1556,2953.0,2238.0,100.0,99.4,31.0,1.3,1.3,34.0,11289,1194,32.0,347832,0.0,44.6,0.725,45.000,17.000,77.000,600.0,3000.0,1200.0,100.0,0.0,0.0,0.0,0.0,0.0,0.0,0.0,0.0,0,0,16.0,246,Ne,Ne,Ne,122.6,122.4,8.16,8.17,0.00,8.05,0.11,0,0,0.0,0.0,0,0,0.0,0.0,0,0,0.0,0.0,157782,4552,42.8,17.8,0,0.0,
20.5.2026,12:48:54.149,34168,8990,79.1,20021,11874,62.7,0.7,1.184,1.175,1.185,1.185,1.185,1.185,1.185,1.185,1.185,5225.0,5225.0,5225.0,5225.0,5225.0,5225.0,5225.0,5225.0,5225.0,100.0,1937.2,4351.0,2285.4,1402.4,1765.9,1905.6,2634.5,1122.1,1491.7,2444.7,3349.0,1776.3,2074.7,1174.1,1092.1,963.9,1161.5,1937.2,33.9,70.8,40.6,24.3,30.9,33.2,47.2,19.5,26.0,44.2,62.3,31.2,36.2,20.6,18.8,16.5,20.2,70.8,33.9,39.1,80.0,46.7,28.4,35.9,38.7,54.4,22.7,30.2,50.8,70.7,36.3,42.1,23.8,21.9,19.3,23.4,39.1,52.2,52.2,52.2,52.2,52.2,52.2,52.2,52.2,52.2,0.0,55.8,83.2,48.0,60.8,43.0,80.4,53.1,39.6,38.0,44.2,16.8,52.0,39.2,57.0,19.6,46.9,60.2,61.9,0.0,0.0,0.0,0.0,0.0,0.0,0.0,0.2,0.1,3000.0,30.00,30,40,40,76,116,884,1,56.4,53.6,55.0,47.3,51.0,44.6,50.9,44.8,52.0,46.1,46.0,43.1,41.6,41.6,51.5,43.2,46.0,46.0,60.0,1.180,1.250,1.100,37.292,14.218,37.282,82.000,7.411,76.389,4.398,5.886,3.902,4.973,3.565,5.979,4.351,3.360,3.169,43.918,17.772,69.843,76.408,2000.0,3000.0,5234.2,5234.2,5250.0,47.2,31.1,45.6,47.2,56.4,Ne,Ne,Ne,5.878,3.462,4.5,31,56,44,26,1.190,5.040,3.408,3.328,12.192,1.101,1.234,3.408,3.280,3.328,1.056,1.056,1.048,1.350,1.814,0.912,3.344,0.064,0.056,0.048,0.048,1.016,1.016,1220,1008,2721,51.9,58.3,46,46,22525266,1.183,1.238,605910,20,14,7392948,12,17,6811216,182.7,1.9,43.8,1.365,1.365,1.800,1.815,1.005,5.040,1.000,Ne,Ne,Ne,41.8,1.365,1.365,1.800,1.815,1.005,5.040,0.750,Ne,Ne,Ne,62,78,99.0,100.0,Ne,Ne,30664,54296,0.3,0.3,0.6,0.138,0.102,89051,222663,56.0,68.0,74.0,0.982,1606,2929.0,2238.0,100.0,98.8,29.0,1.4,1.4,34.0,11289,1210,32.0,347832,0.0,44.6,0.725,48.000,18.000,83.000,600.0,3000.0,1200.0,100.0,0.0,0.0,0.0,0.0,0.0,0.0,0.0,0.0,0,0,16.0,246,Ne,Ne,Ne,142.4,142.9,7.02,7.01,0.00,6.91,0.11,0,0,0.0,0.0,0,0,0.0,0.0,0,0,0.0,0.0,157782,4552,43.4,14.9,0,0.0,
20.5.2026,12:48:56.152,34173,8986,79.1,20027,11868,62.7,0.7,1.183,1.170,1.185,1.185,1.185,1.185,1.185,1.185,1.185,5153.6,5225.0,5225.0,5225.0,5225.0,5225.0,5225.0,4653.5,5225.0,100.0,2309.2,4599.4,2604.0,1709.3,2324.3,2535.5,2888.2,1414.2,2011.7,3346.2,2977.7,2268.3,2496.7,1074.8,1812.8,1196.9,1687.5,2309.2,40.3,75.1,46.4,29.4,40.5,44.9,52.0,24.3,34.8,62.0,54.1,39.9,43.6,18.1,31.5,20.1,28.4,75.1,40.3,47.0,85.1,53.7,34.8,47.4,52.5,60.5,28.8,40.8,70.9,62.6,46.6,51.2,21.7,36.8,24.2,33.9,47.0,51.5,52.2,52.2,52.2,52.2,52.2,52.2,46.5,52.2,0.0,64.7,87.9,58.7,72.2,53.3,85.1,65.3,47.4,47.5,35.3,12.1,41.3,27.8,46.7,14.9,34.7,52.6,52.5,0.0,0.0,0.0,0.0,0.0,0.0,0.0,0.0,0.0,3000.0,30.00,30,40,40,76,116,884,1,57.0,54.9,55.5,49.6,52.9,47.1,53.5,47.5,53.5,48.9,48.0,45.4,42.8,42.8,51.2,43.0,46.0,46.0,60.0,1.182,1.250,1.100,43.303,14.399,43.296,78.250,7.418,83.940,5.024,6.341,4.651,5.776,4.292,6.263,5.148,3.914,3.802,51.098,17.999,77.256,83.914,2000.0,3000.0,5232.6,5232.6,5250.0,51.8,36.1,43.5,51.8,57.8,Ne,Ne,Ne,7.124,4.262,5.2,31,56,45,26,1.181,5.040,3.392,3.328,12.192,1.101,1.234,3.392,3.280,3.328,1.056,1.056,1.048,1.350,1.814,0.912,3.344,0.064,0.048,0.048,0.048,1.016,1.016,1229,978,2721,51.9,58.3,46,46,22525354,1.183,1.238,605913,11,14,7392988,31,17,6811259,182.7,1.9,43.8,1.365,1.365,1.815,1.800,1.005,5.040,1.000,Ne,Ne,Ne,41.8,1.365,1.365,1.815,1.815,1.005,5.040,0.750,Ne,Ne,Ne,62,78,99.0,100.0,Ne,Ne,30664,54296,0.1,1.0,1.1,0.259,0.436,89051,222664,56.0,68.0,73.0,1.006,1630,3010.0,2238.0,100.0,98.9,28.0,1.5,1.5,34.0,11289,1194,32.0,347832,0.0,44.6,0.725,11.000,17.000,109.000,600.0,3000.0,1200.0,100.0,0.0,0.0,0.0,0.0,0.0,0.0,0.0,0.0,0,0,16.0,246,Ne,Ne,Ne,136.7,136.5,7.31,7.32,0.00,7.20,0.11,0,0,0.0,0.0,0,0,0.0,0.0,0,0,0.0,0.0,157782,4552,43.2,20.2,0,0.0,
20.5.2026,12:48:58.151,33881,9277,78.5,19751,12143,61.9,0.7,1.181,1.165,1.180,1.180,1.185,1.185,1.185,1.185,1.185,5225.0,5225.0,5225.0,5225.0,5225.0,5225.0,5225.0,5225.0,5225.0,100.0,2246.0,4789.6,2621.3,1670.9,2259.9,2531.2,2807.9,1293.5,1980.5,2973.6,3086.3,2146.0,2437.4,959.0,1746.1,797.2,1834.9,2246.0,39.4,78.5,47.2,29.3,39.6,44.7,50.7,22.6,34.7,54.3,56.8,37.7,42.8,16.6,30.6,13.2,31.8,78.5,39.4,45.5,88.6,53.9,34.1,46.0,51.8,58.6,26.3,40.2,62.3,65.2,43.8,49.7,19.3,35.3,15.7,37.0,45.5,52.2,52.2,52.2,52.2,52.2,52.2,52.2,52.2,52.2,0.0,63.4,91.5,57.8,70.8,51.6,80.7,63.6,45.9,44.9,36.6,8.5,42.2,29.2,48.4,19.3,36.4,54.1,55.1,0.0,0.0,0.0,0.0,0.0,0.0,0.0,0.0,0.0,3000.0,30.00,30,40,40,76,116,884,1,56.9,54.6,53.0,49.4,53.3,46.8,53.2,47.2,52.9,48.7,47.7,45.2,42.8,42.8,51.2,43.2,46.0,46.0,60.0,1.183,1.250,1.100,42.121,14.414,42.133,78.750,7.412,82.542,4.955,6.479,4.579,5.669,4.210,6.035,5.105,3.819,3.742,49.723,18.017,75.894,82.556,2000.0,3000.0,5233.5,5233.5,5250.0,51.0,35.1,43.8,51.0,57.5,Ne,Ne,Ne,6.950,4.174,5.1,31,56,45,26,1.172,5.040,3.392,3.328,12.288,1.101,1.243,3.408,3.280,3.328,1.056,1.056,1.048,1.359,1.814,0.912,3.344,0.064,0.056,0.048,0.048,1.016,1.016,1252,1015,2749,51.9,58.3,46,46,22525444,1.171,1.238,605915,15,13,7393010,28,17,6811285,182.7,1.9,43.8,1.365,1.365,1.815,1.800,1.005,5.040,1.500,Ne,Ne,Ne,41.8,1.365,1.365,1.815,1.800,1.005,5.040,1.500,Ne,Ne,Ne,62,78,99.0,100.0,Ne,Ne,30664,54296,0.0,0.1,0.1,0.018,0.944,89051,222666,55.0,68.0,73.0,1.000,1638,2990.0,2238.0,100.0,99.5,30.0,1.5,1.5,34.0,11289,1194,32.0,347832,0.0,44.7,0.725,9.000,18.000,107.000,600.0,3000.0,1200.0,100.0,0.0,0.0,0.0,0.0,0.0,0.0,0.0,0.0,0,0,16.0,246,Ne,Ne,Ne,132.2,131.8,7.57,7.58,0.00,7.45,0.11,0,0,0.0,0.0,0,0,0.0,0.0,0,0,0.0,0.0,157782,4552,41.3,16.5,0,0.0,
20.5.2026,12:49:0.150,33953,9206,78.6,19800,12095,62.0,0.7,1.181,1.185,1.180,1.180,1.180,1.180,1.180,1.180,1.180,5225.0,5225.0,5225.0,5225.0,5225.0,5225.0,5225.0,5225.0,5225.0,100.0,2069.9,4657.3,2309.8,1364.7,2003.6,2284.5,2550.1,1046.6,1782.4,2495.5,3197.4,1862.3,2197.3,869.8,1576.2,784.4,2136.7,2069.9,36.5,76.9,41.3,23.7,35.2,40.4,45.9,18.3,31.3,45.1,59.3,32.6,38.4,15.4,27.8,13.4,38.6,76.9,36.5,41.9,86.6,47.3,27.6,40.7,46.7,53.0,21.2,36.1,51.7,67.6,37.9,44.7,17.6,31.9,15.7,44.0,41.9,52.2,52.2,52.2,52.2,52.2,52.2,52.2,52.2,52.2,0.0,59.2,89.0,49.8,65.7,44.4,77.6,56.1,40.6,50.2,40.8,11.0,50.2,34.3,55.6,22.4,43.9,59.4,49.8,0.0,0.0,0.0,0.0,0.0,0.0,0.0,0.0,0.0,3000.0,30.00,30,40,40,76,116,884,1,56.4,53.6,54.1,48.2,52.0,45.4,51.9,45.7,51.8,47.0,46.7,44.7,42.2,42.2,50.8,43.1,46.0,46.0,60.0,1.182,1.250,1.100,38.377,14.285,38.370,76.750,7.396,77.916,4.597,6.133,4.101,5.305,3.740,5.754,4.550,3.489,3.699,45.274,17.857,71.266,77.903,2000.0,3000.0,5234.3,5234.3,5250.0,48.1,32.0,42.6,48.1,56.5,Ne,Ne,Ne,6.679,4.054,4.7,31,56,45,26,1.181,5.040,3.392,3.328,12.192,1.101,1.243,3.392,3.280,3.328,1.056,1.056,1.048,1.350,1.814,0.912,3.344,0.064,0.048,0.048,0.048,1.016,1.016,1238,978,1821,51.9,58.3,46,46,22525534,1.175,1.238,605918,20,13,7393040,56,17,6811318,182.7,1.9,43.8,1.365,1.365,1.815,1.800,1.005,5.040,0.875,Ne,Ne,Ne,41.8,1.365,1.365,1.815,1.800,1.005,5.040,1.625,Ne,Ne,Ne,62,78,99.0,100.0,Ne,Ne,30664,54296,0.6,0.0,0.7,3.975,0.291,89059,222666,55.0,68.0,73.0,0.968,1633,2890.0,2238.0,100.0,99.1,29.0,1.6,1.6,34.0,11289,938,32.0,347832,0.0,44.7,0.725,14.000,17.000,113.000,600.0,3000.0,1200.0,100.0,0.0,0.0,0.0,0.0,0.0,0.0,0.0,0.0,0,0,16.0,246,Ne,Ne,Ne,114.8,114.9,8.71,8.71,0.00,8.59,0.11,0,0,0.0,0.0,0,0,0.0,0.0,0,0,0.0,0.0,157782,4552,45.8,18.4,0,0.0,
20.5.2026,12:49:2.152,33938,9220,78.6,19794,12101,62.0,0.7,1.178,1.165,1.180,1.180,1.180,1.180,1.180,1.180,1.180,5082.1,5225.0,5225.0,5225.0,5225.0,5225.0,5225.0,4653.5,4653.5,100.0,2225.0,4684.4,2594.3,1682.8,2133.9,2501.3,2700.4,1347.8,1856.8,2848.8,3078.5,2149.6,2385.1,1019.7,1694.2,1020.1,1901.5,2225.0,38.4,73.7,46.8,28.7,36.6,43.5,48.3,23.1,31.8,51.7,56.1,37.1,40.9,17.3,29.4,16.5,33.1,73.7,38.4,44.6,83.5,53.7,33.8,42.9,50.7,56.3,27.1,37.2,59.4,64.7,43.4,48.1,20.3,34.1,19.9,38.6,44.6,50.8,52.2,52.2,52.2,52.2,52.2,52.2,46.5,46.5,0.0,62.5,89.5,55.1,71.0,49.2,80.9,62.6,44.2,47.5,37.5,10.5,44.9,29.0,50.8,19.1,37.4,55.8,52.5,0.0,0.0,0.0,0.0,0.0,0.0,0.0,0.0,0.0,3000.0,30.00,30,40,40,76,116,884,1,56.6,54.3,58.5,49.0,52.7,46.5,52.9,46.8,52.7,48.1,47.4,44.7,42.6,42.6,51.5,43.1,46.0,46.0,60.0,1.182,1.250,1.100,40.293,14.318,40.290,78.250,7.411,80.190,4.832,6.322,4.446,5.580,4.058,6.003,4.941,3.702,3.607,47.536,17.897,73.586,80.211,2000.0,3000.0,5233.4,5233.4,5250.0,49.5,33.6,43.5,49.5,57.2,Ne,Ne,Ne,6.615,3.834,5.0,31,56,45,26,1.172,5.040,3.408,3.328,12.288,1.101,1.234,3.408,3.280,3.328,1.056,1.056,1.048,1.350,1.814,0.912,3.344,0.064,0.056,0.048,0.048,1.016,1.016,1238,1007,2772,51.9,58.3,46,46,22525624,1.187,1.238,605920,26,14,7393080,30,17,6811361,182.7,1.9,43.8,1.365,1.365,1.815,1.800,1.005,5.040,0.875,Ne,Ne,Ne,41.8,1.365,1.365,1.815,1.800,1.005,5.040,0.875,Ne,Ne,Ne,62,78,99.0,100.0,Ne,Ne,30664,54296,0.4,0.2,0.7,4.909,1.235,89068,222669,55.0,68.0,73.0,0.983,1627,2936.0,2238.0,100.0,99.3,30.0,1.3,1.3,33.0,11289,954,32.0,347832,0.0,44.7,0.725,34.000,17.000,66.000,600.0,3000.0,1200.0,100.0,0.0,0.0,0.0,0.0,0.0,0.0,0.0,0.0,0,0,16.0,246,Ne,Ne,Ne,119.0,119.8,8.41,8.14,0.00,8.29,0.11,0,0,0.0,0.0,0,0,0.0,0.0,0,0,0.0,0.0,157782,4552,47.3,19.0,0,0.0,
20.5.2026,12:49:4.153,34020,9139,78.8,19831,12064,62.1,0.7,1.177,1.185,1.180,1.165,1.170,1.175,1.175,1.175,1.190,5225.0,5225.0,5225.0,5225.0,5225.0,5225.0,5225.0,5225.0,5225.0,100.0,2163.2,4704.3,2626.9,1827.8,1859.8,2659.3,2396.5,1422.3,1650.2,3040.0,2856.6,2264.9,2129.9,1198.9,1458.7,1117.4,1398.2,2163.2,37.2,73.3,47.1,31.6,31.6,47.7,41.8,24.3,27.9,55.8,51.4,39.3,36.3,20.4,24.9,18.1,23.2,73.3,37.2,43.4,83.1,54.3,37.2,37.5,55.5,49.1,28.7,33.1,64.0,59.6,46.1,43.0,24.1,29.3,22.0,27.8,43.4,52.2,52.2,52.2,52.2,52.2,52.2,52.2,52.2,52.2,0.0,61.1,89.9,54.0,68.9,47.7,80.8,61.1,44.4,41.7,38.9,10.1,46.0,31.1,52.3,19.2,38.9,55.6,58.3,0.0,0.0,0.0,0.0,0.0,0.0,0.0,0.0,0.0,3000.0,30.00,30,40,40,76,116,884,1,56.5,54.1,56.4,48.7,52.5,46.2,52.6,46.4,52.5,47.8,47.3,44.4,42.5,42.5,51.0,43.2,46.0,46.0,60.0,1.182,1.250,1.100,39.750,14.251,39.750,75.500,7.422,79.457,4.767,6.280,4.380,5.498,3.949,5.957,4.881,3.679,3.511,46.888,17.814,72.867,79.476,2000.0,3000.0,5233.9,5233.9,5250.0,49.1,33.1,41.9,49.1,56.9,Ne,Ne,Ne,6.259,3.686,4.9,31,56,45,26,1.181,5.040,3.408,3.328,12.192,1.101,1.234,3.408,3.280,3.328,1.056,1.056,1.048,1.359,1.814,0.912,3.344,0.064,0.056,0.048,0.048,1.016,1.016,1235,969,2721,51.9,58.3,46,46,22525714,1.183,1.238,605922,25,14,7393132,40,17,6811414,182.7,1.9,43.8,1.350,1.365,1.815,1.800,1.005,5.040,0.375,Ne,Ne,Ne,41.8,1.365,1.365,1.815,1.800,1.005,5.040,1.250,Ne,Ne,Ne,62,78,99.0,100.0,Ne,Ne,30664,54296,0.1,0.0,0.1,0.184,0.412,89069,222669,55.0,67.0,73.0,0.962,1622,2874.0,2238.0,100.0,98.7,28.0,1.4,1.4,33.0,11289,954,32.0,347832,0.0,44.8,0.725,63.000,19.000,98.000,600.0,3000.0,1200.0,100.0,0.0,0.0,0.0,0.0,0.0,0.0,0.0,0.0,0,0,16.0,246,Ne,Ne,Ne,142.9,143.1,7.00,6.99,0.00,6.88,0.11,0,0,0.0,0.0,0,0,0.0,0.0,0,0,0.0,0.0,157782,4552,38.6,19.9,0,0.0,
20.5.2026,12:49:6.153,33917,9242,78.5,19780,12115,62.0,0.7,1.183,1.185,1.180,1.180,1.180,1.185,1.185,1.185,1.185,5225.0,5225.0,5225.0,5225.0,5225.0,5225.0,5225.0,5225.0,5225.0,100.0,1970.6,4688.7,2216.7,1666.6,1648.3,2409.0,2225.2,1421.1,1344.8,2665.0,2782.6,2079.5,1815.5,1320.2,982.3,1243.6,1021.2,1970.6,34.4,77.9,39.6,29.0,28.6,42.7,38.9,25.0,23.4,48.8,50.7,36.5,31.5,23.1,17.0,21.4,17.0,77.9,34.4,39.8,87.9,45.5,33.7,33.3,49.6,45.3,28.8,27.2,55.9,58.3,42.4,36.9,26.6,19.8,24.9,20.3,39.8,52.2,52.2,52.2,52.2,52.2,52.2,52.2,52.2,52.2,0.0,56.7,89.6,49.2,63.3,43.9,75.1,54.9,39.2,38.5,43.3,10.4,50.8,36.7,56.1,24.9,45.1,60.8,61.5,0.0,0.0,0.0,0.0,0.0,0.0,0.0,0.0,0.0,3000.0,30.00,30,40,40,76,116,884,1,56.0,53.4,51.5,47.7,52.0,45.2,51.5,45.5,51.3,46.7,46.2,43.7,42.0,42.0,50.8,43.0,46.0,46.0,60.0,1.181,1.250,1.100,37.290,14.223,37.291,79.000,7.386,76.462,4.451,6.134,3.995,5.124,3.699,5.628,4.457,3.331,3.245,43.957,17.778,69.859,76.452,2000.0,3000.0,5234.7,5234.7,5250.0,47.2,31.1,43.9,47.2,56.2,Ne,Ne,Ne,6.057,3.505,4.5,31,56,45,26,1.181,5.040,3.392,3.328,12.192,1.101,1.243,3.408,3.280,3.328,1.056,1.056,1.048,1.350,1.814,0.912,3.344,0.064,0.056,0.048,0.048,1.016,1.016,1221,1003,2772,51.9,58.3,46,46,22525804,1.187,1.238,605925,34,14,7393182,56,18,6811466,182.7,1.9,43.8,1.365,1.365,1.815,1.800,1.005,5.040,0.875,Ne,Ne,Ne,41.8,1.365,1.365,1.815,1.800,1.005,5.040,0.750,Ne,Ne,Ne,62,78,99.0,100.0,Ne,Ne,30664,54296,1.1,0.1,1.2,6.533,0.492,89081,222670,55.0,66.0,72.0,0.985,1597,2942.0,2238.0,100.0,99.1,30.0,1.6,1.6,33.0,11289,938,32.0,347832,0.0,44.8,0.725,20.000,17.000,51.000,600.0,3000.0,1200.0,100.0,0.0,0.0,0.0,0.0,0.0,0.0,0.0,0.0,0,0,16.0,246,Ne,Ne,Ne,116.9,116.9,8.56,8.56,0.00,8.44,0.12,0,0,0.0,0.0,0,0,0.0,0.0,0,0,0.0,0.0,157782,4552,47.7,19.2,0,0.0,
20.5.2026,12:49:8.154,33897,9262,78.5,19763,12132,61.9,0.7,1.185,1.185,1.185,1.185,1.185,1.185,1.185,1.185,1.185,5225.0,5225.0,5225.0,5225.0,5225.0,5225.0,5225.0,5225.0,5225.0,100.0,2114.4,4673.1,2415.6,1878.7,1703.8,2467.7,2383.6,1592.8,1380.6,2465.7,3134.3,2161.4,2031.4,1659.6,946.9,1739.7,1194.8,2114.4,37.0,76.4,43.0,32.8,29.7,43.7,42.1,27.9,23.7,44.1,57.8,37.8,35.3,29.2,16.5,30.7,20.7,76.4,37.0,42.7,86.3,49.4,38.2,34.7,50.9,48.9,32.3,27.8,51.1,66.3,44.1,41.3,33.6,19.2,35.4,24.2,42.7,52.2,52.2,52.2,52.2,52.2,52.2,52.2,52.2,52.2,0.0,59.9,89.3,52.0,66.0,45.7,77.2,57.5,42.5,48.8,40.1,10.7,48.0,34.0,54.3,22.8,42.5,57.5,51.2,0.0,0.0,0.0,0.0,0.0,0.0,0.0,0.0,0.0,3000.0,30.00,30,40,40,76,116,884,1,55.9,53.5,57.6,48.2,52.0,45.7,51.9,45.9,51.7,47.3,46.8,44.7,42.2,42.2,51.5,43.1,46.0,46.0,60.0,1.182,1.250,1.100,38.606,14.256,38.614,73.750,7.401,78.119,4.634,6.139,4.208,5.293,3.804,5.760,4.628,3.552,3.689,45.540,17.820,71.501,78.129,2000.0,3000.0,5234.5,5234.5,5250.0,48.2,32.2,41.0,48.2,56.3,Ne,Ne,Ne,6.240,3.789,4.8,31,55,45,26,1.172,5.040,3.408,3.328,12.288,1.101,1.243,3.408,3.280,3.328,1.056,1.056,1.048,1.359,1.814,0.912,3.344,0.064,0.056,0.048,0.048,1.016,1.016,1236,977,2721,51.9,58.3,46,46,22525894,1.171,1.238,605927,39,14,7393250,67,22,6811535,182.7,1.9,43.8,1.365,1.365,1.800,1.800,1.005,5.040,1.250,Ne,Ne,Ne,41.8,1.365,1.365,1.800,1.800,1.005,5.040,1.000,Ne,Ne,Ne,62,78,99.0,100.0,Ne,Ne,30664,54296,3.4,0.1,3.5,5.909,0.884,89093,222672,55.0,68.0,72.0,0.974,1590,2907.0,2238.0,100.0,99.2,33.0,1.3,1.3,32.0,11289,938,32.0,347832,0.0,44.8,0.725,3.000,17.000,101.000,600.0,3000.0,1200.0,100.0,0.0,0.0,0.0,0.0,0.0,0.0,0.0,0.0,0,0,16.0,246,Ne,Ne,Ne,116.5,116.3,8.59,8.59,0.00,8.46,0.12,0,0,0.0,0.0,0,0,0.0,0.0,0,0,0.0,0.0,157783,4552,43.4,23.2,0,0.0,
20.5.2026,12:49:10.150,33890,9269,78.5,19738,12157,61.8,0.7,1.183,1.175,1.185,1.185,1.185,1.185,1.185,1.180,1.180,5082.1,5225.0,5225.0,5225.0,5225.0,5225.0,5225.0,4653.5,4653.5,100.0,1841.2,4489.8,2132.6,1534.5,1413.2,2182.5,2157.2,1315.2,1082.0,3039.4,2327.6,1775.2,1826.9,1401.1,698.6,1344.6,739.4,1841.2,31.8,73.3,37.6,26.3,24.2,37.9,37.6,22.7,18.5,55.8,41.5,30.4,31.4,24.3,11.9,22.8,12.0,73.3,31.8,36.8,82.8,43.3,30.8,28.4,44.3,43.8,26.4,21.7,63.5,48.2,35.7,36.9,28.1,14.0,26.7,14.5,36.8,50.8,52.2,52.2,52.2,52.2,52.2,52.2,46.5,46.5,0.0,53.5,85.8,44.8,59.8,38.8,76.1,51.4,36.0,35.7,46.5,14.2,55.2,40.2,61.2,23.9,48.6,64.0,64.3,0.0,0.0,0.0,0.0,0.0,0.0,0.0,0.0,0.0,3000.0,30.00,30,40,40,76,116,884,1,55.5,52.7,55.5,46.8,51.0,44.2,50.5,44.3,50.5,45.7,45.5,42.9,41.6,41.6,50.8,43.0,46.0,46.0,60.0,1.179,1.250,1.100,35.999,14.200,36.004,78.000,7.399,74.793,4.174,5.863,3.659,4.818,3.314,5.437,4.137,3.116,3.045,42.378,17.750,68.267,74.818,2000.0,3000.0,5235.6,5235.6,5250.0,46.2,30.0,43.3,46.2,55.4,Ne,Ne,Ne,5.333,3.116,4.3,31,55,45,26,1.190,5.040,3.408,3.328,12.192,1.101,1.243,3.408,3.280,3.328,1.056,1.056,1.048,1.350,1.814,0.912,3.344,0.064,0.056,0.048,0.048,1.016,1.016,1234,1010,2721,51.9,58.3,46,46,22525984,1.187,1.238,605929,20,14,7393328,42,17,6811612,182.7,1.9,43.8,1.365,1.365,1.800,1.800,1.005,5.040,0.750,Ne,Ne,Ne,41.8,1.365,1.365,1.800,1.800,1.005,5.040,0.500,Ne,Ne,Ne,62,78,99.0,100.0,Ne,Ne,30664,54296,10.0,0.1,10.1,19.544,0.396,89130,222673,55.0,67.0,72.0,0.956,1579,2855.0,2238.0,100.0,99.5,30.0,1.4,1.4,32.0,11289,938,32.0,347832,0.0,44.7,0.725,45.000,17.000,77.000,600.0,3000.0,1200.0,100.0,0.0,0.0,0.0,0.0,0.0,0.0,0.0,0.0,0,0,16.0,246,Ne,Ne,Ne,122.0,123.2,8.20,7.91,0.00,8.08,0.12,0,0,0.0,0.0,0,0,0.0,0.0,0,0,0.0,0.0,157783,4552,45.4,20.0,0,0.0,
20.5.2026,12:49:12.154,33834,9325,78.3,19666,12228,61.6,0.7,1.189,1.185,1.190,1.190,1.190,1.190,1.190,1.190,1.190,5225.0,5225.0,5225.0,5225.0,5225.0,5225.0,5225.0,5225.0,5225.0,100.0,2050.5,4612.3,2303.7,1799.0,1701.3,2319.0,2489.1,1608.9,1228.5,2888.7,2899.9,2150.3,2017.1,1599.7,825.0,1567.3,798.9,2050.5,35.5,77.2,40.4,31.0,29.1,40.2,43.9,27.9,20.6,53.2,52.7,37.4,34.5,27.6,13.7,26.5,12.6,77.2,35.5,41.4,87.3,46.9,36.4,34.5,47.2,51.1,32.6,24.7,61.0,60.6,43.8,40.9,32.3,16.6,31.4,15.7,41.4,52.2,52.2,52.2,52.2,52.2,52.2,52.2,52.2,52.2,0.0,59.0,88.1,52.3,65.1,45.5,80.5,58.2,41.3,40.6,41.0,11.9,47.7,34.9,54.5,19.5,41.8,58.7,59.4,0.0,0.0,0.0,0.0,0.0,0.0,0.0,0.0,0.0,3000.0,30.00,30,40,40,76,116,884,1,55.9,53.3,53.8,47.7,51.5,45.4,51.2,45.4,51.6,46.9,46.2,43.7,41.9,41.9,51.2,43.2,46.0,46.0,60.0,1.181,1.250,1.100,39.477,14.282,39.463,73.250,7.421,79.100,4.533,6.048,4.159,5.113,3.696,5.834,4.625,3.436,3.352,46.519,17.853,72.535,79.082,2000.0,3000.0,5234.1,5234.1,5250.0,48.8,32.9,40.7,48.8,56.1,Ne,Ne,Ne,5.731,3.363,4.7,31,55,44,26,1.181,5.040,3.408,3.328,12.192,1.101,1.243,3.392,3.280,3.328,1.056,1.056,1.048,1.350,1.814,0.904,3.328,0.064,0.056,0.048,0.048,1.016,1.016,1203,965,2772,51.9,58.3,46,46,22526072,1.191,1.238,605932,17,14,7393368,61,17,6811655,182.7,1.9,43.8,1.365,1.365,1.800,1.800,1.005,5.040,0.875,Ne,Ne,Ne,41.8,1.365,1.365,1.800,1.800,1.005,5.040,0.625,Ne,Ne,Ne,62,78,99.0,100.0,Ne,Ne,30664,54296,0.2,0.1,0.3,1.007,1.226,89132,222675,54.0,66.0,72.0,0.943,1573,2828.0,2238.0,100.0,98.6,32.0,1.4,1.4,32.0,11289,938,32.0,347832,0.0,44.7,0.725,35.000,17.000,67.000,600.0,3000.0,1200.0,100.0,0.0,0.0,0.0,0.0,0.0,0.0,0.0,0.0,0,0,16.0,246,Ne,Ne,Ne,131.1,131.5,7.63,7.61,0.00,7.52,0.11,0,0,0.0,0.0,0,0,0.0,0.0,0,0,0.0,0.0,157784,4552,477.6,24.7,0,0.0,
20.5.2026,12:49:14.150,33837,9322,78.4,19638,12257,61.5,0.7,1.183,1.190,1.185,1.185,1.185,1.180,1.180,1.180,1.180,5225.0,5225.0,5225.0,5225.0,5225.0,5225.0,5225.0,5225.0,5225.0,100.0,2059.8,4650.3,2254.1,1809.2,1671.6,2337.9,2513.5,1514.6,1309.5,2386.3,3182.9,2104.0,2054.2,1496.7,940.4,1517.5,1214.8,2059.8,35.6,77.6,39.4,31.0,28.4,40.3,44.1,26.0,22.2,42.6,58.4,36.3,35.2,25.8,16.0,25.5,20.6,77.6,35.6,41.3,87.7,45.5,36.3,33.5,47.2,51.2,30.3,26.1,49.4,66.9,42.4,41.4,29.9,18.9,30.0,24.4,41.3,52.2,52.2,52.2,52.2,52.2,52.2,52.2,52.2,52.2,0.0,58.8,88.9,50.8,66.1,44.2,76.9,58.1,40.3,44.7,41.2,11.1,49.2,33.9,55.8,23.1,41.9,59.7,55.3,0.0,0.0,0.0,0.0,0.0,0.0,0.0,0.0,0.0,3000.0,30.00,30,40,40,76,116,884,1,56.0,53.6,56.4,48.0,52.2,45.5,51.7,45.7,51.5,47.1,46.4,43.7,42.2,42.2,50.8,43.0,46.0,46.0,60.0,1.181,1.250,1.100,39.663,14.290,39.695,76.500,7.403,79.351,4.526,6.188,4.096,5.189,3.700,5.674,4.621,3.404,3.338,46.761,17.862,72.766,79.353,2000.0,3000.0,5234.6,5234.6,5250.0,49.0,33.1,42.5,49.0,56.5,Ne,Ne,Ne,5.553,3.229,4.7,31,56,44,26,1.163,5.040,3.408,3.328,12.192,1.101,1.243,3.408,3.280,3.344,1.056,1.056,1.048,1.359,1.814,0.904,3.344,0.064,0.056,0.048,0.048,1.016,1.016,1198,986,2721,51.9,58.3,46,46,22526160,1.187,1.238,605934,48,14,7393402,49,17,6811692,182.7,1.9,43.8,1.365,1.365,1.800,1.800,1.005,5.040,1.375,Ne,Ne,Ne,41.8,1.365,1.365,1.800,1.800,1.005,5.040,0.625,Ne,Ne,Ne,62,78,99.0,100.0,Ne,Ne,30664,54296,0.2,0.1,0.2,0.438,0.562,89133,222676,54.0,66.0,72.0,0.992,1560,2967.0,2238.0,100.0,99.3,30.0,1.4,1.4,31.0,11289,937,32.0,347832,0.0,44.7,0.725,2.000,17.000,100.000,600.0,3000.0,1200.0,100.0,0.0,0.0,0.0,0.0,0.0,0.0,0.0,0.0,0,0,16.0,246,Ne,Ne,Ne,121.8,121.9,8.21,8.20,0.00,8.09,0.11,0,0,0.0,0.0,0,0,0.0,0.0,0,0,0.0,0.0,157784,4552,37.2,18.4,0,0.0,
20.5.2026,12:49:16.149,33879,9280,78.4,19643,12251,61.5,0.7,1.185,1.185,1.185,1.185,1.185,1.185,1.185,1.185,1.185,5225.0,5225.0,5225.0,5225.0,5225.0,5225.0,5225.0,5225.0,5225.0,100.0,2193.3,4522.1,2505.0,1968.2,1866.9,2430.0,2673.0,1630.3,1464.7,2442.9,3670.6,2218.7,2208.0,1550.9,1041.0,1491.0,1409.8,2193.3,38.7,73.6,45.1,34.7,32.9,42.9,48.4,28.8,25.4,44.0,68.8,39.2,38.6,27.4,18.3,25.9,25.1,73.6,38.7,44.4,83.1,51.5,40.0,38.0,49.7,55.6,33.1,29.5,50.6,77.9,45.3,44.9,31.3,21.0,30.0,28.8,44.4,52.2,52.2,52.2,52.2,52.2,52.2,52.2,52.2,52.2,0.0,62.2,86.4,56.2,68.6,48.6,83.8,61.4,43.4,49.2,37.8,13.6,43.8,31.4,51.4,16.2,38.6,56.6,50.8,0.0,0.0,0.0,0.0,0.0,0.0,0.0,0.0,0.0,3000.0,30.00,30,40,40,76,116,884,1,56.9,54.6,56.4,48.9,51.9,46.4,52.5,46.5,53.5,47.9,47.4,45.1,42.5,42.5,51.0,43.2,46.0,46.0,60.0,1.182,1.250,1.100,41.193,14.396,41.172,77.000,7.409,81.404,4.813,6.054,4.458,5.402,4.002,6.326,4.825,3.659,3.780,48.621,17.994,74.766,81.398,2000.0,3000.0,5233.8,5233.8,5250.0,50.2,34.3,42.8,50.2,57.5,Ne,Ne,Ne,6.945,4.344,5.0,31,56,45,26,1.172,5.040,3.408,3.328,12.192,1.101,1.243,3.392,3.280,3.328,1.056,1.056,1.048,1.350,1.814,0.904,3.328,0.064,0.056,0.048,0.048,1.016,1.016,1227,1010,2749,51.9,58.3,46,46,22526248,1.160,1.238,605936,22,14,7393498,80,17,6811787,182.7,1.9,43.8,1.365,1.365,1.800,1.800,1.005,5.040,0.750,Ne,Ne,Ne,41.8,1.350,1.365,1.800,1.800,1.005,5.040,0.875,Ne,Ne,Ne,62,78,99.0,100.0,Ne,Ne,30664,54296,0.0,0.1,0.1,0.116,0.361,89133,222677,54.0,66.0,72.0,0.982,1544,2934.0,2238.0,100.0,99.3,31.0,1.4,1.4,30.0,11289,937,32.0,347832,0.0,44.8,0.725,62.000,18.000,96.000,600.0,3000.0,1200.0,100.0,0.0,0.0,0.0,0.0,0.0,0.0,0.0,0.0,0,0,16.0,246,Ne,Ne,Ne,139.7,139.9,7.16,7.15,0.00,7.04,0.12,0,0,0.0,0.0,0,0,0.0,0.0,0,0,0.0,0.0,157784,4552,39.8,19.5,0,0.0,
20.5.2026,12:49:18.155,33986,9173,78.7,19744,12151,61.9,0.7,1.189,1.185,1.185,1.190,1.190,1.190,1.190,1.190,1.190,5225.0,5225.0,5225.0,5225.0,5225.0,5225.0,5225.0,5225.0,5225.0,100.0,1984.4,4471.5,2343.8,1588.9,1737.1,2198.5,2444.2,1229.3,1482.3,3093.3,2611.5,1897.5,2083.2,1170.3,1126.7,1067.2,1204.1,1984.4,34.4,71.9,41.8,27.4,30.0,38.3,43.0,21.1,25.5,57.3,47.2,33.0,36.0,20.3,19.3,17.9,20.2,71.9,34.4,40.0,81.4,48.2,32.2,35.3,44.8,50.2,24.8,30.0,65.3,54.4,38.7,42.4,23.7,22.7,21.3,24.1,40.0,52.2,52.2,52.2,52.2,52.2,52.2,52.2,52.2,52.2,0.0,56.6,85.4,49.3,63.4,42.4,80.5,55.8,38.0,37.8,43.4,14.6,50.7,36.6,57.6,19.5,44.2,61.8,62.0,0.0,0.0,0.0,0.0,0.0,0.0,0.0,0.2,0.2,3000.0,30.00,30,40,40,76,116,884,1,56.5,53.6,53.8,47.8,51.9,45.3,51.4,45.4,51.7,46.9,46.3,43.8,42.1,42.1,50.8,43.1,46.0,46.0,60.0,1.182,1.250,1.100,38.057,14.252,38.046,77.000,7.387,77.384,4.461,6.070,4.046,5.054,3.636,5.748,4.526,3.334,3.275,44.880,17.815,70.821,77.383,2000.0,3000.0,5234.4,5234.4,5250.0,47.8,31.7,42.8,47.8,56.4,Ne,Ne,Ne,5.886,3.470,4.5,31,56,45,26,1.181,5.040,3.392,3.328,12.192,1.101,1.243,3.408,3.280,3.328,1.056,1.056,1.048,1.350,1.814,0.904,3.344,0.064,0.056,0.048,0.048,1.016,1.016,1237,1018,2772,51.9,58.3,46,46,22526338,1.171,1.238,605939,27,14,7393542,77,19,6811832,182.7,1.9,43.8,1.350,1.365,1.800,1.800,1.005,5.040,0.625,Ne,Ne,Ne,41.8,1.350,1.365,1.800,1.800,1.005,5.040,0.875,Ne,Ne,Ne,62,78,99.0,100.0,Ne,Ne,30664,54296,2.0,0.1,2.1,15.343,0.931,89163,222679,54.0,66.0,72.0,0.991,1524,2968.0,2238.0,100.0,99.4,24.0,1.6,1.6,30.0,11289,937,32.0,347832,0.0,44.9,0.725,26.000,17.000,58.000,600.0,3000.0,1200.0,100.0,0.0,0.0,0.0,0.0,0.0,0.0,0.0,0.0,0,0,16.0,246,Ne,Ne,Ne,113.6,113.5,8.80,8.80,0.00,8.69,0.12,0,0,0.0,0.0,0,0,0.0,0.0,0,0,0.0,0.0,157784,4552,39.8,19.5,0,0.0,
20.5.2026,12:49:20.151,33950,9209,78.6,19647,12248,61.5,0.7,1.178,1.180,1.180,1.180,1.180,1.180,1.175,1.175,1.175,5225.0,5225.0,5225.0,5225.0,5225.0,5225.0,5225.0,5225.0,5225.0,100.0,2089.1,4536.0,2446.7,1699.4,1834.5,2312.9,2384.5,1374.7,1578.7,3211.2,2429.5,2099.3,2109.1,1125.2,1505.0,1216.3,1563.3,2089.1,35.9,70.6,44.1,29.3,31.3,40.3,41.8,23.8,26.8,59.5,42.9,36.6,36.1,19.3,26.0,20.3,26.5,70.6,35.9,42.0,80.3,50.8,34.5,37.0,47.4,49.0,28.0,31.7,67.9,50.1,42.9,42.6,22.7,30.5,24.3,31.5,42.0,52.2,52.2,52.2,52.2,52.2,52.2,52.2,52.2,52.2,0.0,59.0,86.7,51.5,64.9,45.1,78.9,58.9,42.7,43.5,41.0,13.3,48.5,35.1,54.9,21.1,41.1,57.3,56.5,0.0,0.0,0.0,0.0,0.0,0.0,0.0,0.0,0.0,3000.0,30.00,30,40,40,76,116,884,1,56.8,54.1,55.0,47.8,52.1,45.9,51.9,46.1,52.2,47.6,47.0,44.6,42.1,42.3,51.0,43.2,46.0,46.0,60.0,1.183,1.250,1.100,38.864,14.252,38.046,77.000,7.387,77.384,4.461,6.070,4.046,5.054,3.636,5.748,4.526,3.334,3.275,44.880,17.815,70.821,77.383,2000.0,3000.0,5234.4,5234.4,5250.0,47.8,31.7,42.8,47.8,56.4,Ne,Ne,Ne,5.886,3.470,4.5,31,56,45,26,1.190,5.040,3.392,3.328,12.192,1.101,1.243,3.408,3.280,3.328,1.056,1.056,1.048,1.350,1.814,0.904,3.344,0.064,0.056,0.048,0.048,1.016,1.016,1218,976,2721,51.9,58.3,46,46,22526428,1.183,1.234,605941,26,14,7393596,76,16,6811888,182.7,1.9,43.8,1.350,1.365,1.800,1.800,1.005,5.040,1.000,Ne,Ne,Ne,41.8,1.350,1.365,1.815,1.800,1.005,5.040,1.250,Ne,Ne,Ne,62,78,99.0,100.0,Ne,Ne,30664,54296,2.0,0.1,2.1,15.343,0.931,89163,222679,54.0,66.0,73.0,0.986,1503,2952.0,2238.0,100.0,98.7,26.0,1.8,1.8,30.0,11289,937,32.0,347832,0.0,44.8,0.725,61.000,18.000,94.000,600.0,3000.0,1200.0,100.0,0.0,0.0,0.0,0.0,0.0,0.0,0.0,0.0,0,0,16.0,246,Ne,Ne,Ne,113.6,113.5,8.80,8.80,0.00,8.69,0.12,0,0,0.0,0.0,0,0,0.0,0.0,0,0,0.0,0.0,157784,4552,35.4,17.5,0,0.0,
20.5.2026,12:49:22.153,33967,9192,78.7,19651,12243,61.6,0.7,1.178,1.190,1.190,1.185,1.185,1.185,1.185,1.185,1.185,5225.0,5225.0,5225.0,5225.0,5225.0,5225.0,5225.0,5225.0,5225.0,100.0,2089.1,4580.6,2475.6,1657.4,1840.9,2265.2,2410.3,1310.1,1573.9,2348.7,3291.8,2008.9,2086.0,975.1,1527.9,1390.3,1611.7,2084.7,35.9,71.8,44.4,28.9,31.9,39.3,42.0,22.8,27.1,41.8,60.6,34.9,35.9,16.5,26.4,24.2,27.5,71.8,36.0,42.0,81.2,50.9,33.7,37.3,46.0,49.1,26.6,31.7,48.4,69.5,40.7,42.2,19.6,30.7,28.3,32.4,41.8,52.2,52.2,52.2,52.2,52.2,52.2,52.2,52.2,52.2,0.0,59.0,86.7,51.5,64.9,45.1,78.9,58.9,42.7,43.5,41.0,13.3,48.5,35.1,54.9,21.1,41.1,57.3,56.5,0.0,0.0,0.0,0.0,0.0,0.0,0.0,0.0,0.0,3000.0,30.00,30,40,40,76,116,884,1,56.8,54.1,55.0,48.4,52.1,45.9,51.9,46.1,52.2,47.6,47.0,44.6,42.3,42.3,51.0,43.2,46.0,46.0,60.0,1.183,1.250,1.100,38.864,14.255,38.886,77.000,7.414,78.476,4.644,6.132,4.204,5.209,3.831,5.865,4.729,3.597,3.586,45.884,17.818,71.857,78.508,2000.0,3000.0,5234.0,5234.0,5250.0,48.5,32.4,42.8,48.5,56.9,Ne,Ne,Ne,6.357,3.887,4.7,31,56,45,26,1.172,5.040,3.408,3.328,12.192,1.101,1.243,3.408,3.280,3.328,1.056,1.056,1.048,1.359,1.814,0.904,3.328,0.064,0.048,0.048,0.048,1.016,1.016,1234,1018,2727,51.9,58.3,46,46,22526518,1.167,1.234,605943,24,13,7393648,37,17,6811942,182.7,1.9,43.8,1.350,1.365,1.815,1.800,1.005,5.040,1.750,Ne,Ne,Ne,41.8,1.350,1.365,1.815,1.815,1.005,5.040,0.625,Ne,Ne,Ne,62,78,99.0,100.0,Ne,Ne,30664,54296,0.3,0.1,0.3,0.754,0.526,89164,222680,54.0,66.0,73.0,0.973,1496,2906.0,2238.0,100.0,99.1,25.0,1.7,1.7,30.0,11289,937,32.0,347832,0.0,44.9,0.725,53.000,17.000,86.000,600.0,3000.0,1200.0,100.0,0.0,0.0,0.0,0.0,0.0,0.0,0.0,0.0,0,0,16.0,246,Ne,Ne,Ne,103.4,104.0,9.68,9.62,0.00,9.56,0.11,0,0,0.0,0.0,0,0,0.0,0.0,0,0,0.0,0.0,157784,4552,47.7,19.1,0,0.0,
20.5.2026,12:49:24.150,33967,9192,78.7,19651,12243,61.6,0.7,1.186,1.190,1.190,1.185,1.185,1.185,1.185,1.185,1.185,5225.0,5225.0,5225.0,5225.0,5225.0,5225.0,5225.0,5225.0,5225.0,100.0,2084.7,4580.6,2475.6,1657.4,1840.9,2265.2,2410.3,1310.1,1573.9,2348.7,3291.8,2008.9,2086.0,975.1,1527.9,1390.3,1611.7,2084.7,36.0,71.8,44.4,28.9,31.9,39.3,42.0,22.8,27.1,41.8,60.6,34.9,35.9,16.5,26.4,24.2,27.5,71.8,36.0,41.8,81.2,50.9,33.7,37.3,46.0,49.1,26.6,31.7,48.4,69.5,40.7,42.2,19.6,30.7,28.3,32.4,41.8,52.2,52.2,52.2,52.2,52.2,52.2,52.2,52.2,52.2,0.0,58.8,87.5,49.9,63.1,44.5,77.6,55.8,40.7,50.9,41.2,12.5,50.1,36.9,55.5,22.4,44.2,59.3,49.1,0.0,0.0,0.0,0.0,0.0,0.0,0.0,0.0,0.0,3000.0,30.00,30,40,40,76,116,884,1,56.4,53.7,53.2,48.2,52.1,45.5,51.6,45.7,51.6,47.2,46.6,44.8,42.2,42.2,50.8,43.1,46.0,46.0,60.0,1.183,1.250,1.100,37.954,14.210,37.940,77.250,7.397,77.296,4.594,6.164,4.140,5.137,3.748,5.721,4.604,3.474,3.762,44.792,17.763,70.691,77.289,2000.0,3000.0,5234.0,5234.0,5250.0,47.7,31.6,42.9,47.7,56.5,Ne,Ne,Ne,6.205,3.813,4.7,31,56,45,26,1.190,5.040,3.392,3.328,12.192,1.101,1.243,3.408,3.280,3.328,1.056,1.056,1.048,1.350,1.814,0.904,3.344,0.064,0.056,0.048,0.048,1.016,1.016,1237,997,2749,51.9,58.3,46,46,22526608,1.183,1.238,605946,60,14,7393696,84,17,6811991,182.7,1.9,43.8,1.350,1.365,1.815,1.815,1.005,5.040,0.375,Ne,Ne,Ne,41.8,1.350,1.365,1.815,1.815,1.005,5.040,0.625,Ne,Ne,Ne,62,78,99.0,100.0,Ne,Ne,30664,54296,0.6,0.1,0.7,4.356,0.768,89172,222681,54.0,66.0,73.0,0.994,1494,2979.0,2238.0,100.0,99.3,26.0,1.7,1.7,30.0,11289,937,32.0,347864,0.0,44.8,0.725,35.000,18.000,68.000,600.0,3000.0,1200.0,100.0,0.0,0.0,0.0,0.0,0.0,0.0,0.0,0.0,0,0,16.0,246,Ne,Ne,Ne,118.4,118.7,8.45,8.43,0.00,8.33,0.12,0,0,0.0,0.0,0,0,0.0,0.0,0,0,0.0,0.0,157784,4552,39.2,19.0,0,0.0,
20.5.2026,12:49:26.152,33927,9231,78.6,19634,12261,61.5,0.7,1.180,1.180,1.180,1.180,1.180,1.180,1.180,1.180,1.180,5225.0,5225.0,5225.0,5225.0,5225.0,5225.0,5225.0,5225.0,5225.0,100.0,1976.3,4441.7,2327.6,1461.7,1824.1,2127.7,2509.1,1120.2,1574.1,2345.4,3324.4,1880.1,2052.3,908.2,1444.2,760.5,1518.7,1976.3,34.4,71.2,41.8,25.5,31.7,37.2,44.5,19.5,27.6,42.3,61.6,32.9,35.5,15.8,25.4,12.4,25.8,71.2,34.4,39.8,80.5,47.9,29.7,37.0,43.4,51.6,22.7,31.9,48.7,70.2,38.3,41.6,18.4,29.3,15.0,30.4,39.8,52.2,52.2,52.2,52.2,52.2,52.2,52.2,52.2,52.2,0.0,56.5,84.9,49.3,62.8,43.5,78.6,54.9,39.6,38.6,43.5,15.1,50.7,37.2,56.5,21.4,45.1,60.4,61.4,0.0,0.0,0.0,0.0,0.0,0.0,0.0,0.0,0.0,3000.0,30.00,30,40,40,76,116,884,1,56.0,53.3,52.4,47.8,51.3,45.4,51.5,45.6,51.7,46.9,46.4,43.9,42.1,42.1,51.0,43.2,46.0,46.0,60.0,1.182,1.250,1.100,36.443,14.203,36.441,76.750,7.393,75.445,4.436,5.848,4.028,5.103,3.664,5.716,4.457,3.387,3.288,42.990,17.754,68.876,75.469,2000.0,3000.0,5234.4,5234.4,5250.0,46.6,30.4,42.6,46.6,56.1,Ne,Ne,Ne,6.134,3.697,4.5,31,55,45,26,1.181,5.040,3.408,3.328,12.192,1.101,1.234,3.408,3.280,3.328,1.056,1.056,1.048,1.350,1.814,0.904,3.344,0.064,0.056,0.048,0.048,1.016,1.016,1216,981,2772,51.9,58.3,46,46,22526698,1.164,1.238,605948,22,13,7393816,38,18,6812108,182.7,1.9,43.8,1.350,1.365,1.815,1.815,1.005,5.110,1.000,Ne,Ne,Ne,41.8,1.350,1.365,1.815,1.815,1.005,5.040,0.875,Ne,Ne,Ne,62,78,99.0,100.0,Ne,Ne,30664,54296,0.0,0.0,0.1,0.136,0.318,89173,222682,54.0,66.0,72.0,0.998,1493,2990.0,2238.0,100.0,99.7,26.0,1.7,1.7,30.0,11289,937,32.0,347864,0.0,44.8,0.725,5.000,18.000,103.000,600.0,3000.0,1200.0,100.0,0.0,0.0,0.0,0.0,0.0,0.0,0.0,0.0,0,0,16.0,246,Ne,Ne,Ne,113.6,113.5,8.80,8.82,0.00,8.68,0.12,0,0,0.0,0.0,0,0,0.0,0.0,0,0,0.0,0.0,157784,4552,43.0,15.0,0,0.0,
20.5.2026,12:49:28.152,33865,9294,78.4,19605,12289,61.4,0.7,1.191,1.195,1.190,1.190,1.190,1.190,1.190,1.190,1.190,5225.0,5225.0,5225.0,5225.0,5225.0,5225.0,5225.0,5225.0,5225.0,100.0,2097.3,4527.0,2434.8,1621.7,1963.3,2326.5,2502.9,1258.8,1639.6,3206.0,2527.8,2053.1,2133.3,981.9,1525.7,905.7,1948.9,2097.3,36.4,72.0,43.8,27.8,34.4,40.2,44.0,21.7,28.7,59.6,45.5,35.3,37.2,16.8,26.7,14.9,34.2,72.0,36.4,42.1,81.5,50.1,32.6,39.8,47.0,50.9,25.3,33.1,68.0,52.4,41.3,43.2,19.6,30.7,17.8,39.6,42.1,52.2,52.2,52.2,52.2,52.2,52.2,52.2,52.2,52.2,0.0,59.3,86.5,52.2,65.1,45.2,78.5,57.7,41.6,47.6,40.7,13.5,47.8,34.9,54.8,21.5,42.3,58.4,52.4,0.0,0.0,0.0,0.0,0.0,0.0,0.0,0.0,0.0,3000.0,30.00,30,40,40,76,116,884,1,55.8,53.0,55.5,47.8,50.9,45.5,51.4,45.7,51.4,47.0,46.5,43.9,42.0,42.0,51.2,43.2,46.0,46.0,60.0,1.180,1.250,1.100,37.336,14.238,37.336,77.000,7.404,76.513,4.535,5.796,4.210,5.171,3.777,5.680,4.629,3.519,3.497,43.978,17.797,69.921,76.511,2000.0,3000.0,5234.2,5234.2,5250.0,47.2,31.1,42.8,47.2,55.8,Ne,Ne,Ne,6.035,3.635,4.7,31,55,44,26,1.181,5.040,3.408,3.328,12.288,1.101,1.243,3.408,3.280,3.328,1.056,1.056,1.048,1.359,1.814,0.904,3.328,0.064,0.056,0.048,0.048,1.016,1.016,1223,994,2772,51.9,58.3,46,46,22526788,1.164,1.238,605950,68,14,7393860,80,17,6812153,182.7,1.9,43.8,1.365,1.365,1.815,1.815,1.005,5.040,1.500,Ne,Ne,Ne,41.8,1.350,1.365,1.815,1.815,1.005,5.040,2.000,Ne,Ne,Ne,62,78,99.0,100.0,Ne,Ne,30664,54296,0.1,1.3,1.3,0.022,0.380,89173,222682,54.0,66.0,73.0,0.986,1492,2951.0,2238.0,100.0,99.1,25.0,1.9,1.9,30.0,11289,937,32.0,347864,0.0,44.8,0.725,33.000,18.000,67.000,600.0,3000.0,1200.0,100.0,0.0,0.0,0.0,0.0,0.0,0.0,0.0,0.0,0,0,16.0,246,Ne,Ne,Ne,127.1,127.1,7.87,7.87,0.00,7.75,0.12,0,0,0.0,0.0,0,0,0.0,0.0,0,0,0.0,0.0,157784,4552,39.8,14.8,0,0.0,
20.5.2026,12:49:30.150,33845,9314,78.4,19588,12307,61.4,0.7,1.194,1.185,1.195,1.195,1.195,1.195,1.195,1.195,1.195,5225.0,5225.0,5225.0,5225.0,5225.0,5225.0,5225.0,5225.0,5225.0,100.0,2155.2,4666.0,2460.6,1726.2,2024.2,2436.5,2609.1,1301.8,1751.5,3047.7,2812.8,2191.2,2190.4,1087.6,1544.9,966.5,1667.0,2155.2,37.1,75.5,43.7,29.1,35.2,42.0,46.1,21.7,30.4,55.7,51.0,37.2,38.2,18.0,26.7,15.1,28.0,75.5,37.1,43.4,85.7,50.5,34.9,41.3,49.6,53.7,26.2,35.6,64.3,58.8,44.3,44.8,21.8,31.3,19.0,33.2,43.4,52.2,52.2,52.2,52.2,52.2,52.2,52.2,52.2,52.2,0.0,60.9,89.2,54.7,68.5,47.4,80.2,61.3,43.2,42.7,39.1,10.8,45.3,31.5,52.6,19.8,38.7,56.8,57.3,0.0,0.0,0.0,0.0,0.0,0.0,0.0,0.0,0.0,3000.0,30.00,30,40,40,76,116,884,1,57.0,54.7,57.2,48.9,53.0,46.3,52.6,46.5,52.6,47.9,47.4,44.6,42.6,42.6,51.0,43.1,46.0,46.0,60.0,1.181,1.250,1.100,40.786,14.305,40.776,77.750,7.426,80.724,4.796,6.421,4.427,5.443,3.965,5.992,4.895,3.664,3.564,48.084,17.881,74.134,80.747,2000.0,3000.0,5233.6,5233.6,5250.0,49.8,34.0,43.2,49.8,57.6,Ne,Ne,Ne,6.531,3.953,4.9,31,57,46,26,1.172,5.040,3.408,3.328,12.192,1.101,1.243,3.392,3.280,3.328,1.056,1.056,1.048,1.350,1.814,0.904,3.344,0.064,0.048,0.048,0.048,1.016,1.016,1231,989,2721,51.9,58.3,46,46,22526876,1.183,1.238,605953,47,13,7393996,28,18,6812284,182.7,1.9,43.8,1.350,1.365,1.815,1.815,1.005,5.040,1.500,Ne,Ne,Ne,41.8,1.350,1.365,1.815,1.815,1.005,5.040,0.750,Ne,Ne,Ne,62,78,99.0,100.0,Ne,Ne,30664,54296,0.5,0.1,0.6,0.927,1.016,89174,222684,54.0,66.0,72.0,0.991,1493,2965.0,2238.0,100.0,99.1,29.0,1.9,1.9,30.0,11289,928,32.0,347864,0.0,44.8,0.725,19.000,17.000,50.000,600.0,3000.0,1200.0,100.0,0.0,0.0,0.0,0.0,0.0,0.0,0.0,0.0,0,0,16.0,246,Ne,Ne,Ne,126.3,126.1,7.92,7.92,0.00,7.81,0.11,0,0,0.0,0.0,0,0,0.0,0.0,0,0,0.0,0.0,157784,4552,44.3,18.4,0,0.0,
20.5.2026,12:49:32.151,33839,9319,78.4,19574,12321,61.3,0.7,1.178,1.185,1.175,1.180,1.180,1.175,1.175,1.175,1.175,5225.0,5225.0,5225.0,5225.0,5225.0,5225.0,5225.0,5225.0,5225.0,100.0,2094.1,4537.8,2482.9,1578.3,1966.5,2228.3,2588.5,1366.2,1563.8,2284.7,3521.6,2041.3,2096.5,1078.2,1350.5,1228.8,1591.8,2094.1,37.1,73.0,44.9,27.6,35.4,39.4,46.8,24.2,28.0,41.3,66.1,35.7,37.8,18.9,23.8,21.9,28.1,73.0,37.1,42.3,82.5,51.2,31.9,40.3,45.5,53.4,27.7,31.8,47.2,74.6,41.3,43.0,21.5,27.4,24.9,32.6,42.3,52.2,52.2,52.2,52.2,52.2,52.2,52.2,52.2,52.2,0.0,59.3,86.7,51.6,65.0,45.6,80.6,56.8,40.3,47.5,40.7,13.3,48.4,35.0,54.4,19.4,43.2,59.7,52.5,0.0,0.0,0.0,0.0,0.0,0.0,0.0,0.0,0.0,3000.0,30.00,30,40,40,76,116,884,1,56.9,54.0,52.9,48.3,52.0,45.8,52.0,46.0,52.3,47.3,46.8,44.7,42.4,42.4,51.0,43.2,46.0,46.0,60.0,1.182,1.250,1.100,39.216,14.303,39.239,78.500,7.402,78.956,4.597,6.055,4.192,5.224,3.809,5.876,4.553,3.449,3.621,46.255,17.879,72.276,78.951,2000.0,3000.0,5234.5,5234.5,5250.0,48.7,32.7,43.6,48.7,56.8,Ne,Ne,Ne,6.696,4.157,4.7,31,56,46,26,1.172,5.040,3.408,3.328,12.192,1.101,1.243,3.408,3.280,3.328,1.056,1.056,1.048,1.359,1.814,0.904,3.344,0.064,0.056,0.048,0.048,1.016,1.016,1259,1003,2721,51.9,58.3,46,46,22526968,1.187,1.238,605955,15,14,7394090,70,18,6812376,182.7,1.9,43.8,1.350,1.365,1.800,1.815,1.005,5.040,1.250,Ne,Ne,Ne,41.8,1.350,1.365,1.815,1.815,1.005,5.040,1.875,Ne,Ne,Ne,62,78,99.0,100.0,Ne,Ne,30664,54296,0.1,0.1,0.2,0.447,1.096,89175,222687,54.0,66.0,73.0,0.960,1494,2866.0,2238.0,100.0,99.3,25.0,1.5,1.5,29.0,11289,928,32.0,347864,0.0,44.9,0.725,22.000,17.000,55.000,600.0,3000.0,1200.0,100.0,0.0,0.0,0.0,0.0,0.0,0.0,0.0,0.0,0,0,16.0,246,Ne,Ne,Ne,111.6,111.0,8.96,8.98,0.00,8.85,0.11,0,0,0.0,0.0,0,0,0.0,0.0,0,0,0.0,0.0,157786,4552,936.5,36.2,0,0.0,
20.5.2026,12:49:34.149,33945,9214,78.6,19615,12280,61.4,0.7,1.186,1.175,1.190,1.185,1.185,1.185,1.190,1.190,1.190,5225.0,5225.0,5225.0,5225.0,5225.0,5225.0,5225.0,5225.0,5225.0,100.0,2119.1,4537.2,2575.8,1763.6,1892.5,2309.2,2625.0,1482.8,1495.5,2581.7,3405.9,2081.6,2199.0,1448.4,1079.8,1320.7,1107.0,2119.1,36.8,70.9,46.6,30.0,33.5,39.7,47.6,25.2,25.8,46.3,63.5,35.2,39.1,24.9,19.5,22.0,18.4,70.9,36.8,42.6,80.5,53.4,35.5,38.8,46.8,54.9,29.7,30.2,53.6,72.1,41.7,45.2,29.1,21.9,26.2,21.9,42.6,52.2,52.2,52.2,52.2,52.2,52.2,52.2,52.2,52.2,0.0,59.7,86.7,53.3,66.7,46.2,83.0,59.5,42.0,40.5,40.3,13.3,46.7,33.3,53.8,17.0,40.5,58.0,59.5,0.0,0.0,0.0,0.0,0.0,0.0,0.0,0.0,0.0,3000.0,30.00,30,40,40,76,116,884,1,56.4,53.6,57.6,48.1,51.7,45.6,51.8,45.8,52.1,47.3,46.6,43.9,42.1,42.1,50.8,43.2,46.0,46.0,60.0,1.181,1.250,1.100,39.589,14.300,39.566,79.750,7.403,79.308,4.618,6.045,4.241,5.301,3.781,5.927,4.782,3.507,3.363,46.679,17.875,72.697,79.273,2000.0,3000.0,5234.8,5234.8,5250.0,48.9,33.0,44.3,48.9,56.4,Ne,Ne,Ne,6.341,3.641,4.8,31,56,45,26,1.190,5.040,3.408,3.328,12.192,1.101,1.243,3.408,3.280,3.328,1.056,1.056,1.048,1.359,1.814,0.904,3.344,0.064,0.056,0.048,0.048,1.016,1.016,1226,967,2743,51.9,58.3,46,46,22527060,1.156,1.238,605957,54,14,7394120,39,17,6812410,182.7,1.9,43.8,1.350,1.365,1.815,1.800,1.005,5.040,2.125,Ne,Ne,Ne,41.8,1.350,1.365,1.815,1.800,1.005,5.040,0.875,Ne,Ne,Ne,62,78,99.0,100.0,Ne,Ne,30664,54296,0.1,0.1,0.2,0.169,0.776,89176,222688,54.0,66.0,72.0,0.997,1494,2981.0,2238.0,100.0,99.4,31.0,1.4,1.4,29.0,11289,928,32.0,347864,0.0,44.8,0.725,9.000,17.000,107.000,600.0,3000.0,1200.0,100.0,0.0,0.0,0.0,0.0,0.0,0.0,0.0,0.0,0,0,16.0,246,Ne,Ne,Ne,120.4,120.4,8.30,8.31,0.00,8.19,0.11,0,0,0.0,0.0,0,0,0.0,0.0,0,0,0.0,0.0,157787,4552,585.1,30.4,0,0.0,
20.5.2026,12:49:36.149,33880,9279,78.5,19615,12280,61.4,0.7,1.178,1.185,1.170,1.170,1.170,1.170,1.185,1.185,1.185,5225.0,5225.0,5225.0,5225.0,5225.0,5225.0,5225.0,5225.0,5225.0,100.0,2198.2,4695.0,2621.2,1984.1,1887.5,2497.5,2666.8,1665.1,1520.7,2995.9,2928.8,2201.3,2251.1,1690.0,1012.9,1622.3,930.3,2198.2,37.8,75.1,47.1,33.4,32.7,43.0,47.8,28.1,26.0,54.2,53.6,37.2,39.2,28.8,17.1,26.9,14.8,75.1,37.8,44.3,85.1,54.2,39.9,38.5,50.7,55.6,33.4,30.8,62.7,61.8,44.4,46.0,34.0,20.5,32.2,18.5,44.3,52.2,52.2,52.2,52.2,52.2,52.2,52.2,52.2,52.2,0.0,61.6,89.7,55.8,69.3,49.2,80.4,61.0,44.9,42.5,38.4,10.3,44.2,30.7,50.8,19.6,39.0,55.1,57.5,0.0,0.0,0.0,0.0,0.0,0.0,0.0,0.0,0.0,3000.0,30.00,30,40,40,76,116,884,1,56.8,54.6,55.9,49.0,52.9,46.5,52.9,46.6,53.0,48.0,47.6,44.6,42.6,42.6,50.8,43.1,46.0,46.0,60.0,1.182,1.250,1.100,41.118,14.385,41.124,81.250,7.411,81.232,4.824,6.347,4.464,5.535,4.007,6.057,4.918,3.746,3.521,48.499,17.982,74.633,81.266,2000.0,3000.0,5233.7,5233.7,5250.0,50.2,34.3,45.1,50.2,57.5,Ne,Ne,Ne,6.664,3.917,4.9,31,56,45,26,1.181,5.040,3.408,3.328,12.192,1.101,1.243,3.408,3.280,3.328,1.056,1.056,1.048,1.359,1.814,0.904,3.344,0.064,0.056,0.048,0.048,1.016,1.016,1236,997,2721,51.9,58.3,46,46,22527150,1.179,1.238,605960,13,13,7394228,55,18,6812515,182.7,1.9,43.8,1.350,1.365,1.815,1.800,0.990,5.040,1.375,Ne,Ne,Ne,41.8,1.350,1.365,1.815,1.800,1.005,5.040,0.625,Ne,Ne,Ne,62,78,99.0,100.0,Ne,Ne,30664,54296,1.2,0.2,1.3,11.047,1.407,89197,222691,54.0,66.0,72.0,0.968,1478,2888.0,2238.0,100.0,99.0,30.0,1.6,1.6,29.0,11289,928,32.0,347864,0.0,44.9,0.725,64.000,18.000,97.000,600.0,3000.0,1200.0,100.0,0.0,0.0,0.0,0.0,0.0,0.0,0.0,0.0,0,0,16.0,246,Ne,Ne,Ne,118.2,117.6,8.46,8.46,0.00,8.35,0.11,0,0,0.0,0.0,0,0,0.0,0.0,0,0,0.0,0.0,157787,4552,50.6,20.0,0,0.0,
20.5.2026,12:49:38.154,33889,9270,78.5,19625,12270,61.5,0.7,1.179,1.185,1.180,1.180,1.180,1.180,1.175,1.175,1.175,5225.0,5225.0,5225.0,5225.0,5225.0,5225.0,5225.0,5225.0,5225.0,100.0,1851.8,4622.2,2159.0,1503.2,1510.8,1984.1,2406.7,1313.2,1124.1,2151.3,3047.4,1750.5,1870.7,1430.7,829.9,1317.6,607.7,1851.8,32.9,78.8,39.0,26.6,27.0,35.1,43.1,23.3,19.9,38.8,56.6,30.7,33.4,25.3,14.8,23.4,10.9,78.8,32.9,37.5,88.5,44.4,30.5,30.9,40.5,49.4,26.6,22.7,44.5,64.3,35.5,38.3,28.8,16.9,26.6,12.3,37.5,52.2,52.2,52.2,52.2,52.2,52.2,52.2,52.2,52.2,0.0,52.9,88.3,44.4,58.5,39.0,71.2,49.6,38.1,34.4,47.0,11.7,55.6,41.5,61.0,28.8,50.4,61.9,65.3,0.0,0.0,0.0,0.0,0.0,0.0,0.0,0.1,0.3,3000.0,30.00,30,40,40,76,116,884,1,55.9,52.6,55.0,46.7,51.1,44.0,50.4,44.1,50.2,45.4,45.5,42.6,41.5,41.5,51.2,43.5,46.0,46.0,60.0,1.180,1.250,1.100,35.233,14.228,35.241,83.250,7.403,73.938,4.153,5.901,3.652,4.828,3.302,5.330,4.085,3.182,2.945,41.491,17.785,67.419,73.952,2000.0,3000.0,5235.9,5235.9,5250.0,45.6,29.4,46.2,45.6,55.4,Ne,Ne,Ne,5.220,2.972,4.2,31,56,44,26,1.181,5.040,3.408,3.328,12.192,1.101,1.243,3.408,3.280,3.328,1.056,1.056,1.048,1.350,1.814,0.904,3.344,0.064,0.056,0.048,0.048,1.016,1.016,1218,985,2721,51.9,58.3,46,46,22527240,1.175,1.238,605962,14,13,7394254,19,17,6812544,182.7,1.9,43.8,1.350,1.365,1.815,1.800,1.005,5.040,1.875,Ne,Ne,Ne,41.8,1.350,1.365,1.815,1.800,1.005,5.040,1.250,Ne,Ne,Ne,62,78,99.0,100.0,Ne,Ne,30664,54296,0.1,0.4,0.5,1.079,0.333,89199,222691,54.0,66.0,72.0,0.985,1457,2943.0,2238.0,100.0,98.7,31.0,1.4,1.4,28.0,11289,928,32.0,347864,0.0,44.8,0.725,62.000,19.000,97.000,600.0,3000.0,1200.0,100.0,0.0,0.0,0.0,0.0,0.0,0.0,0.0,0.0,0,0,16.0,246,Ne,Ne,Ne,107.2,107.8,9.33,9.19,0.00,9.21,0.12,0,0,0.0,0.0,0,0,0.0,0.0,0,0,0.0,0.0,157787,4552,47.8,13.0,0,0.0,
20.5.2026,12:49:40.154,33591,9568,77.8,19583,12311,61.3,0.7,1.186,1.195,1.185,1.185,1.185,1.185,1.185,1.185,1.185,5225.0,5225.0,5225.0,5225.0,5225.0,5225.0,5225.0,5225.0,5225.0,100.0,2247.7,4578.8,2573.0,1973.0,1972.5,2441.0,2895.1,1683.2,1544.8,2589.2,3452.2,2217.5,2283.6,1868.7,1534.6,1620.1,736.5,2247.7,39.3,73.1,46.6,34.1,34.8,42.4,52.6,29.3,26.9,46.3,64.3,38.3,40.0,32.3,26.5,28.3,12.6,73.1,39.3,45.5,82.9,53.5,39.9,40.3,49.7,60.8,34.0,31.4,53.7,73.2,44.9,46.5,37.8,31.2,32.7,14.8,45.5,52.2,52.2,52.2,52.2,52.2,52.2,52.2,52.2,52.2,0.0,62.7,87.5,56.8,70.4,49.9,81.7,60.9,54.2,40.6,37.3,12.5,43.2,29.6,50.1,18.3,39.1,45.8,59.4,0.0,0.0,0.0,0.0,0.0,0.0,0.0,0.0,0.0,3000.0,30.00,30,40,40,76,116,884,1,55.9,53.9,56.8,48.8,52.2,46.6,52.5,46.8,52.4,47.9,47.6,44.4,42.4,42.4,51.0,43.2,46.0,46.0,60.0,1.182,1.250,1.100,40.460,14.371,40.438,76.250,7.415,80.463,4.813,6.186,4.501,5.506,4.084,5.955,4.862,3.961,3.448,47.749,17.963,73.869,80.443,2000.0,3000.0,5233.7,5233.7,5250.0,49.7,33.7,42.4,49.7,56.8,Ne,Ne,Ne,6.111,3.741,5.0,31,56,45,26,1.172,5.040,3.392,3.328,12.192,1.101,1.243,3.408,3.280,3.328,1.056,1.056,1.048,1.350,1.814,0.904,3.328,0.064,0.056,0.048,0.048,1.016,1.016,1215,993,2721,51.9,58.3,46,46,22527328,1.164,1.238,605964,54,14,7394282,58,17,6812576,182.7,1.9,43.8,1.350,1.365,1.815,1.800,1.005,5.040,2.500,Ne,Ne,Ne,41.8,1.365,1.365,1.815,1.800,1.005,5.040,0.750,Ne,Ne,Ne,62,78,99.0,100.0,Ne,Ne,30664,54296,0.1,0.1,0.2,0.364,0.769,89199,222693,54.0,66.0,71.0,1.005,1437,3011.0,2238.0,100.0,99.2,29.0,1.7,1.7,27.0,11033,944,32.0,347864,0.0,44.9,0.725,26.000,17.000,58.000,600.0,3000.0,1200.0,100.0,0.0,0.0,0.0,0.0,0.0,0.0,0.0,0.0,0,0,16.0,246,Ne,Ne,Ne,126.8,127.6,7.88,7.84,0.00,7.77,0.11,0,0,0.0,0.0,0,0,0.0,0.0,0,0,0.0,0.0,157788,4553,49.1,18.1,0,0.0,
20.5.2026,12:49:42.149,33585,9574,77.8,19594,12300,61.4,0.7,1.184,1.180,1.185,1.185,1.185,1.185,1.185,1.185,1.185,5225.0,5225.0,5225.0,5225.0,5225.0,5225.0,5225.0,5225.0,5225.0,100.0,2176.0,4705.1,2562.6,2047.3,1649.8,2488.0,2654.9,1693.9,1364.7,3032.2,2831.8,2347.1,2014.3,1749.6,1423.2,1615.2,636.7,2176.0,37.7,75.8,45.8,35.4,28.4,42.9,47.5,29.3,23.4,55.7,51.6,40.6,34.7,29.8,24.4,28.1,10.6,75.8,37.7,43.8,85.8,52.6,41.4,33.3,50.4,55.3,34.2,27.4,63.9,59.4,47.5,40.7,35.1,28.8,32.4,12.6,43.8,52.2,52.2,52.2,52.2,52.2,52.2,52.2,52.2,52.2,0.0,61.3,89.9,54.2,68.8,48.0,78.8,60.3,51.4,39.3,38.7,10.1,45.8,31.2,52.0,21.2,39.7,48.6,60.7,0.0,0.0,0.0,0.0,0.0,0.0,0.0,0.0,0.0,3000.0,30.00,30,40,40,76,116,884,1,56.5,54.6,57.6,48.9,52.9,46.4,53.0,46.5,52.8,47.9,47.6,44.2,42.6,42.6,50.8,43.0,46.0,46.0,60.0,1.182,1.250,1.100,40.070,14.235,40.085,79.750,7.406,79.748,4.787,6.314,4.398,5.585,3.957,6.002,4.884,3.813,3.345,47.255,17.794,73.195,79.743,2000.0,3000.0,5234.1,5234.1,5250.0,49.2,33.4,44.3,49.2,57.5,Ne,Ne,Ne,5.196,2.862,4.9,31,56,45,26,1.181,5.040,3.408,3.328,12.192,1.101,1.243,3.408,3.280,3.328,1.056,1.056,1.048,1.359,1.814,0.904,3.344,0.064,0.056,0.048,0.048,1.016,1.016,1237,984,2749,51.9,58.3,46,46,22527418,1.167,1.238,605967,40,13,7394390,83,17,6812680,182.7,1.9,43.8,1.365,1.365,1.815,1.800,1.005,5.040,1.250,Ne,Ne,Ne,41.8,1.365,1.365,1.815,1.800,1.005,5.040,0.625,Ne,Ne,Ne,62,78,99.0,100.0,Ne,Ne,30664,54296,0.4,0.1,0.5,3.681,0.564,89206,222694,54.0,66.0,72.0,0.972,1407,2907.0,2238.0,100.0,98.6,27.0,1.9,1.9,26.0,11033,928,32.0,347864,0.0,44.8,0.725,39.000,17.000,70.000,600.0,3000.0,1200.0,100.0,0.0,0.0,0.0,0.0,0.0,0.0,0.0,0.0,0,0,16.0,246,Ne,Ne,Ne,127.5,128.0,7.84,7.78,0.00,7.72,0.12,0,0,0.0,0.0,0,0,0.0,0.0,0,0,0.0,0.0,157788,4553,53.3,18.0,0,0.0,
20.5.2026,12:49:44.153,33587,9571,77.8,19609,12286,61.4,0.7,1.185,1.185,1.185,1.185,1.185,1.185,1.185,1.185,1.185,5225.0,5225.0,5225.0,5225.0,5225.0,5225.0,5225.0,5225.0,5225.0,100.0,1939.6,4642.6,2145.5,1752.7,1451.6,2254.9,2426.2,1383.0,1210.1,3231.9,2263.8,2060.6,1825.6,1444.8,1065.8,1109.7,764.4,1939.6,34.0,77.5,38.3,30.7,25.5,39.5,42.9,24.2,21.2,60.4,40.5,36.1,32.0,24.9,18.0,19.5,13.5,77.5,34.0,39.2,87.3,43.8,35.6,29.5,46.0,49.6,28.0,24.5,68.6,46.7,42.0,37.1,29.1,21.2,22.4,15.4,39.2,52.2,52.2,52.2,52.2,52.2,52.2,52.2,52.2,52.2,0.0,56.1,88.7,48.5,64.4,41.5,77.0,54.9,40.9,32.6,43.9,11.3,51.5,35.6,58.5,23.0,45.1,59.1,67.4,0.0,0.0,0.0,0.0,0.0,0.0,0.0,0.0,0.0,3000.0,30.00,30,40,40,76,116,884,1,56.1,53.2,57.2,47.4,51.6,44.8,51.4,44.9,51.3,46.2,46.4,42.8,42.0,42.0,51.2,43.3,46.0,46.0,60.0,1.180,1.250,1.100,36.346,14.228,36.362,75.750,7.374,75.248,4.345,5.975,3.893,5.112,3.499,5.589,4.370,3.388,2.935,42.810,17.785,68.706,75.273,2000.0,3000.0,5235.6,5235.6,5250.0,46.5,30.3,42.1,46.5,56.0,Ne,Ne,Ne,5.606,3.175,4.5,31,56,45,26,1.181,5.040,3.408,3.328,12.288,1.101,1.243,3.408,3.280,3.328,1.056,1.056,1.048,1.359,1.814,0.904,3.344,0.064,0.056,0.048,0.048,1.016,1.016,1236,991,2721,51.9,58.3,46,46,22527508,1.183,1.238,605969,34,14,7394470,79,18,6812759,182.7,1.9,43.8,1.365,1.365,1.800,1.800,1.005,5.040,1.000,Ne,Ne,Ne,41.8,1.365,1.365,1.800,1.800,1.005,5.040,1.500,Ne,Ne,Ne,62,78,99.0,100.0,Ne,Ne,30664,54296,1.2,0.1,1.3,10.883,0.295,89227,222694,54.0,66.0,72.0,0.974,1380,2909.0,2238.0,100.0,99.3,26.0,1.5,1.5,26.0,11033,944,32.0,347864,0.0,44.8,0.725,26.000,17.000,57.000,600.0,3000.0,1200.0,100.0,0.0,0.0,0.0,0.0,0.0,0.0,0.0,0.0,0,0,16.0,246,Ne,Ne,Ne,108.2,107.9,9.24,9.26,0.00,9.13,0.11,0,0,0.0,0.0,0,0,0.0,0.0,0,0,0.0,0.0,157788,4553,43.6,14.6,0,0.0,
20.5.2026,12:49:46.155,33657,9501,77.9,19648,12247,61.6,0.7,1.193,1.185,1.185,1.195,1.195,1.195,1.195,1.195,1.195,5225.0,5225.0,5225.0,5225.0,5225.0,5225.0,5225.0,5225.0,5225.0,100.0,2114.7,4656.2,2437.5,1825.2,1724.7,2330.1,2662.0,1445.8,1523.7,2993.2,2746.0,2095.4,2096.0,1712.0,1420.2,1091.5,1074.8,2114.7,37.0,74.5,43.8,31.8,30.2,40.9,47.1,25.3,26.8,55.2,50.1,36.4,36.8,30.3,24.3,19.0,18.8,74.5,37.0,42.6,84.0,50.1,37.1,35.0,47.7,54.6,29.4,30.9,63.3,57.4,42.6,42.7,35.0,28.5,22.0,21.7,42.6,52.2,52.2,52.2,52.2,52.2,52.2,52.2,52.2,52.2,0.0,59.8,89.0,52.3,67.5,46.4,78.8,58.1,49.5,37.1,40.2,11.0,47.7,32.5,53.6,21.2,41.9,50.5,62.9,0.0,0.0,0.0,0.0,0.0,0.0,0.0,0.0,0.0,3000.0,30.00,30,40,40,76,116,884,1,56.4,53.8,58.1,48.1,52.0,45.4,52.0,45.7,51.8,47.0,47.3,43.5,42.1,42.1,51.2,43.2,46.0,46.0,60.0,1.180,1.250,1.100,39.288,14.290,39.252,78.250,7.398,78.876,4.637,6.160,4.161,5.379,3.812,5.814,4.664,3.872,3.231,46.298,17.862,72.298,78.842,2000.0,3000.0,5234.6,5234.6,5250.0,48.7,32.7,43.5,48.7,56.7,Ne,Ne,Ne,6.081,3.495,4.8,31,56,45,26,1.190,5.040,3.408,3.328,12.192,1.101,1.243,3.408,3.280,3.328,1.056,1.056,1.048,1.350,1.814,0.904,3.328,0.064,0.056,0.048,0.048,1.016,1.016,1219,1002,2749,51.9,58.3,46,46,22527598,1.179,1.238,605971,58,14,7394538,25,16,6812828,182.7,1.9,43.8,1.365,1.365,1.800,1.800,1.005,5.040,1.250,Ne,Ne,Ne,41.8,1.365,1.365,1.800,1.815,1.005,5.040,1.000,Ne,Ne,Ne,62,78,99.0,100.0,Ne,Ne,30664,54296,0.0,0.1,0.1,0.044,0.822,89227,222696,54.0,66.0,72.0,0.984,1363,2939.0,2238.0,100.0,99.4,28.0,1.5,1.5,26.0,11033,928,32.0,347864,0.0,44.7,0.725,44.000,18.000,77.000,600.0,3000.0,1200.0,100.0,0.0,0.0,0.0,0.0,0.0,0.0,0.0,0.0,0,0,16.0,246,Ne,Ne,Ne,126.9,127.4,7.88,7.86,0.00,7.76,0.12,0,0,0.0,0.0,0,0,0.0,0.0,0,0,0.0,0.0,157788,4553,47.4,19.7,0,0.0,
20.5.2026,12:49:48.154,33605,9554,77.8,19607,12287,61.4,0.7,1.172,1.185,1.170,1.170,1.170,1.170,1.170,1.170,1.170,5225.0,5225.0,5225.0,5225.0,5225.0,5225.0,5225.0,5225.0,5225.0,100.0,2276.4,4643.3,2593.2,1921.1,2023.2,2448.7,2947.4,1475.6,1790.7,2874.6,3177.7,2428.7,2249.1,1572.9,1849.8,1004.4,1422.1,2276.4,39.3,73.5,46.3,32.6,34.9,42.4,53.1,24.9,30.8,52.0,58.6,41.7,39.1,26.6,31.2,16.9,24.5,73.5,39.3,46.0,83.7,53.4,38.8,41.1,50.1,61.8,29.8,36.2,60.3,67.2,49.3,45.9,31.8,37.3,20.2,28.7,46.0,52.2,52.2,52.2,52.2,52.2,52.2,52.2,52.2,52.2,0.0,63.6,88.7,56.9,72.6,50.0,82.3,64.4,53.0,40.6,36.4,11.3,43.1,27.4,50.0,17.7,35.6,47.0,59.4,0.0,0.0,0.0,0.0,0.0,0.0,0.0,0.0,0.0,3000.0,30.00,30,40,40,76,116,884,1,57.1,55.3,59.9,49.5,53.2,46.8,53.7,47.1,53.5,48.5,48.7,44.7,43.1,43.1,50.8,43.3,46.0,46.0,60.0,1.181,1.250,1.100,42.764,14.411,42.784,75.000,7.427,83.239,4.923,6.316,4.501,5.709,4.103,6.089,5.061,4.130,3.476,50.419,18.014,76.603,83.270,2000.0,3000.0,5233.8,5233.8,5250.0,51.4,35.7,41.7,51.4,58.2,Ne,Ne,Ne,6.781,4.043,5.1,31,57,46,26,1.181,5.040,3.408,3.328,12.288,1.101,1.234,3.392,3.280,3.328,1.056,1.056,1.048,1.350,1.814,0.904,3.328,0.064,0.056,0.048,0.048,1.016,1.016,1241,986,2749,51.9,58.3,46,46,22527688,1.175,1.234,605974,65,14,7394654,26,17,6812940,182.7,1.9,43.8,1.365,1.365,1.800,1.815,1.005,5.040,1.875,Ne,Ne,Ne,42.0,1.365,1.365,1.800,1.815,1.005,5.040,1.500,Ne,Ne,Ne,62,78,99.0,100.0,Ne,Ne,30664,54296,0.1,0.1,0.2,0.048,0.485,89228,222697,54.0,66.0,72.0,0.982,1355,2933.0,2238.0,100.0,98.9,29.0,1.7,1.7,26.0,11033,928,32.0,347864,0.0,44.8,0.725,10.000,18.000,109.000,600.0,3000.0,1200.0,100.0,0.0,0.0,0.0,0.0,0.0,0.0,0.0,0.0,0,0,16.0,246,Ne,Ne,Ne,130.3,129.8,7.68,7.69,0.00,7.57,0.11,0,0,0.0,0.0,0,0,0.0,0.0,0,0,0.0,0.0,157788,4553,43.8,20.6,0,0.0,
20.5.2026,12:49:50.155,33598,9561,77.8,19604,12291,61.4,0.7,1.189,1.180,1.190,1.190,1.190,1.190,1.190,1.190,1.190,5225.0,5225.0,5225.0,5225.0,5225.0,5225.0,5225.0,5225.0,5225.0,100.0,2161.0,4543.0,2415.1,1766.3,1927.0,2502.5,2628.2,1384.5,1708.3,3238.4,2697.6,2217.5,2144.9,1240.3,1922.6,834.6,1404.5,2161.0,37.6,72.8,43.4,30.2,33.6,43.4,47.5,23.8,29.9,59.7,48.9,38.0,37.3,20.5,33.6,14.5,24.8,72.8,37.6,43.4,82.5,49.6,35.3,38.8,50.9,55.1,27.7,34.4,68.3,56.0,44.5,43.3,24.3,38.9,16.6,28.2,43.4,52.2,52.2,52.2,52.2,52.2,52.2,52.2,52.2,52.2,0.0,61.1,86.8,53.8,70.3,47.5,82.9,60.3,49.6,37.3,38.9,13.2,46.2,29.7,52.5,17.1,39.7,50.4,62.7,0.0,0.0,0.0,0.0,0.0,0.0,0.0,0.0,0.0,3000.0,30.00,30,40,40,76,116,884,1,56.9,54.6,53.8,48.7,52.5,46.0,52.8,46.4,52.9,47.6,47.3,44.0,42.6,42.6,50.8,42.9,46.0,46.0,60.0,1.181,1.250,1.100,41.216,14.314,41.202,80.750,7.421,81.188,4.692,6.113,4.265,5.479,3.918,5.991,4.791,3.711,3.269,48.593,17.892,74.648,81.213,2000.0,3000.0,5234.3,5234.3,5250.0,50.1,34.3,44.9,50.1,57.5,Ne,Ne,Ne,6.040,3.447,4.9,31,56,45,26,1.172,5.040,3.408,3.328,12.192,1.101,1.243,3.408,3.280,3.328,1.056,1.056,1.048,1.359,1.814,0.904,3.344,0.064,0.056,0.048,0.048,1.016,1.016,1265,1044,2721,51.9,58.3,46,46,22527780,1.179,1.238,605976,29,13,7394784,31,17,6813066,182.7,1.9,43.8,1.365,1.365,1.800,1.815,1.005,5.040,0.625,Ne,Ne,Ne,42.0,1.365,1.365,1.800,1.815,1.005,5.040,1.250,Ne,Ne,Ne,62,78,99.0,100.0,Ne,Ne,30664,54296,0.4,0.1,0.5,3.733,0.999,89235,222699,54.0,66.0,73.0,0.960,1354,2868.0,2238.0,100.0,99.6,25.0,1.4,1.4,26.0,11033,944,32.0,347864,0.0,44.8,0.725,38.000,17.000,70.000,600.0,3000.0,1200.0,100.0,0.0,0.0,0.0,0.0,0.0,0.0,0.0,0.0,0,0,16.0,246,Ne,Ne,Ne,107.2,106.4,9.33,9.38,0.00,9.22,0.11,0,0,0.0,0.0,0,0,0.0,0.0,0,0,0.0,0.0,157788,4553,51.5,19.4,0,0.0,
20.5.2026,12:49:52.152,33599,9560,77.8,19597,12298,61.4,0.7,1.184,1.165,1.185,1.185,1.185,1.185,1.185,1.190,1.190,5082.1,5225.0,5225.0,5225.0,5225.0,5225.0,5225.0,4653.5,4653.5,100.0,1974.5,4573.3,2144.3,1536.5,1751.6,2363.5,2303.6,1199.6,1543.7,3327.0,2185.7,2114.1,1900.8,994.9,1386.3,821.6,1444.8,1974.5,33.8,76.2,37.5,25.7,30.0,40.8,39.7,20.0,26.3,61.1,38.1,36.0,32.5,16.7,23.6,12.4,23.9,76.2,33.8,39.7,86.4,43.6,30.9,35.4,48.2,46.8,24.1,31.1,70.2,44.7,42.8,38.5,20.0,27.8,15.8,28.7,39.7,50.8,52.2,52.2,52.2,52.2,52.2,52.2,46.5,46.5,0.0,56.7,87.4,48.4,64.0,42.8,77.2,56.2,39.7,37.4,43.3,12.6,51.6,36.0,57.2,22.8,43.8,60.3,62.6,0.0,0.0,0.0,0.0,0.0,0.0,0.0,0.0,0.0,3000.0,30.00,30,40,40,76,116,884,1,56.4,53.7,53.8,47.7,52.0,45.0,51.4,45.2,51.6,46.6,46.4,43.5,42.1,42.1,50.8,43.0,46.0,46.0,60.0,1.182,1.250,1.100,38.835,14.175,38.857,77.250,7.407,78.176,4.447,6.077,3.987,5.074,3.610,5.678,4.528,3.390,3.230,45.795,17.718,71.661,78.196,2000.0,3000.0,5234.5,5234.5,5250.0,48.3,32.4,42.9,48.3,56.5,Ne,Ne,Ne,4.906,2.776,4.5,31,56,45,26,1.172,5.040,3.408,3.328,12.192,1.101,1.243,3.408,3.280,3.328,1.056,1.056,1.048,1.359,1.814,0.904,3.328,0.064,0.056,0.048,0.048,1.016,1.016,1227,994,2721,51.9,58.3,46,46,22527872,1.183,1.238,605978,16,13,7394842,36,17,6813125,182.7,1.9,43.8,1.350,1.365,1.800,1.815,1.005,5.040,0.750,Ne,Ne,Ne,42.0,1.365,1.365,1.800,1.815,1.005,5.040,0.250,Ne,Ne,Ne,62,78,99.0,100.0,Ne,Ne,30664,54296,1.1,0.1,1.1,9.676,0.661,89253,222700,54.0,66.0,72.0,1.006,1354,3016.0,2238.0,100.0,99.2,26.0,1.3,1.3,26.0,11033,928,32.0,347864,0.0,44.8,0.725,62.000,17.000,94.000,600.0,3000.0,1200.0,100.0,0.0,0.0,0.0,0.0,0.0,0.0,0.0,0.0,0,0,16.0,246,Ne,Ne,Ne,120.7,121.4,8.28,8.25,0.00,8.17,0.11,0,0,0.0,0.0,0,0,0.0,0.0,0,0,0.0,0.0,157789,4553,405.7,29.1,0,0.0,
20.5.2026,12:49:54.149,33632,9527,77.9,19601,12294,61.4,0.7,1.189,1.185,1.190,1.190,1.190,1.190,1.190,1.190,1.190,5225.0,5225.0,5225.0,5225.0,5225.0,5225.0,5225.0,5225.0,5225.0,100.0,2103.3,4602.9,2294.1,1587.1,2011.3,2436.4,2448.7,1197.9,1797.6,2680.7,2979.4,2170.7,2127.0,1054.5,1543.4,1155.7,1565.8,2103.3,36.7,77.2,40.9,27.1,35.3,42.3,42.9,20.5,31.5,48.1,54.6,37.5,37.1,18.4,27.2,19.5,26.9,77.2,36.7,42.4,87.1,46.9,32.0,40.9,49.5,49.9,24.0,36.4,55.8,62.5,44.0,43.1,21.2,31.2,23.0,31.4,42.4,52.2,52.2,52.2,52.2,52.2,52.2,52.2,52.2,52.2,0.0,59.7,88.0,52.2,65.8,47.1,77.3,58.2,43.8,45.0,40.3,12.0,47.8,34.2,52.9,22.7,41.8,56.2,55.0,0.0,0.0,0.0,0.0,0.0,0.0,0.0,0.0,0.0,3000.0,30.00,30,40,40,76,116,884,1,56.2,54.2,58.1,48.4,52.6,45.7,52.2,46.0,52.0,47.4,47.1,44.5,42.4,42.4,50.8,43.1,46.0,46.0,60.0,1.182,1.250,1.100,39.711,14.129,39.702,74.250,7.380,79.144,4.673,6.213,4.249,5.303,3.870,5.739,4.728,3.621,3.659,46.862,17.661,72.640,79.126,2000.0,3000.0,5234.5,5234.5,5250.0,48.8,33.1,41.2,48.8,57.1,Ne,Ne,Ne,4.673,2.785,4.8,31,56,45,26,1.172,5.040,3.392,3.328,12.192,1.101,1.243,3.408,3.280,3.328,1.056,1.056,1.048,1.350,1.814,0.904,3.344,0.064,0.056,0.048,0.048,1.016,1.016,1236,1019,2721,51.9,58.3,46,46,22527962,1.179,1.238,605981,12,14,7394874,41,16,6813160,182.7,1.9,43.8,1.365,1.365,1.800,1.815,1.005,5.040,1.375,Ne,Ne,Ne,42.0,1.365,1.380,1.800,1.815,1.005,5.040,0.625,Ne,Ne,Ne,62,78,99.0,100.0,Ne,Ne,30664,54296,0.1,0.1,0.2,0.120,0.934,89253,222702,54.0,66.0,73.0,1.001,1354,3004.0,2238.0,100.0,99.3,26.0,1.4,1.4,26.0,11033,928,32.0,347864,0.0,44.8,0.725,38.000,17.000,70.000,600.0,3000.0,1200.0,100.0,0.0,0.0,0.0,0.0,0.0,0.0,0.0,0.0,0,0,16.0,246,Ne,Ne,Ne,133.8,134.1,7.47,7.46,0.00,7.36,0.11,0,0,0.0,0.0,0,0,0.0,0.0,0,0,0.0,0.0,157789,4553,70.1,19.0,0,0.0,
20.5.2026,12:49:56.154,33629,9529,77.9,19624,12271,61.5,0.7,1.190,1.190,1.190,1.190,1.190,1.190,1.190,1.190,1.190,5010.7,5225.0,5225.0,5225.0,4653.5,5225.0,5225.0,4653.5,4653.5,100.0,1960.3,4581.5,2221.0,1470.0,1783.9,2302.4,2344.6,1173.5,1508.0,2343.4,3100.0,2000.6,1948.1,1006.3,1296.0,984.4,1301.4,1960.3,33.7,76.2,39.4,24.7,30.8,39.4,41.1,19.8,25.9,40.8,57.3,33.8,33.6,17.0,22.5,15.8,21.8,76.2,33.7,39.4,86.2,45.5,29.5,36.2,46.6,48.0,23.6,30.4,47.9,65.5,40.3,39.5,20.1,26.2,19.3,25.9,39.4,50.1,52.2,52.2,52.2,46.5,52.2,52.2,46.5,46.5,0.0,56.5,87.5,49.0,62.8,43.6,74.9,55.5,39.8,38.9,43.5,12.5,51.0,37.2,56.4,25.1,44.5,60.2,61.1,0.0,0.0,0.0,0.0,0.0,0.0,0.0,0.0,0.0,3000.0,30.00,30,40,40,76,116,884,1,55.6,53.2,55.5,47.5,51.7,44.9,51.3,45.1,51.1,46.4,46.2,43.5,42.0,42.0,51.2,43.2,46.0,46.0,60.0,1.182,1.250,1.100,36.888,14.057,36.915,71.000,7.388,75.675,4.404,6.027,3.975,5.053,3.589,5.528,4.426,3.342,3.293,43.486,17.571,69.185,75.676,2000.0,3000.0,5235.1,5235.1,5250.0,46.7,30.8,39.4,46.7,56.0,Ne,Ne,Ne,4.210,2.486,4.5,31,55,44,26,1.181,5.040,3.408,3.328,12.192,1.101,1.243,3.408,3.280,3.328,1.056,1.056,1.048,1.350,1.814,0.904,3.344,0.064,0.056,0.048,0.048,1.016,1.016,1212,966,2721,51.9,58.3,46,46,22528052,1.164,1.238,605983,17,14,7394898,45,18,6813188,182.7,1.9,43.8,1.365,1.380,1.800,1.815,1.005,5.040,0.625,Ne,Ne,Ne,42.0,1.365,1.380,1.800,1.815,1.005,5.040,0.750,Ne,Ne,Ne,62,78,99.0,100.0,Ne,Ne,30664,54296,0.0,0.1,0.1,0.000,0.849,89253,222704,55.0,66.0,72.0,1.010,1354,3024.0,2238.0,100.0,99.1,27.0,1.6,1.6,26.0,11033,928,32.0,347864,0.0,44.7,0.725,39.000,17.000,71.000,600.0,3000.0,1200.0,100.0,0.0,0.0,0.0,0.0,0.0,0.0,0.0,0.0,0,0,16.0,246,Ne,Ne,Ne,143.6,143.5,6.96,6.97,0.00,6.85,0.11,0,0,0.0,0.0,0,0,0.0,0.0,0,0,0.0,0.0,157789,4553,36.8,16.6,0,0.0,
20.5.2026,12:49:58.152,33659,9499,77.9,19609,12286,61.4,0.7,1.190,1.190,1.190,1.190,1.190,1.190,1.190,1.190,1.190,5225.0,5225.0,5225.0,5225.0,5225.0,5225.0,5225.0,5225.0,5225.0,100.0,2020.8,4521.5,2276.3,1714.6,1707.1,2435.7,2269.4,1434.6,1438.2,3149.1,2441.0,2147.4,1915.2,1289.5,1125.8,1357.4,1109.4,2020.8,35.4,74.8,41.0,30.1,30.0,42.9,39.8,25.2,25.2,58.0,44.1,37.5,33.5,22.5,19.7,23.5,19.1,74.8,35.4,40.8,84.5,46.9,34.8,34.7,49.8,46.2,29.1,29.1,66.2,50.8,43.6,38.9,25.9,22.7,27.3,22.2,40.8,52.2,52.2,52.2,52.2,52.2,52.2,52.2,52.2,52.2,0.0,57.5,86.4,50.3,63.3,45.2,76.5,56.1,40.4,41.6,42.5,13.6,49.7,36.7,54.8,23.5,43.9,59.6,58.4,0.0,0.0,0.0,0.0,0.0,0.0,0.0,0.0,0.0,3000.0,30.00,30,40,40,76,116,884,1,55.6,53.4,55.0,47.7,51.8,45.0,51.4,45.3,51.4,46.5,46.3,43.6,42.0,42.0,51.5,43.3,46.0,46.0,60.0,1.181,1.250,1.100,37.756,14.172,37.733,78.000,7.420,76.896,4.494,6.082,4.065,5.125,3.717,5.640,4.513,3.416,3.395,44.511,17.715,70.388,76.893,2000.0,3000.0,5234.7,5234.7,5250.0,47.5,31.4,43.3,47.5,56.2,Ne,Ne,Ne,5.271,3.073,4.6,31,56,44,26,1.181,5.040,3.408,3.328,12.192,1.101,1.243,3.392,3.280,3.328,1.056,1.056,1.048,1.359,1.814,0.904,3.328,0.064,0.056,0.048,0.048,1.016,1.016,1220,1007,2749,51.9,58.3,46,46,22528140,1.187,1.238,605985,24,13,7394932,89,17,6813224,182.7,1.9,43.8,1.365,1.380,1.800,1.800,1.005,5.040,0.750,Ne,Ne,Ne,42.0,1.365,1.380,1.800,1.800,1.005,5.040,1.875,Ne,Ne,Ne,62,78,99.0,100.0,Ne,Ne,30664,54296,1.2,0.4,1.6,1.319,0.419,89256,222704,55.0,66.0,73.0,0.988,1353,2964.0,2238.0,100.0,99.3,22.0,1.4,1.4,26.0,11033,928,32.0,347864,0.0,44.7,0.725,4.000,18.000,103.000,600.0,3000.0,1200.0,100.0,0.0,0.0,0.0,0.0,0.0,0.0,0.0,0.0,0,0,16.0,246,Ne,Ne,Ne,128.7,129.1,7.77,7.74,0.00,7.65,0.12,0,0,0.0,0.0,0,0,0.0,0.0,0,0,0.0,0.0,157789,4553,48.6,19.0,0,0.0,
20.5.2026,12:50:0.150,33664,9494,78.0,19612,12282,61.4,0.7,1.174,1.190,1.170,1.170,1.170,1.170,1.170,1.175,1.175,5225.0,5225.0,5225.0,5225.0,5225.0,5225.0,5225.0,5225.0,5225.0,100.0,2217.2,4711.7,2555.2,2110.5,1679.0,2793.1,2350.1,1811.3,1328.4,3299.0,2810.3,2453.0,2070.0,1931.1,742.7,1915.5,914.6,2217.2,39.1,78.2,45.9,37.0,29.1,50.4,41.2,31.7,22.9,61.4,51.1,43.8,36.2,34.0,12.4,34.0,15.7,78.2,39.1,45.1,88.2,52.7,43.1,34.2,58.2,48.0,36.9,27.0,69.9,58.8,50.7,42.2,39.3,15.0,39.3,18.7,45.1,52.2,52.2,52.2,52.2,52.2,52.2,52.2,52.2,52.2,0.0,62.4,90.1,55.1,67.6,50.0,81.2,60.9,45.7,49.0,37.6,9.9,44.9,32.4,50.0,18.8,39.1,54.3,51.0,0.0,0.0,0.0,0.0,0.0,0.0,0.0,0.0,0.0,3000.0,30.00,30,40,40,76,116,884,1,56.5,54.5,57.6,48.9,52.9,46.1,52.7,46.4,52.7,47.8,47.6,44.8,42.7,42.7,51.0,43.1,46.0,46.0,60.0,1.182,1.250,1.100,40.847,14.397,40.854,77.250,7.402,81.009,4.842,6.378,4.414,5.456,4.049,6.033,4.910,3.751,3.750,48.183,17.996,74.321,81.032,2000.0,3000.0,5233.3,5233.3,5250.0,50.0,34.0,42.9,50.0,57.4,Ne,Ne,Ne,7.547,4.708,5.0,31,56,45,26,1.172,5.040,3.408,3.328,12.192,1.101,1.243,3.408,3.280,3.328,1.056,1.056,1.048,1.350,1.814,0.904,3.344,0.064,0.056,0.048,0.048,1.016,1.016,1215,971,2721,51.9,58.3,46,46,22528228,1.179,1.234,605988,30,13,7394980,23,16,6813275,182.7,1.9,43.8,1.365,1.380,1.800,1.800,1.005,5.040,1.625,Ne,Ne,Ne,42.0,1.365,1.380,1.800,1.800,1.005,5.040,1.000,Ne,Ne,Ne,62,78,99.0,100.0,Ne,Ne,30664,54296,0.1,0.1,0.2,0.203,0.580,89256,222705,55.0,66.0,72.0,1.001,1354,3000.0,2238.0,100.0,99.3,31.0,1.6,1.6,26.0,11033,928,32.0,347864,0.0,44.8,0.725,22.000,17.000,54.000,600.0,3000.0,1200.0,100.0,0.0,0.0,0.0,0.0,0.0,0.0,0.0,0.0,0,0,16.0,246,Ne,Ne,Ne,143.1,143.2,6.99,6.98,0.00,6.87,0.11,0,0,0.0,0.0,0,0,0.0,0.0,0,0,0.0,0.0,157789,4553,46.4,21.4,0,0.0,
20.5.2026,12:50:2.149,33615,9544,77.8,19605,12290,61.4,0.7,1.181,1.180,1.170,1.170,1.185,1.185,1.185,1.185,1.185,5225.0,5225.0,5225.0,5225.0,5225.0,5225.0,5225.0,5225.0,5225.0,100.0,2116.9,4640.7,2371.7,2065.0,1580.4,2623.3,2369.2,1688.8,1273.8,2909.7,3088.0,2320.3,1956.4,1809.4,762.6,1702.0,709.0,2116.9,37.3,78.1,42.4,36.2,27.7,46.9,41.9,29.4,22.1,53.1,57.1,40.7,34.4,32.1,13.3,29.4,11.7,78.1,37.3,42.9,88.1,48.5,42.0,32.1,54.4,48.4,34.1,25.7,60.8,65.0,47.4,39.8,36.7,15.4,34.1,13.9,42.9,52.2,52.2,52.2,52.2,52.2,52.2,52.2,52.2,52.2,0.0,60.3,88.7,53.9,66.6,46.7,82.1,59.5,43.6,41.0,39.7,11.3,46.1,33.4,53.3,17.9,40.5,56.4,59.0,0.0,0.0,0.0,0.0,0.0,0.0,0.0,0.0,0.0,3000.0,30.00,30,40,40,76,116,884,1,56.1,53.8,53.2,48.3,52.1,45.7,52.2,45.9,52.4,47.3,47.2,43.9,42.4,42.4,51.2,42.8,46.0,46.0,60.0,1.181,1.250,1.100,38.554,14.222,38.565,73.250,7.402,77.862,4.654,6.138,4.273,5.305,3.853,5.938,4.731,3.619,3.375,45.432,17.778,71.352,77.879,2000.0,3000.0,5234.1,5234.1,5250.0,48.1,32.1,40.7,48.1,56.6,Ne,Ne,Ne,5.145,2.797,4.8,31,56,45,26,1.172,5.040,3.408,3.328,12.192,1.101,1.243,3.408,3.280,3.328,1.056,1.056,1.048,1.359,1.814,0.904,3.344,0.064,0.056,0.048,0.048,1.016,1.016,1219,988,2772,51.9,58.3,46,46,22528318,1.179,1.238,605990,41,14,7395040,61,17,6813335,182.7,1.9,43.8,1.365,1.380,1.800,1.800,1.005,5.040,0.375,Ne,Ne,Ne,42.0,1.365,1.380,1.800,1.800,1.005,5.110,1.000,Ne,Ne,Ne,62,78,99.0,100.0,Ne,Ne,30664,54296,0.0,0.2,0.2,0.006,0.393,89256,222706,55.0,66.0,72.0,0.987,1354,2957.0,2238.0,100.0,99.0,30.0,1.5,1.5,26.0,11033,928,32.0,347864,0.0,44.8,0.725,27.000,17.000,59.000,600.0,3000.0,1200.0,100.0,0.0,0.0,0.0,0.0,0.0,0.0,0.0,0.0,0,0,16.0,246,Ne,Ne,Ne,130.7,130.5,7.65,7.66,0.00,7.54,0.11,0,0,0.0,0.0,0,0,0.0,0.0,0,0,0.0,0.0,157789,4553,43.5,19.9,0,0.0,
20.5.2026,12:50:4.158,33656,9502,77.9,19603,12292,61.4,0.7,1.188,1.190,1.190,1.190,1.190,1.185,1.185,1.185,1.185,5225.0,5225.0,5225.0,5225.0,5225.0,5225.0,5225.0,5225.0,5225.0,100.0,1886.0,4579.9,2050.5,1766.7,1367.4,2466.8,2026.6,1496.1,1062.0,2748.2,2621.9,2046.1,1700.9,1581.3,602.0,1503.5,556.5,1886.0,33.1,79.2,36.7,30.8,23.7,43.4,35.5,26.2,18.3,50.0,47.7,35.7,29.5,27.9,10.1,25.9,9.2,79.2,33.1,38.3,89.1,42.1,35.9,27.8,50.4,41.4,30.4,21.5,57.4,54.6,41.7,34.5,32.1,12.1,30.2,11.1,38.3,52.2,52.2,52.2,52.2,52.2,52.2,52.2,52.2,52.2,0.0,54.6,87.5,47.3,59.8,41.5,73.7,52.3,38.0,36.3,45.4,12.5,52.7,40.2,58.5,26.3,47.7,62.0,63.7,0.0,0.0,0.0,0.0,0.0,0.0,0.0,0.0,0.0,3000.0,30.00,30,40,40,76,116,884,1,55.8,53.1,55.5,47.1,51.5,44.4,50.9,44.6,50.9,45.7,45.9,42.8,41.8,41.8,50.8,42.9,46.0,46.0,60.0,1.180,1.250,1.100,36.159,14.132,36.153,74.500,7.381,74.824,4.287,6.022,3.825,4.936,3.470,5.517,4.229,3.249,3.047,42.573,17.665,68.357,74.822,2000.0,3000.0,5235.1,5235.1,5250.0,46.2,30.1,41.4,46.2,55.9,Ne,Ne,Ne,4.458,2.404,4.4,31,55,45,26,1.181,5.040,3.408,3.328,12.192,1.101,1.243,3.408,3.280,3.328,1.056,1.056,1.048,1.350,1.814,0.904,3.328,0.064,0.056,0.048,0.048,1.016,1.016,1238,999,2743,51.9,58.3,46,46,22528408,1.175,1.238,605992,47,14,7395122,14,17,6813417,182.7,1.9,43.8,1.350,1.380,1.800,1.800,1.005,5.110,0.375,Ne,Ne,Ne,42.0,1.350,1.380,1.800,1.800,1.005,5.110,1.000,Ne,Ne,Ne,62,78,99.0,100.0,Ne,Ne,30664,54296,0.3,0.0,0.3,0.343,0.257,89257,222707,55.0,66.0,72.0,0.976,1354,2906.0,2238.0,100.0,99.3,28.0,1.5,1.5,26.0,11049,928,32.0,347880,0.0,44.7,0.725,2.000,17.000,100.000,600.0,3000.0,1200.0,100.0,0.0,0.0,0.0,0.0,0.0,0.0,0.0,0.0,0,0,16.0,246,Ne,Ne,Ne,121.0,121.1,8.26,8.26,0.00,8.15,0.11,0,0,0.0,0.0,0,0,0.0,0.0,0,0,0.0,0.0,157789,4553,43.0,17.2,0,0.0,
20.5.2026,12:50:6.154,33616,9543,77.8,19591,12304,61.4,0.7,1.188,1.175,1.190,1.190,1.190,1.190,1.190,1.190,1.190,5225.0,5225.0,5225.0,5225.0,5225.0,5225.0,5225.0,5225.0,5225.0,100.0,2135.7,4611.2,2380.6,2062.9,1521.2,2877.4,2269.3,1752.2,1283.8,3394.8,2239.2,2425.8,1891.8,1875.5,1329.3,1621.8,634.5,2135.7,37.4,76.2,42.6,35.8,26.5,51.3,39.5,30.6,22.3,62.9,39.9,42.3,32.9,32.3,23.1,28.8,10.9,76.2,37.4,43.2,86.4,48.8,41.8,30.9,59.8,46.2,35.5,25.9,72.0,46.1,49.4,38.4,37.8,27.1,32.9,12.7,43.2,52.2,52.2,52.2,52.2,52.2,52.2,52.2,52.2,52.2,0.0,59.8,88.1,51.8,67.9,46.6,76.9,59.5,49.5,37.9,40.2,11.9,48.2,32.1,53.4,23.1,40.5,50.5,62.1,0.0,0.0,0.0,0.0,0.0,0.0,0.0,0.0,0.0,3000.0,30.00,30,40,40,76,116,884,1,56.0,53.5,55.5,48.0,51.8,45.3,52.0,45.6,51.8,46.9,47.4,43.5,42.1,42.1,51.2,43.1,46.0,46.0,60.0,1.181,1.250,1.100,40.078,14.280,40.057,75.000,7.415,79.733,4.645,6.079,4.173,5.377,3.866,5.763,4.708,3.904,3.293,47.231,17.850,73.237,79.754,2000.0,3000.0,5234.1,5234.1,5250.0,49.2,33.4,41.7,49.2,56.3,Ne,Ne,Ne,5.388,3.022,4.8,31,56,44,26,1.163,5.000,3.392,3.328,12.192,1.101,1.234,3.392,3.280,3.328,1.056,1.056,1.048,1.350,1.814,0.904,3.328,0.064,0.056,0.048,0.048,1.016,1.016,1206,990,2721,51.9,58.3,46,46,22528498,1.171,1.238,605995,32,13,7395216,68,17,6813509,182.7,1.9,43.8,1.350,1.365,1.800,1.800,1.005,5.110,1.250,Ne,Ne,Ne,42.0,1.350,1.365,1.800,1.800,1.005,5.110,0.750,Ne,Ne,Ne,62,78,99.0,100.0,Ne,Ne,30664,54296,0.5,0.1,0.6,0.792,1.024,89259,222709,55.0,66.0,72.0,0.965,1353,2902.0,2238.0,100.0,99.2,28.0,1.6,1.6,26.0,11017,928,32.0,347880,0.0,44.7,0.725,11.000,18.000,111.000,600.0,3000.0,1200.0,100.0,0.0,0.0,0.0,0.0,0.0,0.0,0.0,0.0,0,0,16.0,246,Ne,Ne,Ne,132.7,132.2,7.54,7.55,0.00,7.41,0.12,0,0,0.0,0.0,0,0,0.0,0.0,0,0,0.0,0.0,157790,4553,84.6,20.6,0,0.0,
20.5.2026,12:50:8.150,33619,9540,77.8,19604,12290,61.4,0.7,1.184,1.185,1.185,1.190,1.190,1.190,1.190,1.170,1.170,5225.0,5225.0,5225.0,5225.0,5225.0,5225.0,5225.0,5225.0,5225.0,100.0,1924.4,4604.3,2171.7,1741.2,1453.4,2489.5,2060.6,1332.3,1278.9,3061.5,2235.9,2031.9,1787.6,1352.8,1109.0,1256.3,823.2,1924.4,33.4,75.7,38.9,29.9,25.3,43.7,36.1,23.0,22.3,55.7,40.3,35.0,31.1,23.1,19.4,21.2,13.6,75.7,33.4,38.7,85.5,44.6,35.2,29.5,51.2,42.2,26.8,25.9,64.0,46.4,41.2,36.2,27.0,22.6,24.9,16.2,38.7,52.2,52.2,52.2,52.2,52.2,52.2,52.2,52.2,52.2,0.0,55.2,88.0,47.8,62.4,40.9,74.3,53.7,40.0,34.4,44.8,12.0,52.2,37.6,59.1,25.7,46.3,60.0,65.6,0.0,0.0,0.0,0.0,0.0,0.0,0.0,0.0,0.0,3000.0,30.00,30,40,40,76,116,884,1,56.1,53.6,54.1,47.5,51.8,44.7,51.3,44.8,51.5,46.1,46.4,43.0,42.1,42.1,51.0,43.1,46.0,46.0,60.0,1.180,1.250,1.100,37.394,14.229,37.409,77.000,7.389,76.571,4.340,5.993,3.899,5.001,3.517,5.594,4.349,3.328,3.042,44.058,17.786,69.972,76.534,2000.0,3000.0,5234.4,5234.4,5250.0,47.2,31.2,42.8,47.2,56.5,Ne,Ne,Ne,5.310,2.948,4.4,31,56,45,26,1.172,5.040,3.392,3.328,12.192,1.101,1.243,3.392,3.280,3.328,1.056,1.056,1.048,1.359,1.814,0.904,3.328,0.064,0.056,0.048,0.048,1.016,1.016,1234,991,2772,51.9,58.3,46,46,22528586,1.167,1.238,605997,11,13,7395280,34,17,6813573,182.7,1.9,43.8,1.350,1.365,1.800,1.800,1.005,5.110,0.375,Ne,Ne,Ne,42.0,1.350,1.365,1.815,1.800,1.005,5.110,0.750,Ne,Ne,Ne,62,78,99.0,100.0,Ne,Ne,30664,54296,1.1,0.1,1.2,3.650,0.688,89266,222710,55.0,66.0,73.0,0.952,1353,2848.0,2238.0,100.0,99.8,28.0,1.2,1.2,26.0,11017,928,32.0,347880,0.0,44.7,0.725,14.000,16.000,45.000,600.0,3000.0,1200.0,100.0,0.0,0.0,0.0,0.0,0.0,0.0,0.0,0.0,0,0,16.0,246,Ne,Ne,Ne,107.1,107.2,9.34,9.33,0.00,9.21,0.13,0,0,0.0,0.0,0,0,0.0,0.0,0,0,0.0,0.0,157790,4553,366.8,24.9,0,0.0,
20.5.2026,12:50:10.150,33757,9402,78.2,19683,12211,61.7,0.7,1.181,1.180,1.180,1.175,1.175,1.185,1.185,1.185,1.185,5225.0,5225.0,5225.0,5225.0,5225.0,5225.0,5225.0,5225.0,5225.0,100.0,1807.9,4432.3,1943.2,1370.2,1547.2,2226.5,1989.2,1052.0,1298.8,2264.4,3171.3,1714.8,1860.4,1020.6,1050.4,956.8,1028.8,1807.9,31.9,76.2,34.4,23.9,27.2,39.2,35.2,18.3,22.8,40.6,59.2,30.1,32.6,18.0,18.6,16.6,18.0,76.2,31.9,36.6,85.9,39.5,27.7,31.4,45.4,40.7,21.2,26.3,46.7,66.9,34.9,37.8,20.6,21.3,19.2,20.8,36.6,52.2,52.2,52.2,52.2,52.2,52.2,52.2,52.2,52.2,0.0,52.8,84.7,44.1,57.6,38.5,76.5,49.8,35.9,34.9,47.2,15.3,55.9,42.4,61.5,23.5,50.2,64.1,65.1,0.0,0.0,0.0,0.0,0.0,0.0,0.0,0.0,0.0,3000.0,30.00,30,40,40,76,116,884,1,55.2,52.4,54.1,46.5,50.4,43.8,50.2,43.9,50.5,45.3,45.5,42.5,41.6,41.6,51.0,43.1,46.0,46.0,60.0,1.180,1.250,1.100,35.015,14.278,35.021,76.750,7.391,73.779,4.112,5.617,3.629,4.751,3.288,5.396,4.110,3.126,2.980,41.231,17.847,67.208,73.836,2000.0,3000.0,5235.1,5235.1,5250.0,45.6,29.2,42.6,45.6,55.1,Ne,Ne,Ne,6.452,3.771,4.2,31,55,44,26,1.181,5.040,3.392,3.328,12.192,1.101,1.243,3.392,3.280,3.328,1.056,1.056,1.048,1.350,1.814,0.904,3.328,0.064,0.056,0.048,0.048,1.016,1.016,1223,1007,2721,51.9,58.3,46,46,22528676,1.179,1.238,606000,14,14,7395302,47,19,6813599,182.7,1.9,43.8,1.350,1.365,1.815,1.800,1.005,5.110,1.250,Ne,Ne,Ne,42.0,1.350,1.365,1.815,1.815,1.005,5.110,1.000,Ne,Ne,Ne,62,78,99.0,100.0,Ne,Ne,30664,54296,0.4,0.2,0.6,3.233,1.360,89272,222713,55.0,66.0,73.0,0.975,1354,2912.0,2238.0,100.0,99.3,29.0,1.5,1.5,26.0,11017,928,32.0,347880,0.0,44.7,0.725,15.000,17.000,46.000,600.0,3000.0,1200.0,100.0,0.0,0.0,0.0,0.0,0.0,0.0,0.0,0.0,0,0,16.0,246,Ne,Ne,Ne,121.4,121.5,8.23,8.23,0.00,8.12,0.12,0,0,0.0,0.0,0,0,0.0,0.0,0,0,0.0,0.0,157791,4553,277.6,23.2,0,0.0,
20.5.2026,12:50:12.150,33687,9471,78.0,19626,12268,61.5,0.7,1.177,1.180,1.180,1.180,1.175,1.175,1.175,1.175,1.175,5225.0,5225.0,5225.0,5225.0,5225.0,5225.0,5225.0,5225.0,5225.0,100.0,2223.6,4566.2,2374.1,1698.3,2071.4,2529.4,2617.2,1417.8,1765.1,2917.8,3179.2,2290.6,2238.4,1216.4,1547.6,1640.7,1507.3,2223.6,39.3,78.5,42.6,29.3,36.5,44.6,47.1,24.4,30.7,52.9,59.0,40.3,39.3,21.0,26.9,29.3,26.2,78.5,39.3,45.5,88.7,49.1,34.7,42.4,52.0,54.4,28.8,35.8,61.0,67.2,47.0,45.8,24.7,31.3,33.8,30.6,45.5,52.2,52.2,52.2,52.2,52.2,52.2,52.2,52.2,52.2,0.0,62.9,87.3,55.6,67.4,50.0,81.7,61.6,46.0,53.4,37.1,12.7,44.4,32.6,50.0,18.3,38.4,54.0,46.6,0.0,0.0,0.0,0.0,0.0,0.0,0.0,0.0,0.0,3000.0,30.00,30,40,40,76,116,884,1,55.5,53.4,53.8,48.4,51.4,45.9,52.0,46.2,52.1,47.7,47.2,44.9,42.3,42.3,51.2,43.0,46.0,46.0,60.0,1.182,1.250,1.100,40.506,14.295,40.510,75.750,7.396,80.413,4.776,5.942,4.428,5.369,4.020,5.885,4.909,3.755,3.903,47.780,17.868,73.784,80.392,2000.0,3000.0,5232.9,5232.9,5250.0,49.6,33.8,42.1,49.6,56.2,Ne,Ne,Ne,6.215,3.730,5.0,31,55,44,26,1.181,5.040,3.408,3.328,12.192,1.101,1.243,3.408,3.280,3.328,1.056,1.056,1.048,1.359,1.814,0.904,3.344,0.064,0.056,0.048,0.048,1.016,1.016,1203,989,2721,51.9,58.3,46,46,22528764,1.183,1.238,606002,62,14,7395330,38,16,6813630,182.7,1.9,43.8,1.350,1.365,1.815,1.815,1.005,5.110,0.750,Ne,Ne,Ne,42.0,1.350,1.365,1.815,1.815,1.005,5.110,0.875,Ne,Ne,Ne,62,78,99.0,100.0,Ne,Ne,30664,54296,0.0,0.1,0.1,0.106,0.864,89272,222714,55.0,66.0,73.0,0.988,1352,2952.0,2238.0,100.0,98.7,31.0,1.5,1.5,26.0,11017,928,32.0,347880,0.0,44.7,0.725,0.000,18.000,99.000,600.0,3000.0,1200.0,100.0,0.0,0.0,0.0,0.0,0.0,0.0,0.0,0.0,0,0,16.0,246,Ne,Ne,Ne,139.2,139.0,7.18,7.19,0.00,7.07,0.11,0,0,0.0,0.0,0,0,0.0,0.0,0,0,0.0,0.0,157791,4553,335.8,26.2,0,0.0,
20.5.2026,12:50:14.152,33620,9539,77.8,19618,12276,61.5,0.7,1.177,1.175,1.165,1.165,1.185,1.185,1.185,1.180,1.180,5225.0,5225.0,5225.0,5225.0,5225.0,5225.0,5225.0,5225.0,5225.0,100.0,1804.7,4549.1,2022.7,1270.4,1629.2,2236.5,2057.1,949.6,1464.7,3100.8,2061.8,1769.1,1756.8,765.5,1283.9,660.0,1298.9,1804.7,31.6,76.7,36.1,22.0,28.6,39.3,36.0,16.5,25.7,57.4,36.5,30.8,30.5,13.3,22.6,11.0,22.6,76.7,31.6,36.4,86.3,41.4,25.7,33.1,45.7,41.9,19.2,29.6,65.4,42.2,36.0,35.5,15.4,25.9,13.1,26.1,36.4,52.2,52.2,52.2,52.2,52.2,52.2,52.2,52.2,52.2,0.0,52.4,86.9,44.1,58.1,39.5,71.9,49.4,35.2,34.1,47.6,13.1,55.9,41.9,60.5,28.1,50.6,64.8,65.9,0.0,0.0,0.0,0.0,0.0,0.0,0.0,0.0,0.0,3000.0,30.00,30,40,40,76,116,884,1,54.6,51.9,55.9,46.2,50.1,43.6,49.9,43.9,49.6,45.0,44.9,42.2,41.2,41.2,51.2,43.0,46.0,46.0,60.0,1.180,1.250,1.100,34.626,14.099,34.617,74.750,7.386,72.969,4.077,5.587,3.628,4.763,3.360,5.181,4.068,3.069,2.964,40.754,17.623,66.502,72.986,2000.0,3000.0,5235.6,5235.6,5250.0,45.1,28.8,41.5,45.1,54.7,Ne,Ne,Ne,4.738,2.559,4.2,31,54,43,26,1.172,5.040,3.408,3.328,12.192,1.101,1.243,3.408,3.280,3.328,1.056,1.056,1.048,1.350,1.814,0.904,3.344,0.064,0.056,0.048,0.048,1.016,1.016,1198,971,2772,51.9,58.3,46,46,22528852,1.183,1.238,606004,12,14,7395454,52,19,6813750,182.7,1.9,43.8,1.350,1.365,1.815,1.815,1.005,5.040,1.000,Ne,Ne,Ne,42.0,1.350,1.365,1.815,1.815,1.005,5.040,0.750,Ne,Ne,Ne,62,78,99.0,100.0,Ne,Ne,30664,54296,0.2,0.3,0.5,0.373,0.263,89273,222715,55.0,66.0,73.0,0.968,1353,2891.0,2238.0,100.0,99.5,29.0,1.4,1.4,26.0,11017,928,32.0,347880,0.0,44.7,0.725,51.000,17.000,84.000,600.0,3000.0,1200.0,100.0,0.0,0.0,0.0,0.0,0.0,0.0,0.0,0.0,0,0,16.0,246,Ne,Ne,Ne,112.9,113.5,8.86,8.83,0.00,8.74,0.12,0,0,0.0,0.0,0,0,0.0,0.0,0,0,0.0,0.0,157792,4553,45.9,19.5,0,0.0,
20.5.2026,12:50:16.150,33616,9543,77.8,19609,12285,61.4,0.7,1.171,1.190,1.170,1.165,1.165,1.170,1.170,1.170,1.170,5225.0,5225.0,5225.0,5225.0,5225.0,5225.0,5225.0,5225.0,5225.0,100.0,1925.7,4448.9,2140.3,1422.3,1758.0,2343.9,2253.0,1158.4,1598.4,2972.7,2609.2,1855.9,1944.6,810.5,1444.0,658.6,1392.3,1925.7,33.5,74.6,38.1,24.4,30.6,40.9,39.5,19.5,27.4,54.5,47.1,31.9,33.8,13.8,25.4,10.9,24.3,74.6,33.5,38.8,84.3,43.8,28.7,35.5,47.7,45.9,23.1,32.0,62.5,54.2,37.5,39.5,16.2,29.2,13.0,28.1,38.8,52.2,52.2,52.2,52.2,52.2,52.2,52.2,52.2,52.2,0.0,55.1,85.0,47.0,61.2,43.7,76.4,52.4,38.6,36.0,44.9,15.0,53.0,38.8,56.3,23.6,47.6,61.4,64.0,0.0,0.0,0.0,0.0,0.0,0.0,0.0,0.0,0.0,3000.0,30.00,30,40,40,76,116,884,1,55.0,52.9,53.2,47.0,50.9,44.4,50.8,44.7,51.1,45.8,45.7,42.9,41.6,41.6,51.2,42.9,46.0,46.0,60.0,1.181,1.250,1.100,36.624,14.048,36.636,72.750,7.373,75.281,4.330,5.856,3.839,5.007,3.603,5.674,4.280,3.262,3.114,43.140,17.560,68.811,75.280,2000.0,3000.0,5234.4,5234.4,5250.0,46.5,30.5,40.4,46.5,55.7,Ne,Ne,Ne,4.183,2.169,4.4,31,55,43,26,1.172,5.040,3.408,3.328,12.288,1.101,1.243,3.408,3.280,3.328,1.056,1.056,1.048,1.359,1.814,0.896,3.344,0.064,0.056,0.048,0.048,1.016,1.016,1186,968,2772,51.9,58.3,46,46,22528938,1.183,1.238,606007,52,14,7395478,76,17,6813778,182.7,1.9,43.8,1.350,1.365,1.815,1.815,1.005,5.040,0.875,Ne,Ne,Ne,42.0,1.365,1.365,1.815,1.815,1.005,5.040,1.000,Ne,Ne,Ne,62,78,99.0,100.0,Ne,Ne,30664,54296,0.5,0.1,0.6,0.924,0.836,89274,222716,55.0,66.0,73.0,0.982,1355,2935.0,2238.0,100.0,99.3,26.0,1.5,1.5,26.0,11017,928,32.0,347880,0.0,44.6,0.725,63.000,18.000,96.000,600.0,3000.0,1200.0,100.0,0.0,0.0,0.0,0.0,0.0,0.0,0.0,0.0,0,0,16.0,246,Ne,Ne,Ne,131.8,132.2,7.59,7.57,0.00,7.47,0.11,0,0,0.0,0.0,0,0,0.0,0.0,0,0,0.0,0.0,157792,4553,40.6,16.8,0,0.0,
20.5.2026,12:50:18.154,33689,9470,78.0,19672,12223,61.6,0.7,1.167,1.185,1.165,1.165,1.165,1.165,1.165,1.165,1.165,5225.0,5225.0,5225.0,5225.0,5225.0,5225.0,5225.0,5225.0,5225.0,100.0,1952.6,4548.6,2120.4,1464.4,1744.0,2141.9,2457.4,1119.3,1549.5,2722.1,2711.3,1938.8,1941.1,891.6,1404.1,981.9,1504.8,1952.6,34.4,78.0,37.7,25.4,30.7,37.2,43.7,19.5,27.3,49.7,49.9,33.7,33.9,15.6,24.9,16.6,26.1,78.0,34.4,39.6,88.1,43.2,29.6,35.4,43.5,50.4,22.6,31.3,57.0,57.0,39.4,39.3,18.0,28.4,19.6,30.2,39.6,52.2,52.2,52.2,52.2,52.2,52.2,52.2,52.2,52.2,0.0,56.0,86.9,47.5,61.4,42.7,74.3,53.6,39.2,42.0,44.0,13.1,52.5,38.6,57.3,25.7,46.4,60.8,58.0,0.0,0.0,0.0,0.0,0.0,0.0,0.0,0.0,0.0,3000.0,30.00,30,40,40,76,116,884,1,55.2,53.1,55.5,47.4,51.4,44.6,51.1,44.8,51.1,46.2,45.9,43.7,41.8,41.8,51.0,43.0,46.0,46.0,60.0,1.182,1.250,1.100,37.335,14.099,37.344,74.500,7.391,76.253,4.421,6.019,3.897,5.070,3.581,5.629,4.377,3.323,3.472,44.011,17.623,69.765,76.266,2000.0,3000.0,5234.3,5234.3,5250.0,47.1,31.1,41.4,47.1,55.9,Ne,Ne,Ne,4.719,2.558,4.5,31,55,44,26,1.172,5.040,3.408,3.328,12.192,1.101,1.243,3.408,3.280,3.328,1.056,1.056,1.048,1.350,1.814,0.904,3.328,0.064,0.056,0.048,0.048,1.016,1.016,1192,960,2749,51.9,58.3,46,46,22529024,1.183,1.238,606009,12,14,7395582,13,18,6813880,182.7,1.9,43.8,1.365,1.365,1.815,1.815,1.005,5.040,0.625,Ne,Ne,Ne,42.0,1.365,1.365,1.815,1.815,1.005,5.040,1.250,Ne,Ne,Ne,62,78,99.0,100.0,Ne,Ne,30664,54296,0.0,1.8,1.8,0.211,0.489,89275,222717,55.0,66.0,73.0,0.976,1353,2913.0,2238.0,100.0,99.1,29.0,1.4,1.4,26.0,11017,928,32.0,347880,0.0,44.7,0.725,19.000,17.000,50.000,600.0,3000.0,1200.0,100.0,0.0,0.0,0.0,0.0,0.0,0.0,0.0,0.0,0,0,16.0,246,Ne,Ne,Ne,133.3,133.2,7.50,7.51,0.00,7.39,0.11,0,0,0.0,0.0,0,0,0.0,0.0,0,0,0.0,0.0,157792,4553,35.0,17.4,0,0.0,
20.5.2026,12:50:20.152,33675,9484,78.0,19670,12225,61.6,0.7,1.186,1.190,1.185,1.185,1.185,1.185,1.185,1.185,1.185,5225.0,5225.0,5225.0,5225.0,5225.0,5225.0,5225.0,5225.0,5225.0,100.0,2179.8,4624.8,2383.7,1806.6,1962.5,2431.3,2628.8,1503.2,1694.6,3160.7,2686.3,2220.3,2102.5,1247.0,1459.6,1170.8,1794.9,2179.8,38.6,78.2,42.7,31.8,34.6,43.1,46.8,26.6,29.9,58.5,48.6,39.1,37.0,22.1,25.9,20.3,31.9,78.2,38.6,44.3,88.3,48.8,36.8,40.0,49.8,53.9,30.7,34.4,66.7,55.7,45.3,42.8,25.4,29.7,23.6,36.6,44.3,52.2,52.2,52.2,52.2,52.2,52.2,52.2,52.2,52.2,0.0,61.4,88.4,54.2,66.6,49.7,78.4,58.3,45.0,50.4,38.6,11.6,45.8,33.4,50.3,21.6,41.7,55.0,49.6,0.0,0.0,0.0,0.0,0.0,0.0,0.0,0.0,0.0,3000.0,30.00,30,40,40,76,116,884,1,56.0,54.1,58.1,48.5,52.2,45.9,52.2,46.2,52.2,47.3,47.0,44.7,42.1,42.1,51.0,43.0,46.0,46.0,60.0,1.181,1.250,1.100,40.460,14.258,40.447,75.250,7.391,80.238,4.802,6.269,4.385,5.455,4.038,5.982,4.763,3.709,3.817,47.699,17.822,73.651,80.235,2000.0,3000.0,5232.9,5232.9,5250.0,49.5,33.7,41.8,49.5,56.9,Ne,Ne,Ne,6.117,3.556,4.9,31,56,45,26,1.181,5.040,3.392,3.328,12.192,1.101,1.243,3.392,3.280,3.328,1.056,1.056,1.048,1.359,1.814,0.896,3.344,0.064,0.056,0.048,0.048,1.016,1.016,1198,957,2749,51.9,58.3,46,46,22529112,1.167,1.238,606011,51,14,7395606,85,17,6813908,182.7,1.9,43.8,1.365,1.365,1.800,1.815,1.005,5.040,1.125,Ne,Ne,Ne,42.0,1.365,1.365,1.800,1.815,1.005,5.040,1.000,Ne,Ne,Ne,62,78,99.0,100.0,Ne,Ne,30664,54296,0.1,0.3,0.3,0.177,0.783,89275,222719,55.0,66.0,73.0,0.991,1354,2964.0,2238.0,100.0,99.3,30.0,1.4,1.4,26.0,11017,928,32.0,347880,0.0,44.7,0.725,37.000,18.000,69.000,600.0,3000.0,1200.0,100.0,0.0,0.0,0.0,0.0,0.0,0.0,0.0,0.0,0,0,16.0,246,Ne,Ne,Ne,130.8,130.7,7.64,7.65,0.00,7.53,0.11,0,0,0.0,0.0,0,0,0.0,0.0,0,0,0.0,0.0,157792,4553,51.0,20.3,0,0.0,
20.5.2026,12:50:22.152,33644,9515,77.9,19648,12247,61.6,0.7,1.183,1.195,1.180,1.180,1.180,1.180,1.180,1.180,1.185,5010.7,5225.0,4653.5,5225.0,4653.5,5225.0,5225.0,4653.5,5225.0,100.0,2267.5,4560.4,2518.2,2025.4,1976.3,2654.9,2589.3,1736.1,1649.1,3552.9,2462.8,2453.3,2080.8,1624.1,1265.2,1589.5,1541.2,2267.5,39.5,74.3,45.2,34.9,34.4,47.0,45.8,29.9,28.4,65.9,43.1,43.2,35.9,28.0,21.7,27.0,26.6,74.3,39.5,46.0,84.5,52.3,41.2,40.3,54.9,53.4,35.3,33.4,75.4,50.5,50.6,42.3,32.9,25.6,32.1,31.4,46.0,50.1,52.2,46.5,52.2,46.5,52.2,52.2,46.5,52.2,0.0,63.5,87.2,56.9,70.0,51.8,81.4,61.6,47.2,51.6,36.5,12.8,43.1,30.0,48.2,18.6,38.4,52.8,48.4,0.0,0.0,0.0,0.0,0.0,0.0,0.0,0.0,0.0,3000.0,30.00,30,40,40,76,116,884,1,56.5,54.6,55.5,49.3,52.4,46.9,53.3,47.2,53.1,48.4,48.0,45.4,42.8,42.8,50.5,42.8,46.0,46.0,60.0,1.182,1.250,1.100,42.360,14.344,42.364,80.500,7.424,82.746,4.955,6.176,4.633,5.706,4.220,6.103,5.005,3.898,3.902,49.981,17.930,76.077,82.719,2000.0,3000.0,5232.6,5232.6,5250.0,51.1,35.3,44.7,51.1,57.4,Ne,Ne,Ne,6.532,3.932,5.1,31,56,45,26,1.172,5.040,3.408,3.328,12.192,1.101,1.243,3.408,3.280,3.328,1.056,1.056,1.048,1.359,1.814,0.896,3.344,0.064,0.056,0.048,0.048,1.016,1.016,1217,1015,2721,51.9,58.3,46,46,22529200,1.167,1.238,606014,37,14,7395708,14,16,6814007,182.7,1.9,43.8,1.365,1.365,1.800,1.800,1.005,5.040,0.375,Ne,Ne,Ne,42.0,1.365,1.365,1.800,1.800,1.005,5.040,0.875,Ne,Ne,Ne,61,78,99.0,100.0,Ne,Ne,30664,54296,0.4,0.1,0.5,3.790,0.366,89282,222720,55.0,66.0,73.0,0.991,1354,2965.0,2238.0,100.0,98.6,28.0,1.6,1.6,26.0,11017,928,32.0,347880,0.0,44.8,0.725,56.000,18.000,89.000,600.0,3000.0,1200.0,100.0,0.0,0.0,0.0,0.0,0.0,0.0,0.0,0.0,0,0,16.0,246,Ne,Ne,Ne,145.5,145.6,6.87,6.86,0.00,6.76,0.11,0,0,0.0,0.0,0,0,0.0,0.0,0,0,0.0,0.0,157792,4553,45.1,19.2,0,0.0,
20.5.2026,12:50:24.151,33699,9459,78.0,19667,12227,61.6,0.7,1.179,1.175,1.175,1.180,1.180,1.180,1.180,1.180,1.180,5225.0,5225.0,5225.0,5225.0,5225.0,5225.0,5225.0,5225.0,5225.0,100.0,1992.7,4514.9,2213.8,1850.2,1491.2,2306.4,2420.1,1538.2,1233.1,2673.7,2966.4,2179.4,1898.3,1514.7,804.3,1410.8,868.4,1992.7,34.4,74.6,39.0,31.6,25.6,39.5,42.5,26.4,21.0,48.1,54.6,37.4,32.6,26.0,13.7,23.4,13.9,74.6,34.4,40.0,84.6,45.1,37.3,30.1,46.6,49.5,30.9,24.7,55.6,62.3,44.1,38.4,30.3,16.2,27.9,17.0,40.0,52.2,52.2,52.2,52.2,52.2,52.2,52.2,52.2,52.2,0.0,57.3,86.3,49.4,64.7,44.0,79.1,56.8,39.4,38.6,42.7,13.7,50.6,35.3,56.0,20.9,43.2,60.6,61.4,0.0,0.0,0.0,0.0,0.0,0.0,0.0,0.0,0.0,3000.0,30.00,30,40,40,76,116,884,1,55.8,53.1,51.5,47.6,51.4,45.0,51.5,45.3,51.5,46.7,46.2,43.5,42.0,42.0,51.0,43.1,46.0,46.0,60.0,1.180,1.250,1.100,39.070,14.182,39.033,78.750,7.403,78.374,4.466,5.957,4.041,5.192,3.666,5.721,4.569,3.329,3.255,46.024,17.727,71.894,78.369,2000.0,3000.0,5234.3,5234.3,5250.0,48.4,32.5,43.8,48.4,55.9,Ne,Ne,Ne,5.071,2.820,4.6,31,55,44,26,1.163,5.040,3.408,3.328,12.192,1.101,1.234,3.408,3.280,3.328,1.056,1.056,1.048,1.350,1.814,0.896,3.328,0.064,0.056,0.048,0.048,1.016,1.016,1237,983,2743,51.9,58.3,46,46,22529290,1.179,1.234,606016,34,14,7395782,23,18,6814081,182.7,1.9,43.8,1.365,1.365,1.800,1.800,1.005,5.040,1.250,Ne,Ne,Ne,42.0,1.365,1.365,1.800,1.800,0.990,5.040,1.250,Ne,Ne,Ne,61,78,99.0,100.0,Ne,Ne,30664,54296,11.4,1.3,12.7,4.956,0.446,89292,222720,55.0,66.0,73.0,0.988,1354,2955.0,2238.0,100.0,99.3,31.0,1.5,1.5,26.0,11017,928,32.0,347880,0.0,44.7,0.725,64.000,18.000,106.000,600.0,3000.0,1200.0,100.0,0.0,0.0,0.0,0.0,0.0,0.0,0.0,0.0,0,0,16.0,246,Ne,Ne,Ne,131.8,132.0,7.59,7.58,0.00,7.48,0.11,0,0,0.0,0.0,0,0,0.0,0.0,0,0,0.0,0.0,157792,4553,231.7,24.9,0,0.0,
20.5.2026,12:50:26.153,33637,9522,77.9,19629,12265,61.5,0.7,1.178,1.165,1.180,1.180,1.180,1.180,1.180,1.180,1.180,5225.0,5225.0,5225.0,5225.0,5225.0,5225.0,5225.0,5225.0,5225.0,100.0,2154.2,4549.7,2420.5,1890.5,1756.6,2366.2,2610.0,1644.4,1407.3,2686.4,3249.1,2130.7,2185.2,1616.7,988.9,1562.7,1401.9,2154.2,38.2,75.6,43.8,32.7,31.1,41.8,46.7,28.7,25.0,49.0,60.6,37.4,38.7,28.7,18.0,27.7,25.9,75.6,38.2,43.7,85.4,49.8,38.3,35.7,48.3,54.0,33.4,28.5,55.9,68.7,43.2,44.5,32.7,20.2,31.6,29.0,43.7,52.2,52.2,52.2,52.2,52.2,52.2,52.2,52.2,52.2,0.0,61.2,87.0,53.5,66.7,48.0,81.0,58.9,43.6,51.3,38.8,13.0,46.5,33.3,52.0,19.0,41.1,56.4,48.7,0.0,0.0,0.0,0.0,0.0,0.0,0.0,0.0,0.0,3000.0,30.00,30,40,40,76,116,884,1,56.5,54.3,52.8,48.6,52.4,45.9,52.5,46.2,52.6,47.5,47.3,44.8,42.5,42.5,51.0,43.0,46.0,46.0,60.0,1.181,1.250,1.100,40.883,14.319,40.898,75.500,7.396,80.847,4.762,6.205,4.342,5.434,3.958,5.994,4.758,3.648,3.760,48.213,17.899,74.248,80.891,2000.0,3000.0,5233.1,5233.1,5250.0,49.9,34.1,41.9,49.9,57.2,Ne,Ne,Ne,6.358,3.776,4.9,31,56,45,26,1.181,5.040,3.408,3.328,12.192,1.101,1.243,3.392,3.280,3.328,1.056,1.056,1.048,1.350,1.814,0.896,3.328,0.064,0.056,0.048,0.048,1.016,1.016,1212,1010,2749,51.9,58.3,46,46,22529380,1.179,1.238,606018,46,15,7395850,13,18,6814149,182.7,1.9,43.8,1.365,1.365,1.800,1.800,0.990,5.040,0.375,Ne,Ne,Ne,42.0,1.365,1.365,1.800,1.800,0.990,5.040,2.500,Ne,Ne,Ne,61,78,99.0,100.0,Ne,Ne,30664,54296,0.1,0.2,0.2,0.065,1.979,89292,222724,55.0,66.0,73.0,0.987,1355,2952.0,2238.0,100.0,99.1,27.0,1.4,1.4,26.0,11017,928,32.0,347880,0.0,44.7,0.725,48.000,17.000,80.000,600.0,3000.0,1200.0,100.0,0.0,0.0,0.0,0.0,0.0,0.0,0.0,0.0,0,0,16.0,246,Ne,Ne,Ne,138.3,138.5,7.23,7.22,0.00,7.11,0.12,0,0,0.0,0.0,0,0,0.0,0.0,0,0,0.0,0.0,157795,4553,1153.3,36.4,0,0.0,
20.5.2026,12:50:28.154,33633,9525,77.9,19625,12269,61.5,0.7,1.174,1.185,1.185,1.185,1.180,1.180,1.160,1.160,1.160,5153.6,5225.0,4653.5,5225.0,5225.0,5225.0,5225.0,5225.0,5225.0,100.0,2037.3,4545.2,2298.6,1771.7,1662.5,2280.9,2582.1,1477.2,1384.7,2846.8,2799.3,1987.3,2150.4,1539.9,890.9,1618.8,759.9,2037.3,34.8,75.1,40.0,30.2,28.1,38.8,45.4,25.3,23.2,51.4,51.0,33.1,36.7,25.8,14.8,26.4,11.6,75.1,34.8,40.8,85.0,46.6,35.5,33.5,46.0,52.7,29.5,27.8,59.4,58.9,39.7,43.5,30.6,17.9,31.8,14.8,40.8,51.5,52.2,46.5,52.2,52.2,52.2,52.2,52.2,52.2,0.0,58.2,86.9,50.8,66.3,44.9,78.7,57.7,40.5,39.4,41.8,13.1,49.2,33.7,55.1,21.3,42.3,59.5,60.6,0.0,0.0,0.0,0.0,0.0,0.0,0.0,0.0,0.0,3000.0,30.00,30,40,40,76,116,884,1,56.4,53.8,52.9,47.9,52.0,45.1,51.9,45.4,51.9,46.8,46.6,43.5,42.3,42.3,51.0,43.0,46.0,46.0,60.0,1.181,1.250,1.100,39.539,14.226,39.573,82.000,7.390,79.089,4.558,6.121,4.126,5.283,3.737,5.799,4.607,3.454,3.337,46.614,17.783,72.526,79.092,2000.0,3000.0,5233.9,5233.9,5250.0,48.8,33.0,45.6,48.8,56.6,Ne,Ne,Ne,5.094,2.830,4.7,31,56,45,26,1.163,5.040,3.408,3.328,12.288,1.101,1.243,3.408,3.280,3.328,1.056,1.056,1.048,1.359,1.814,0.896,3.344,0.064,0.056,0.048,0.048,1.016,1.016,1238,978,2743,51.9,58.3,46,46,22529470,1.167,1.238,606021,20,14,7395942,77,18,6814239,182.7,1.9,43.8,1.350,1.365,1.800,1.800,0.990,5.040,0.625,Ne,Ne,Ne,42.0,1.350,1.365,1.800,1.800,0.990,5.040,0.500,Ne,Ne,Ne,61,78,99.0,100.0,Ne,Ne,30664,54296,0.7,0.1,0.8,0.234,1.060,89292,222726,55.0,66.0,73.0,0.982,1355,2933.0,2238.0,100.0,98.8,28.0,1.3,1.3,26.0,11017,928,32.0,347880,0.0,44.7,0.725,32.000,17.000,63.000,600.0,3000.0,1200.0,100.0,0.0,0.0,0.0,0.0,0.0,0.0,0.0,0.0,0,0,16.0,246,Ne,Ne,Ne,136.9,137.1,7.30,7.29,0.00,7.19,0.11,0,0,0.0,0.0,0,0,0.0,0.0,0,0,0.0,0.0,157795,4553,331.9,22.4,0,0.0,
20.5.2026,12:50:30.149,33625,9534,77.9,19624,12271,61.5,0.7,1.186,1.185,1.185,1.185,1.195,1.185,1.185,1.185,1.185,5225.0,5225.0,5225.0,5225.0,5225.0,5225.0,5225.0,5225.0,5225.0,100.0,2119.8,4595.8,2366.7,1881.1,1802.9,2417.8,2518.3,1607.8,1481.6,3067.0,2765.5,2142.1,2164.0,1532.2,1033.3,1663.1,878.2,2119.8,36.3,75.3,41.4,31.8,30.9,41.4,43.9,27.1,25.2,55.9,50.3,36.4,37.1,25.9,17.6,27.0,13.9,75.3,36.3,42.5,85.5,48.1,37.7,36.5,48.8,51.3,32.2,29.8,64.3,58.0,43.2,43.8,30.6,20.9,32.5,17.2,42.5,52.2,52.2,52.2,52.2,52.2,52.2,52.2,52.2,52.2,0.0,60.5,87.8,54.4,67.9,48.0,81.2,60.5,42.8,41.7,39.5,12.2,45.6,32.1,52.0,18.8,39.5,57.2,58.3,0.0,0.0,0.0,0.0,0.0,0.0,0.0,0.0,0.0,3000.0,30.00,30,40,40,76,116,884,1,56.6,54.3,55.8,48.5,52.6,45.9,52.3,46.2,52.5,47.5,47.0,44.1,42.4,42.4,50.5,42.9,46.0,46.0,60.0,1.182,1.250,1.100,40.082,14.340,40.044,79.250,7.402,79.906,4.731,6.312,4.347,5.350,3.947,6.024,4.817,3.574,3.475,47.275,17.924,73.341,79.904,2000.0,3000.0,5234.0,5234.0,5250.0,49.3,33.4,44.0,49.3,57.1,Ne,Ne,Ne,6.271,3.647,4.8,31,56,45,26,1.190,5.040,3.408,3.328,12.288,1.101,1.243,3.408,3.280,3.328,1.056,1.056,1.048,1.350,1.814,0.896,3.328,0.064,0.056,0.048,0.048,1.016,1.016,1234,1007,2772,51.9,58.3,46,46,22529560,1.179,1.238,606023,43,14,7395982,30,17,6814282,182.7,1.9,43.8,1.350,1.350,1.800,1.800,0.990,5.040,1.750,Ne,Ne,Ne,42.0,1.350,1.365,1.800,1.800,0.990,5.040,0.625,Ne,Ne,Ne,61,78,99.0,100.0,Ne,Ne,30664,54296,0.0,0.1,0.1,0.022,0.546,89293,222727,55.0,67.0,73.0,0.972,1353,2902.0,2238.0,100.0,99.4,29.0,1.4,1.4,26.0,11017,928,32.0,347880,0.0,44.7,0.725,40.000,17.000,72.000,600.0,3000.0,1200.0,100.0,0.0,0.0,0.0,0.0,0.0,0.0,0.0,0.0,0,0,16.0,246,Ne,Ne,Ne,129.1,129.4,7.75,7.73,0.00,7.63,0.11,0,0,0.0,0.0,0,0,0.0,0.0,0,0,0.0,0.0,157795,4554,49.3,19.6,0,0.0,
20.5.2026,12:50:32.152,33639,9520,77.9,19355,12539,60.6,0.7,1.189,1.190,1.190,1.190,1.190,1.190,1.190,1.190,1.185,5082.1,5225.0,4653.5,5225.0,4653.5,5225.0,5225.0,5225.0,5225.0,100.0,2319.1,4625.4,2467.2,2048.7,1920.7,2331.5,2761.5,1612.5,1714.9,2653.9,3257.7,2177.0,2386.4,1619.3,1281.9,1938.3,2309.0,2319.1,40.5,76.1,43.7,35.2,33.1,40.2,49.9,27.6,29.5,47.6,59.8,37.4,41.7,27.9,22.1,34.3,41.6,76.1,40.5,47.1,86.3,50.5,41.5,39.0,47.4,58.0,32.5,34.7,55.3,68.6,44.1,48.8,32.6,26.0,40.1,48.0,47.1,50.8,52.2,46.5,52.2,46.5,52.2,52.2,52.2,52.2,0.0,64.5,88.4,55.0,68.6,49.1,80.3,61.5,46.6,66.5,35.5,11.6,45.0,31.4,50.9,19.7,38.5,53.4,33.5,0.0,0.0,0.0,0.0,0.0,0.0,0.0,0.0,0.0,3000.0,30.00,30,40,40,76,116,884,1,57.6,55.2,55.9,49.8,53.0,46.7,53.1,47.1,52.9,49.0,48.1,48.4,42.9,42.9,51.5,43.1,46.0,46.0,60.0,1.187,1.250,1.100,42.234,14.281,42.246,76.000,7.400,82.733,5.087,6.373,4.542,5.557,4.159,5.992,5.044,3.889,5.138,50.093,17.851,76.084,82.710,2000.0,3000.0,5233.0,5233.0,5250.0,51.1,35.2,42.2,51.1,58.2,Ne,Ne,Ne,6.252,3.300,5.2,31,57,46,26,1.181,5.000,3.408,3.328,12.192,1.101,1.243,3.408,3.280,3.328,1.056,1.056,1.048,1.359,1.814,0.896,3.344,0.064,0.056,0.048,0.048,1.016,1.016,1244,1025,2743,51.9,58.3,46,46,22529650,1.183,1.238,606025,18,13,7396068,78,19,6814366,182.7,1.9,43.8,1.350,1.365,1.800,1.800,0.990,5.040,0.875,Ne,Ne,Ne,42.0,1.350,1.365,1.815,1.800,0.990,5.040,2.000,Ne,Ne,Ne,61,78,99.0,100.0,Ne,Ne,30664,54296,1.6,0.1,1.7,15.564,0.877,89322,222729,55.0,66.0,74.0,0.984,1353,2944.0,2238.0,100.0,99.1,25.0,1.4,1.4,26.0,11017,928,32.0,347880,0.0,44.7,0.725,56.000,18.000,89.000,600.0,3000.0,1200.0,100.0,0.0,0.0,0.0,0.0,0.0,0.0,0.0,0.0,0,0,16.0,246,Ne,Ne,Ne,132.1,132.8,7.57,7.53,0.00,7.45,0.12,0,0,0.0,0.0,0,0,0.0,0.0,0,0,0.0,0.0,157795,4554,47.5,17.3,0,0.0,
20.5.2026,12:50:34.153,33638,9521,77.9,19363,12531,60.7,0.7,1.171,1.165,1.170,1.170,1.170,1.170,1.175,1.175,1.175,5225.0,5225.0,5225.0,5225.0,5225.0,5225.0,5225.0,5225.0,5225.0,100.0,2186.0,4544.0,2327.5,1692.1,1962.5,2234.6,2594.5,1515.9,1692.7,2699.9,3126.8,1954.3,2376.5,1397.4,1342.0,1570.5,1944.7,2186.0,38.6,75.7,41.7,29.2,34.5,38.9,46.9,26.6,29.8,48.9,57.9,34.0,42.6,24.4,23.7,27.7,35.3,75.7,38.6,44.4,85.5,47.9,34.1,39.9,45.4,54.2,30.8,34.4,56.2,66.0,39.6,49.1,28.2,27.2,32.0,40.2,44.4,52.2,52.2,52.2,52.2,52.2,52.2,52.2,52.2,52.2,0.0,61.7,86.8,52.3,64.6,49.4,79.3,58.3,44.7,58.1,38.3,13.2,47.7,35.4,50.6,20.7,41.7,55.3,41.9,0.0,0.0,0.0,0.0,0.0,0.0,0.0,0.0,0.0,3000.0,30.00,30,40,40,76,116,884,1,57.0,54.3,50.6,48.8,52.4,45.8,52.3,46.3,52.5,47.9,47.5,45.8,42.6,42.6,50.8,42.9,46.0,46.0,60.0,1.183,1.250,1.100,39.417,14.183,39.442,75.250,7.399,78.997,4.776,6.195,4.255,5.299,3.966,5.857,4.794,3.694,4.145,46.568,17.729,72.436,79.052,2000.0,3000.0,5233.7,5233.7,5250.0,48.8,32.9,41.8,48.8,57.1,Ne,Ne,Ne,5.648,3.494,4.9,31,56,45,26,1.181,5.040,3.408,3.328,12.192,1.101,1.243,3.408,3.280,3.328,1.056,1.056,1.048,1.359,1.814,0.896,3.328,0.064,0.056,0.048,0.048,1.016,1.016,1250,1037,2772,51.9,58.3,46,46,22529744,1.175,1.238,606028,37,13,7396104,76,17,6814405,182.7,1.9,43.8,1.350,1.365,1.815,1.800,0.990,5.040,0.750,Ne,Ne,Ne,42.0,1.350,1.365,1.815,1.815,0.990,5.040,0.375,Ne,Ne,Ne,61,78,99.0,100.0,Ne,Ne,30664,54296,1.9,0.1,1.9,3.392,0.482,89329,222730,55.0,66.0,74.0,0.987,1354,2952.0,2238.0,100.0,99.3,22.0,1.3,1.3,26.0,11017,928,32.0,347880,0.0,44.7,0.725,15.000,16.000,46.000,600.0,3000.0,1200.0,100.0,0.0,0.0,0.0,0.0,0.0,0.0,0.0,0.0,0,0,16.0,246,Ne,Ne,Ne,135.7,135.7,7.37,7.37,0.00,7.25,0.12,0,0,0.0,0.0,0,0,0.0,0.0,0,0,0.0,0.0,157796,4554,133.9,18.7,0,0.0,
20.5.2026,12:50:36.153,33670,9488,78.0,19363,12531,60.7,0.7,1.188,1.195,1.190,1.190,1.190,1.190,1.185,1.185,1.180,5225.0,5225.0,5225.0,5225.0,5225.0,5225.0,5225.0,5225.0,5225.0,100.0,2046.0,4573.1,2144.5,1632.8,1803.3,2251.2,2425.5,1293.5,1625.5,3101.3,2444.3,1935.7,2112.6,1139.8,1478.6,1265.7,1508.2,2046.0,36.0,77.5,38.2,28.3,31.4,40.2,42.8,22.3,28.2,57.2,44.1,33.8,37.5,19.7,25.9,21.7,26.8,77.5,36.0,41.5,87.4,44.0,33.1,36.5,46.5,49.7,26.1,32.8,65.1,51.0,39.5,43.5,22.9,29.8,25.5,30.8,41.5,52.2,52.2,52.2,52.2,52.2,52.2,52.2,52.2,52.2,0.0,58.4,87.4,50.2,62.8,45.3,75.5,55.7,43.4,46.7,41.6,12.6,49.8,37.2,54.7,24.5,44.3,56.6,53.3,0.0,0.0,0.0,0.0,0.0,0.0,0.0,0.0,0.0,3000.0,30.00,30,40,40,76,116,884,1,57.0,53.7,59.0,47.6,51.9,44.8,51.2,45.1,51.3,46.4,46.4,43.7,41.9,41.9,51.2,43.4,46.0,46.0,60.0,1.181,1.250,1.100,37.128,14.119,37.091,76.000,7.398,76.101,4.523,6.168,4.017,5.071,3.700,5.699,4.501,3.529,3.498,43.778,17.648,69.564,76.065,2000.0,3000.0,5234.1,5234.1,5250.0,47.0,30.9,42.2,47.0,56.5,Ne,Ne,Ne,5.245,3.129,4.7,31,57,45,26,1.181,5.040,3.392,3.328,12.192,1.101,1.243,3.408,3.280,3.328,1.056,1.056,1.048,1.350,1.814,0.896,3.328,0.064,0.056,0.048,0.048,1.016,1.016,1223,1029,2721,51.9,58.3,46,46,22529836,1.187,1.234,606030,50,13,7396178,83,18,6814479,182.7,1.9,43.8,1.350,1.365,1.815,1.815,1.005,5.040,1.000,Ne,Ne,Ne,42.0,1.350,1.365,1.815,1.815,1.005,5.040,1.750,Ne,Ne,Ne,61,78,99.0,100.0,Ne,Ne,30664,54296,9.0,0.2,9.2,14.101,0.775,89356,222731,55.0,66.0,74.0,0.991,1354,2965.0,2238.0,100.0,99.0,23.0,1.3,1.3,27.0,11017,944,32.0,347880,0.0,44.6,0.725,30.000,17.000,62.000,600.0,3000.0,1200.0,100.0,0.0,0.0,0.0,0.0,0.0,0.0,0.0,0.0,0,0,16.0,246,Ne,Ne,Ne,140.3,140.3,7.13,7.12,0.00,7.01,0.12,0,0,0.0,0.0,0,0,0.0,0.0,0,0,0.0,0.0,157796,4554,43.4,15.2,0,0.0,
20.5.2026,12:50:38.154,33613,9545,77.8,19356,12539,60.6,0.7,1.178,1.170,1.175,1.175,1.175,1.175,1.185,1.185,1.185,5225.0,5225.0,5225.0,5225.0,5225.0,5225.0,5225.0,5225.0,5225.0,100.0,2304.8,4608.8,2714.0,1877.6,2210.2,2542.8,2678.9,1537.5,1908.1,3433.8,2705.3,2192.0,2500.0,1117.4,1842.6,1246.4,1762.0,2304.8,40.1,71.0,49.1,32.5,38.2,45.2,48.5,26.5,32.9,64.0,48.7,38.3,43.7,19.0,32.6,20.6,30.1,71.0,40.1,46.5,80.7,56.3,38.1,44.8,52.5,56.6,31.2,38.6,72.9,56.5,44.8,51.2,22.5,37.8,24.8,35.5,46.5,52.2,52.2,52.2,52.2,52.2,52.2,52.2,52.2,52.2,0.0,64.3,88.1,58.7,71.2,51.7,83.7,65.2,47.8,47.7,35.7,11.9,41.3,28.8,48.3,16.3,34.8,52.2,52.3,0.0,0.0,0.0,0.0,0.0,0.0,0.0,0.0,0.0,3000.0,30.00,30,40,40,76,116,884,1,57.1,54.7,52.0,49.4,52.6,47.0,53.0,47.2,53.2,48.6,48.0,45.4,42.8,42.8,51.0,43.1,46.0,46.0,60.0,1.181,1.250,1.100,40.751,14.346,40.769,73.750,7.440,80.781,4.928,6.241,4.620,5.540,4.175,6.115,5.042,3.870,3.821,48.055,17.933,74.171,80.823,2000.0,3000.0,5232.9,5232.9,5250.0,49.9,34.0,41.0,49.9,57.6,Ne,Ne,Ne,6.599,4.018,5.1,31,57,45,26,1.181,5.040,3.392,3.328,12.192,1.101,1.243,3.408,3.280,3.328,1.056,1.056,1.048,1.359,1.814,0.896,3.344,0.064,0.056,0.048,0.048,1.016,1.016,1236,1036,2721,51.9,58.3,46,46,22529926,1.187,1.238,606032,60,14,7396278,17,17,6814577,182.7,1.9,43.8,1.350,1.365,1.815,1.815,1.005,4.970,1.250,Ne,Ne,Ne,42.0,1.350,1.365,1.815,1.815,1.005,5.040,1.375,Ne,Ne,Ne,61,78,99.0,100.0,Ne,Ne,30664,54296,1.2,0.3,1.6,8.758,0.628,89373,222733,55.0,66.0,73.0,0.994,1375,2973.0,2238.0,100.0,99.4,28.0,1.4,1.4,27.0,11017,944,32.0,347880,0.0,44.7,0.725,37.000,17.000,68.000,600.0,3000.0,1200.0,100.0,0.0,0.0,0.0,0.0,0.0,0.0,0.0,0.0,0,0,16.0,246,Ne,Ne,Ne,123.2,123.7,8.12,8.09,0.00,8.01,0.11,0,0,0.0,0.0,0,0,0.0,0.0,0,0,0.0,0.0,157796,4554,41.0,17.9,0,0.0,
20.5.2026,12:50:40.149,33653,9505,77.9,19360,12535,60.6,0.7,1.183,1.190,1.185,1.180,1.180,1.190,1.180,1.180,1.180,5225.0,5225.0,5225.0,5225.0,5225.0,5225.0,5225.0,5225.0,5225.0,100.0,2415.5,4575.9,2765.8,1946.2,2327.7,2488.8,2857.0,1505.8,2123.5,2830.0,3533.4,2304.8,2563.2,1339.0,1945.6,1776.1,1765.5,2415.5,42.3,71.7,50.3,33.8,40.2,43.7,52.2,25.8,37.1,51.9,65.6,40.8,44.9,22.9,34.5,31.1,29.7,71.7,42.3,49.0,81.3,57.4,39.7,47.4,51.1,60.5,30.6,43.1,59.5,74.8,47.2,52.4,27.2,39.8,36.4,35.4,49.0,52.2,52.2,52.2,52.2,52.2,52.2,52.2,52.2,52.2,0.0,66.6,87.5,60.1,71.0,54.2,85.8,65.3,51.9,56.8,33.4,12.5,39.9,29.0,45.8,14.2,34.7,48.1,43.2,0.0,0.0,0.0,0.0,0.0,0.0,0.0,0.0,0.0,3000.0,30.00,30,40,40,76,116,884,1,57.2,54.9,58.1,49.7,52.6,47.1,53.3,47.6,53.7,48.8,48.7,46.0,42.9,42.9,50.8,43.2,46.0,46.0,60.0,1.182,1.250,1.100,43.292,14.466,43.279,75.250,7.450,84.128,5.100,6.245,4.729,5.649,4.418,6.303,5.117,4.170,4.165,51.094,18.083,77.371,84.081,2000.0,3000.0,5232.4,5232.4,5250.0,51.9,36.1,41.8,51.9,57.8,Ne,Ne,Ne,7.885,4.862,5.3,31,57,46,26,1.181,5.040,3.408,3.328,12.192,1.101,1.243,3.408,3.280,3.328,1.056,1.056,1.048,1.350,1.814,0.896,3.344,0.064,0.056,0.048,0.048,1.016,1.016,1239,1031,2721,51.9,58.3,46,46,22530016,1.167,1.238,606035,25,14,7396398,63,18,6814694,182.7,1.9,43.8,1.350,1.365,1.815,1.815,1.005,5.040,1.250,Ne,Ne,Ne,42.0,1.350,1.365,1.815,1.815,1.005,5.040,0.875,Ne,Ne,Ne,61,78,99.0,100.0,Ne,Ne,30664,54296,0.3,0.1,0.4,3.056,0.504,89379,222734,55.0,66.0,73.0,1.005,1385,3006.0,2238.0,100.0,99.2,28.0,1.7,1.7,27.0,11017,928,32.0,347880,0.0,44.7,0.725,2.000,18.000,100.000,600.0,3000.0,1200.0,100.0,0.0,0.0,0.0,0.0,0.0,0.0,0.0,0.0,0,0,16.0,246,Ne,Ne,Ne,134.4,134.7,7.44,7.43,0.00,7.32,0.12,0,0,0.0,0.0,0,0,0.0,0.0,0,0,0.0,0.0,157796,4554,43.5,19.3,0,0.0,
20.5.2026,12:50:42.152,33669,9489,78.0,19346,12549,60.6,0.7,1.186,1.190,1.185,1.185,1.185,1.185,1.185,1.185,1.185,5225.0,5225.0,5225.0,5225.0,5225.0,5225.0,5225.0,5225.0,5225.0,100.0,2223.2,4692.9,2584.0,1817.7,2088.4,2514.0,2650.2,1395.2,1816.4,2861.8,3097.2,2183.0,2346.1,1035.5,1715.8,1065.8,1707.6,2223.2,38.7,75.6,46.6,31.9,36.1,44.4,46.6,24.6,31.0,52.2,56.8,38.1,40.2,18.0,29.7,17.4,29.5,75.6,38.7,45.0,85.6,53.7,37.0,42.3,51.5,54.7,28.4,36.7,60.3,65.7,44.8,47.7,20.9,34.8,20.9,34.5,45.0,52.2,52.2,52.2,52.2,52.2,52.2,52.2,52.2,52.2,0.0,62.6,89.7,57.0,69.6,50.1,80.9,63.2,45.2,45.3,37.4,10.3,43.0,30.4,49.9,19.1,36.8,54.8,54.7,0.0,0.0,0.0,0.0,0.0,0.0,0.0,0.0,0.0,3000.0,30.00,30,40,40,76,116,884,1,57.8,55.3,55.5,49.5,53.6,46.8,53.4,47.0,53.5,48.4,48.1,45.1,43.1,43.1,51.2,43.1,46.0,46.0,60.0,1.182,1.250,1.100,42.803,14.315,42.815,77.500,7.439,83.170,4.933,6.494,4.561,5.590,4.122,6.150,5.005,3.821,3.718,50.494,17.893,76.570,83.186,2000.0,3000.0,5232.8,5232.8,5250.0,51.3,35.7,43.1,51.3,58.2,Ne,Ne,Ne,6.232,3.642,5.0,32,57,46,26,1.181,5.040,3.408,3.328,12.192,1.101,1.243,3.408,3.280,3.328,1.056,1.056,1.048,1.359,1.814,0.896,3.344,0.064,0.056,0.048,0.048,1.016,1.016,1248,1040,2743,51.9,58.3,46,46,22530108,1.179,1.238,606037,24,13,7396448,82,17,6814745,182.7,1.9,43.8,1.350,1.365,1.815,1.815,1.005,5.040,0.750,Ne,Ne,Ne,42.0,1.350,1.365,1.815,1.815,1.005,5.040,0.625,Ne,Ne,Ne,61,78,99.0,100.0,Ne,Ne,30664,54296,0.5,0.1,0.6,3.837,1.016,89386,222735,55.0,66.0,73.0,1.002,1379,3000.0,2238.0,100.0,99.0,27.0,1.5,1.5,26.0,11017,944,32.0,347912,0.0,44.7,0.725,14.000,18.000,113.000,600.0,3000.0,1200.0,100.0,0.0,0.0,0.0,0.0,0.0,0.0,0.0,0.0,0,0,16.0,246,Ne,Ne,Ne,142.3,143.2,7.03,6.96,0.00,6.91,0.12,0,0,0.0,0.0,0,0,0.0,0.0,0,0,0.0,0.0,157796,4554,42.0,17.6,0,0.0,
20.5.2026,12:50:44.153,33629,9530,77.9,19336,12559,60.6,0.7,1.187,1.170,1.190,1.190,1.190,1.190,1.190,1.190,1.190,5225.0,5225.0,5225.0,5225.0,5225.0,5225.0,5225.0,5225.0,5225.0,100.0,2340.5,4718.2,2550.5,1893.5,2212.7,2636.1,2680.1,1467.2,1901.5,3210.8,2829.3,2421.7,2336.6,1154.7,1714.7,2037.8,1682.5,2340.5,41.8,80.9,45.9,33.3,39.0,47.4,48.4,25.8,33.5,59.6,51.6,43.2,41.4,20.1,30.3,37.7,30.3,80.9,41.8,48.0,91.2,52.7,38.7,45.2,54.8,55.9,29.9,38.7,68.0,59.4,49.9,48.2,23.4,34.9,42.7,34.7,48.0,52.2,52.2,52.2,52.2,52.2,52.2,52.2,52.2,52.2,0.0,65.2,90.2,57.5,69.6,51.5,79.1,62.6,47.1,63.7,34.8,9.8,42.5,30.4,48.5,20.9,37.4,52.9,36.3,0.0,0.0,0.0,0.0,0.0,0.0,0.0,0.0,0.0,3000.0,30.00,30,40,40,76,116,884,1,57.4,54.7,53.2,49.6,53.1,46.9,53.3,47.2,53.1,48.7,48.2,46.4,43.0,43.0,50.8,43.1,46.0,46.0,60.0,1.183,1.250,1.100,42.903,14.387,42.897,76.500,7.419,83.476,5.046,6.408,4.662,5.617,4.235,6.048,5.090,3.959,4.352,50.666,17.984,76.811,83.512,2000.0,3000.0,5232.8,5232.8,5250.0,51.6,35.7,42.5,51.6,57.6,Ne,Ne,Ne,7.406,4.787,5.2,32,57,46,26,1.190,5.040,3.408,3.328,12.192,1.101,1.243,3.392,3.280,3.328,1.056,1.056,1.048,1.350,1.814,0.896,3.344,0.064,0.056,0.048,0.048,1.016,1.016,1247,1005,2743,51.9,58.3,46,46,22530200,1.187,1.238,606042,27,14,7396550,50,17,6814871,182.7,1.9,43.8,1.350,1.365,1.800,1.815,1.005,5.040,0.625,Ne,Ne,Ne,42.0,1.350,1.365,1.800,1.815,1.005,5.040,1.375,Ne,Ne,Ne,61,78,99.0,100.0,Ne,Ne,30664,54296,0.9,0.1,1.0,7.952,1.007,89401,222737,55.0,66.0,74.0,1.005,1377,3010.0,2238.0,100.0,99.0,25.0,1.7,1.7,26.0,11017,928,32.0,347912,0.0,44.7,0.725,4.000,18.000,102.000,600.0,3000.0,1200.0,100.0,0.0,0.0,0.0,0.0,0.0,0.0,0.0,0.0,0,0,16.0,246,Ne,Ne,Ne,150.4,150.4,6.65,6.65,0.00,6.52,0.13,0,0,0.0,0.0,0,0,0.0,0.0,0,0,0.0,0.0,157797,4554,716.9,31.7,0,0.0,
20.5.2026,12:50:46.153,33596,9563,77.8,19327,12568,60.5,0.7,1.183,1.175,1.185,1.185,1.185,1.185,1.175,1.185,1.185,5225.0,5225.0,5225.0,5225.0,5225.0,5225.0,5225.0,5225.0,5225.0,100.0,2533.9,4700.2,2662.0,2275.5,2259.5,2797.0,2828.2,1849.8,1955.0,3584.8,2945.6,2709.1,2420.2,1830.0,1625.5,2046.9,2052.6,2533.9,45.1,80.6,48.0,40.3,39.7,50.7,51.3,32.3,34.0,66.7,53.6,48.3,42.7,32.1,28.4,36.5,37.0,80.6,45.1,52.0,91.2,55.2,46.6,46.2,58.8,59.2,37.5,39.6,76.0,61.7,55.8,49.7,37.2,33.0,42.1,42.5,52.0,52.2,52.2,52.2,52.2,52.2,52.2,52.2,52.2,52.2,0.0,68.9,89.8,62.3,72.8,56.6,85.1,67.3,54.7,62.4,31.1,10.2,37.7,27.2,43.4,14.9,32.7,45.3,37.6,0.0,0.0,0.0,0.0,0.0,0.0,0.0,0.0,0.0,3000.0,30.00,30,40,40,76,116,884,1,58.1,55.8,52.0,50.7,53.5,48.1,54.2,48.4,54.6,49.9,49.5,46.9,43.5,43.5,51.5,43.1,46.3,46.0,60.0,1.184,1.250,1.100,44.815,14.376,44.813,73.750,7.427,85.790,5.281,6.452,4.984,5.823,4.526,6.443,5.388,4.297,4.336,52.971,17.970,79.111,85.782,2000.0,3000.0,5232.5,5232.5,5250.0,53.0,37.3,41.0,53.0,58.7,Ne,Ne,Ne,7.119,4.340,5.5,32,58,46,26,1.181,5.040,3.408,3.328,12.288,1.101,1.243,3.408,3.280,3.328,1.056,1.056,1.048,1.359,1.814,0.896,3.344,0.064,0.056,0.048,0.048,1.016,1.016,1248,1035,2721,51.9,58.3,46,46,22530292,1.175,1.238,606042,65,14,7396550,13,16,6814850,182.7,1.9,44.0,1.350,1.365,1.800,1.800,1.005,5.040,0.375,Ne,Ne,Ne,42.0,1.350,1.365,1.800,1.800,1.005,5.040,0.750,Ne,Ne,Ne,61,78,99.0,100.0,Ne,Ne,30664,54296,0.0,0.1,0.2,0.114,1.646,89401,222741,55.0,68.0,73.0,0.997,1375,2980.0,2238.0,100.0,99.4,30.0,1.7,1.7,26.0,11017,928,32.0,347912,0.0,44.8,0.725,16.000,16.000,47.000,600.0,3000.0,1200.0,100.0,0.0,0.0,0.0,0.0,0.0,0.0,0.0,0.0,0,0,16.0,246,Ne,Ne,Ne,146.1,145.7,6.85,6.85,0.00,6.73,0.11,0,0,0.0,0.0,0,0,0.0,0.0,0,0,0.0,0.0,157799,4554,601.0,30.9,0,0.0,
20.5.2026,12:50:48.150,33677,9481,78.0,19368,12527,60.7,0.7,1.177,1.175,1.175,1.175,1.175,1.175,1.180,1.180,1.180,5225.0,5225.0,5225.0,5225.0,5225.0,5225.0,5225.0,5225.0,5225.0,100.0,2016.6,4725.5,2238.9,1843.2,1585.8,2392.4,2379.7,1534.7,1231.6,2441.8,3173.5,2128.3,1947.4,1687.3,701.0,1515.0,740.2,2016.6,36.0,82.4,40.3,32.9,28.0,42.1,42.5,27.4,21.9,43.9,59.5,37.8,34.3,30.1,12.6,26.6,13.0,82.4,36.0,41.0,92.4,45.8,37.6,32.2,48.6,48.8,31.1,24.9,50.3,67.3,43.4,39.5,34.1,14.1,30.3,14.8,40.9,52.2,52.2,52.2,52.2,52.2,52.2,52.2,52.2,52.2,0.0,57.8,90.3,51.2,62.5,45.3,75.7,56.3,41.7,39.5,42.1,9.7,48.8,37.5,54.7,24.3,43.7,58.1,60.3,0.0,0.0,0.0,0.0,0.0,0.0,0.0,0.2,0.2,3000.0,30.00,30,40,40,76,116,884,1,57.0,53.6,60.8,48.1,52.2,45.6,51.7,45.8,51.9,47.1,46.8,43.9,42.2,42.2,51.0,43.1,46.0,46.0,60.0,1.182,1.250,1.100,38.890,14.124,38.869,74.250,7.423,78.127,4.549,6.188,4.158,5.153,3.768,5.752,4.592,3.476,3.303,45.843,17.655,71.663,78.131,2000.0,3000.0,5234.6,5234.6,5250.0,48.2,32.4,41.2,48.2,56.4,Ne,Ne,Ne,4.845,2.591,4.6,32,56,46,26,1.172,5.040,3.408,3.328,12.192,1.101,1.243,3.408,3.280,3.328,1.056,1.056,1.048,1.350,1.814,0.896,3.344,0.064,0.056,0.048,0.048,1.016,1.016,1265,1023,2721,51.9,58.3,46,46,22530384,1.187,1.238,606044,64,14,7396680,13,18,6814976,182.7,1.9,44.0,1.350,1.365,1.800,1.800,1.005,5.040,1.000,Ne,Ne,Ne,42.0,1.350,1.365,1.800,1.800,1.005,5.040,1.250,Ne,Ne,Ne,61,78,99.0,100.0,Ne,Ne,30664,54296,1.4,0.1,1.5,1.643,0.206,89404,222741,55.0,68.0,73.0,0.983,1374,2935.0,2238.0,100.0,98.3,29.0,1.5,1.5,26.0,11017,928,32.0,347912,0.0,44.7,0.725,30.000,17.000,62.000,600.0,3000.0,1200.0,100.0,0.0,0.0,0.0,0.0,0.0,0.0,0.0,0.0,0,0,16.0,246,Ne,Ne,Ne,134.3,134.4,7.45,7.41,0.00,7.34,0.11,0,0,0.0,0.0,0,0,0.0,0.0,0,0,0.0,0.0,157799,4554,47.3,16.5,0,0.0,
20.5.2026,12:50:50.150,33632,9526,77.9,19328,12567,60.5,0.7,1.181,1.190,1.190,1.190,1.175,1.175,1.175,1.175,1.175,5225.0,5225.0,5225.0,5225.0,5225.0,5225.0,5225.0,5225.0,5225.0,100.0,1949.3,4546.0,2099.8,1727.4,1509.6,2425.2,2262.6,1462.7,1114.3,2575.9,3092.7,2055.8,1898.3,1596.6,653.6,1563.9,603.9,1949.3,34.6,79.8,37.4,30.4,26.5,42.6,40.6,25.8,19.4,46.8,57.7,36.3,33.2,27.8,11.3,27.4,10.3,79.8,34.6,39.7,89.8,42.8,35.1,30.7,49.4,46.8,29.6,22.5,53.7,65.4,42.0,38.7,32.4,13.2,31.5,12.1,39.7,52.2,52.2,52.2,52.2,52.2,52.2,52.2,52.2,52.2,0.0,56.3,86.9,48.4,62.0,42.6,78.0,54.7,39.4,38.2,43.7,13.1,51.6,38.0,57.4,22.0,45.3,60.6,61.8,0.0,0.0,0.0,0.0,0.0,0.0,0.0,0.0,0.0,3000.0,30.00,30,40,40,76,116,884,1,56.1,53.2,54.6,47.6,51.5,44.9,51.4,45.1,51.5,46.6,46.2,43.4,41.9,41.9,51.0,43.0,46.0,46.0,60.0,1.181,1.250,1.100,37.704,14.112,37.735,75.500,7.387,76.705,4.406,5.983,3.945,5.105,3.554,5.711,4.476,3.310,3.162,44.419,17.639,70.184,76.713,2000.0,3000.0,5234.8,5234.8,5250.0,47.4,31.4,41.9,47.4,56.0,Ne,Ne,Ne,4.676,2.518,4.5,32,55,45,26,1.181,5.040,3.408,3.328,12.192,1.101,1.243,3.408,3.280,3.328,1.056,1.056,1.048,1.350,1.814,0.896,3.344,0.064,0.048,0.048,0.048,1.016,1.016,1230,1016,2721,51.9,58.3,46,46,22530566,1.167,1.238,606049,58,14,7396924,35,18,6815212,182.7,1.9,43.8,1.350,1.365,1.800,1.800,1.005,5.040,0.750,Ne,Ne,Ne,42.0,1.350,1.365,1.800,1.800,1.005,5.110,0.875,Ne,Ne,Ne,61,78,99.0,100.0,Ne,Ne,30664,54296,0.0,0.8,0.9,0.016,0.262,89404,222741,55.0,68.0,73.0,0.982,1374,2935.0,2238.0,100.0,99.2,29.0,1.4,1.4,26.0,11016,928,32.0,347912,0.0,44.6,0.725,63.000,18.000,97.000,600.0,3000.0,1200.0,100.0,0.0,0.0,0.0,0.0,0.0,0.0,0.0,0.0,0,0,16.0,246,Ne,Ne,Ne,128.2,127.9,7.80,7.81,0.00,7.69,0.11,0,0,0.0,0.0,0,0,0.0,0.0,0,0,0.0,0.0,157799,4554,45.3,18.5,0,0.0,
20.5.2026,12:50:52.150,33618,9541,77.8,19326,12569,60.5,0.7,1.177,1.195,1.175,1.175,1.175,1.175,1.175,1.175,1.175,5225.0,5225.0,5225.0,5225.0,5225.0,5225.0,5225.0,5225.0,5225.0,100.0,1808.2,4369.7,2113.5,1617.2,1256.9,2413.1,1823.2,1427.7,966.8,3386.4,1997.4,1929.7,1602.2,1446.0,555.1,1497.4,529.1,1808.2,31.4,72.1,37.4,28.3,21.3,42.4,31.5,25.1,16.3,63.3,35.2,33.7,27.2,26.0,9.2,25.7,8.3,72.1,31.4,36.4,81.5,43.1,32.9,25.2,49.3,37.0,29.0,19.3,71.7,40.9,39.2,32.2,29.2,11.1,30.0,10.3,36.4,52.2,52.2,52.2,52.2,52.2,52.2,52.2,52.2,52.2,0.0,52.1,83.5,42.7,57.9,38.3,76.6,48.7,34.3,34.9,47.9,16.5,57.3,42.1,61.7,23.4,51.3,65.7,65.1,0.0,0.0,0.0,0.0,0.0,0.0,0.0,0.0,0.0,3000.0,30.00,30,40,40,76,116,884,1,56.1,53.1,52.4,46.6,50.7,43.7,50.3,43.9,51.1,45.1,45.3,42.5,41.5,41.5,50.5,42.7,46.0,46.0,60.0,1.180,1.250,1.100,34.981,14.087,34.995,75.250,7.395,73.416,4.144,5.760,3.580,4.769,3.284,5.673,4.034,3.044,3.006,41.193,17.609,66.936,73.419,2000.0,3000.0,5235.8,5235.8,5250.0,45.3,29.2,41.8,45.3,55.9,Ne,Ne,Ne,4.311,2.331,4.2,32,56,45,26,1.163,5.040,3.392,3.328,12.192,1.101,1.243,3.408,3.280,3.328,1.056,1.056,1.048,1.359,1.814,0.896,3.344,0.064,0.056,0.048,0.048,1.016,1.016,1237,981,2772,51.9,58.3,46,46,22530656,1.179,1.238,606051,49,13,7397022,37,17,6815308,182.7,1.9,43.8,1.350,1.365,1.800,1.800,1.005,5.110,0.625,Ne,Ne,Ne,42.0,1.365,1.365,1.800,1.800,1.005,5.110,0.750,Ne,Ne,Ne,61,78,99.0,100.0,Ne,Ne,30664,54296,0.6,0.1,0.7,2.096,0.423,89408,222742,55.0,67.0,73.0,0.974,1374,2910.0,2238.0,100.0,99.2,30.0,1.4,1.4,26.0,11016,928,32.0,347912,0.0,44.6,0.725,14.000,16.000,46.000,600.0,3000.0,1200.0,100.0,0.0,0.0,0.0,0.0,0.0,0.0,0.0,0.0,0,0,16.0,246,Ne,Ne,Ne,118.2,118.8,8.46,8.43,0.00,8.35,0.12,0,0,0.0,0.0,0,0,0.0,0.0,0,0,0.0,0.0,157800,4554,814.1,31.7,0,0.0,
20.5.2026,12:50:54.153,33695,9464,78.0,19385,12510,60.7,0.7,1.192,1.195,1.195,1.195,1.190,1.190,1.190,1.190,1.190,5225.0,5225.0,5225.0,5225.0,5225.0,5225.0,5225.0,5225.0,5225.0,100.0,2226.6,4458.8,2530.8,2185.9,1655.1,2780.3,2296.2,1866.5,1301.9,3188.0,2990.3,2320.8,2039.9,1803.1,864.5,2288.4,1055.9,2226.6,39.8,73.6,45.8,39.3,29.1,50.4,41.1,33.5,22.8,59.4,55.1,41.8,36.0,32.1,15.2,42.1,19.1,73.6,39.8,45.5,83.2,52.4,45.1,33.8,58.0,47.4,38.4,26.5,67.5,62.7,48.0,41.7,36.8,17.7,47.6,21.9,45.6,52.2,52.2,52.2,52.2,52.2,52.2,52.2,52.2,52.2,0.0,62.2,85.2,54.4,65.9,49.3,82.3,57.5,45.0,58.3,37.8,14.8,45.6,34.1,50.7,17.7,42.5,55.0,41.7,0.0,0.0,0.0,0.0,0.0,0.0,0.0,0.0,0.0,3000.0,30.00,30,40,40,76,116,884,1,57.0,54.1,58.1,48.4,51.8,45.8,51.9,46.0,52.5,47.2,46.9,45.1,42.1,42.1,51.2,43.0,46.0,46.0,60.0,1.182,1.250,1.100,40.955,14.295,40.920,79.000,7.425,80.942,4.808,6.159,4.379,5.369,4.013,6.110,4.709,3.687,4.040,48.319,17.869,74.356,80.928,2000.0,3000.0,5233.8,5233.8,5250.0,50.0,34.1,43.9,50.0,57.0,Ne,Ne,Ne,6.207,3.851,5.0,32,57,46,26,1.181,5.040,3.408,3.328,12.192,1.101,1.234,3.408,3.280,3.328,1.056,1.056,1.048,1.350,1.814,0.896,3.344,0.064,0.056,0.048,0.048,1.016,1.016,1207,1008,2721,51.9,58.3,46,46,22530744,1.167,1.238,606053,34,14,7397090,51,19,6815376,182.7,1.9,43.8,1.365,1.365,1.800,1.800,1.005,5.110,0.375,Ne,Ne,Ne,42.0,1.365,1.365,1.800,1.800,1.005,5.110,1.250,Ne,Ne,Ne,61,78,99.0,100.0,Ne,Ne,30664,54296,0.4,0.2,0.6,0.284,1.947,89409,222746,55.0,68.0,73.0,1.010,1374,3024.0,2238.0,100.0,99.3,30.0,1.5,1.5,26.0,11016,928,32.0,347912,0.0,44.6,0.725,40.000,17.000,72.000,600.0,3000.0,1200.0,100.0,0.0,0.0,0.0,0.0,0.0,0.0,0.0,0.0,0,0,16.0,246,Ne,Ne,Ne,143.9,143.9,6.95,6.95,0.00,6.82,0.13,0,0,0.0,0.0,0,0,0.0,0.0,0,0,0.0,0.0,157802,4554,893.9,36.3,0,0.0,
20.5.2026,12:50:56.149,33628,9530,77.9,19345,12550,60.6,0.7,1.172,1.185,1.170,1.170,1.170,1.170,1.170,1.170,1.170,5225.0,5225.0,5225.0,5225.0,5225.0,5225.0,5225.0,5225.0,5225.0,100.0,2516.1,4806.1,2772.6,2379.9,2093.0,2981.3,2756.0,1971.4,1797.0,3096.5,3215.4,2596.1,2482.2,1888.4,1412.1,1799.8,2210.3,2516.1,45.0,80.6,51.0,42.3,36.7,54.9,50.5,34.7,31.4,57.1,59.5,46.9,43.7,33.4,24.9,31.6,40.7,80.6,45.0,51.8,91.0,58.3,48.8,42.7,63.2,58.2,40.2,36.6,65.6,68.2,54.2,50.8,38.5,28.8,36.7,46.2,51.7,52.2,52.2,52.2,52.2,52.2,52.2,52.2,52.2,52.2,0.0,69.2,91.9,62.3,74.9,56.0,82.6,66.8,52.5,66.9,30.8,8.1,37.7,25.1,44.0,17.4,33.2,47.5,33.1,0.0,0.0,0.0,0.0,0.0,0.0,0.0,0.0,0.0,3000.0,30.00,30,40,40,76,116,884,1,57.6,55.7,54.6,50.7,53.9,48.1,54.5,48.5,54.2,50.0,49.3,47.4,43.5,43.5,51.2,43.2,46.1,46.0,60.0,1.183,1.250,1.100,45.230,14.435,45.250,77.250,7.459,86.367,5.341,6.584,4.985,6.002,4.570,6.317,5.425,4.269,4.581,53.437,18.044,79.685,86.383,2000.0,3000.0,5232.4,5232.4,5250.0,53.3,37.7,42.9,53.3,58.6,Ne,Ne,Ne,7.121,4.257,5.5,32,57,46,26,1.172,5.040,3.408,3.328,12.192,1.101,1.243,3.408,3.280,3.328,1.056,1.056,1.048,1.359,1.814,0.896,3.344,0.064,0.056,0.048,0.048,1.016,1.016,1256,1029,2721,51.9,58.3,46,46,22530836,1.183,1.238,606056,29,14,7397148,43,17,6815435,182.7,1.9,44.0,1.365,1.365,1.800,1.800,1.005,5.110,0.500,Ne,Ne,Ne,42.0,1.365,1.365,1.815,1.800,1.005,5.110,0.375,Ne,Ne,Ne,61,78,99.0,100.0,Ne,Ne,30664,54296,0.2,0.2,0.4,0.540,2.146,89410,222750,55.0,68.0,73.0,0.996,1373,2980.0,2238.0,100.0,99.1,31.0,1.5,1.5,26.0,11016,928,32.0,347912,0.0,44.8,0.725,15.000,18.000,114.000,600.0,3000.0,1200.0,100.0,0.0,0.0,0.0,0.0,0.0,0.0,0.0,0.0,0,0,16.0,246,Ne,Ne,Ne,135.8,135.8,7.37,7.37,0.00,7.25,0.12,0,0,0.0,0.0,0,0,0.0,0.0,0,0,0.0,0.0,157804,4554,1134.1,39.8,0,0.0,
20.5.2026,12:50:58.150,33628,9531,77.9,19359,12536,60.6,0.7,1.176,1.185,1.180,1.180,1.180,1.170,1.170,1.170,1.170,5225.0,5225.0,5225.0,5225.0,5225.0,5225.0,5225.0,5225.0,5225.0,100.0,1987.8,4560.4,2262.2,1622.8,1718.7,2562.0,2125.9,1287.3,1449.3,2960.0,2634.2,1960.2,2028.1,1127.7,1269.9,1120.3,1115.4,1987.8,34.7,77.7,40.1,28.2,29.7,45.0,36.9,22.3,24.9,54.8,47.6,34.3,35.1,19.5,22.0,18.9,18.7,77.7,34.7,40.3,87.6,46.3,33.0,34.9,52.4,43.4,26.2,29.2,62.7,54.9,40.0,41.2,22.8,25.7,22.4,22.3,40.3,52.2,52.2,52.2,52.2,52.2,52.2,52.2,52.2,52.2,0.0,56.8,87.1,50.0,61.4,44.5,75.9,55.0,41.5,39.1,43.2,12.9,50.0,38.6,55.5,24.1,45.0,58.5,60.9,0.0,0.0,0.0,0.0,0.0,0.0,0.0,0.0,0.0,3000.0,30.00,30,40,40,76,116,884,1,56.9,53.6,53.2,47.8,51.8,45.1,51.4,45.5,51.9,46.7,46.7,43.7,42.1,42.1,51.0,43.1,46.0,46.0,60.0,1.181,1.250,1.100,38.503,14.124,38.516,73.500,7.427,77.675,4.485,6.074,4.020,5.058,3.708,5.775,4.482,3.472,3.290,45.386,17.655,71.211,77.705,2000.0,3000.0,5234.6,5234.6,5250.0,48.0,32.1,40.8,48.0,56.4,Ne,Ne,Ne,4.609,2.413,4.5,32,56,46,26,1.181,5.040,3.408,3.328,12.192,1.101,1.243,3.408,3.280,3.328,1.056,1.056,1.048,1.350,1.814,0.896,3.344,0.064,0.056,0.048,0.048,1.016,1.016,1247,1033,2743,51.9,58.3,46,46,22530928,1.171,1.238,606058,36,14,7397220,59,16,6815507,182.7,1.9,44.0,1.365,1.365,1.815,1.800,1.005,5.110,1.000,Ne,Ne,Ne,42.0,1.365,1.365,1.815,1.800,1.005,5.110,0.875,Ne,Ne,Ne,61,78,99.0,100.0,Ne,Ne,30664,54296,0.4,2.0,2.4,0.677,2.073,89411,222754,55.0,68.0,73.0,0.980,1373,2925.0,2238.0,100.0,99.4,30.0,1.4,1.4,26.0,11016,928,32.0,347912,0.0,44.6,0.725,24.000,17.000,56.000,600.0,3000.0,1200.0,100.0,0.0,0.0,0.0,0.0,0.0,0.0,0.0,0.0,0,0,16.0,246,Ne,Ne,Ne,128.3,128.3,7.79,7.79,0.00,7.68,0.11,0,0,0.0,0.0,0,0,0.0,0.0,0,0,0.0,0.0,157806,4554,830.9,32.3,0,0.0,
20.5.2026,12:51:0.150,33634,9524,77.9,19379,12516,60.7,0.7,1.188,1.200,1.195,1.195,1.195,1.185,1.185,1.175,1.175,5153.6,5225.0,5225.0,5225.0,4653.5,5225.0,5225.0,5225.0,5225.0,100.0,2177.3,4606.7,2420.4,1671.7,2026.1,2740.7,2331.4,1240.4,1848.2,3407.4,2541.3,2194.6,2124.5,976.5,1623.0,1487.6,1595.7,2177.3,38.7,78.2,43.2,29.5,35.7,49.8,41.3,21.9,32.8,63.6,45.7,39.4,37.2,17.3,28.8,26.9,28.3,78.2,38.7,44.3,88.0,49.4,34.1,41.2,57.2,47.6,25.2,37.6,72.2,52.5,45.4,43.2,19.8,32.9,30.6,32.5,44.3,51.5,52.2,52.2,52.2,46.5,52.2,52.2,52.2,52.2,0.0,61.3,88.0,53.1,66.9,48.4,79.6,58.5,43.8,52.4,38.7,12.0,46.9,33.1,51.6,20.4,41.5,56.2,47.6,0.0,0.0,0.0,0.0,0.0,0.0,0.0,0.0,0.0,3000.0,30.00,30,40,40,76,116,884,1,56.6,54.1,55.0,48.6,52.3,45.7,52.4,46.1,52.4,47.5,47.2,45.0,42.4,42.4,50.8,42.9,46.0,46.0,60.0,1.182,1.250,1.100,41.061,14.254,41.046,75.000,7.398,80.991,4.791,6.230,4.307,5.442,3.992,5.977,4.774,3.703,3.900,48.443,17.818,74.398,80.960,2000.0,3000.0,5233.5,5233.5,5250.0,50.0,34.2,41.7,50.0,56.9,Ne,Ne,Ne,5.891,3.377,4.9,32,56,45,26,1.172,5.040,3.408,3.328,12.288,1.101,1.243,3.408,3.280,3.328,1.056,1.056,1.048,1.350,1.814,0.896,3.344,0.064,0.056,0.048,0.048,1.016,1.016,1229,1031,2743,51.9,58.3,46,46,22531018,1.179,1.238,606060,60,14,7397340,14,17,6815623,182.7,1.9,44.0,1.365,1.365,1.815,1.800,1.005,5.110,0.375,Ne,Ne,Ne,42.0,1.365,1.365,1.815,1.800,1.005,5.110,2.250,Ne,Ne,Ne,61,78,99.0,100.0,Ne,Ne,30664,54296,0.5,0.2,0.8,4.210,1.472,89419,222757,55.0,67.0,73.0,0.988,1375,2955.0,2238.0,100.0,99.1,29.0,1.4,1.4,26.0,11016,928,32.0,347912,0.0,44.6,0.725,36.000,17.000,69.000,600.0,3000.0,1200.0,100.0,0.0,0.0,0.0,0.0,0.0,0.0,0.0,0.0,0,0,16.0,246,Ne,Ne,Ne,127.7,127.9,7.83,7.82,0.00,7.72,0.11,0,0,0.0,0.0,0,0,0.0,0.0,0,0,0.0,0.0,157808,4554,1199.0,39.8,0,0.0,
20.5.2026,12:51:2.153,33732,9427,78.1,19391,12504,60.7,0.7,1.184,1.190,1.185,1.185,1.185,1.185,1.185,1.185,1.175,5225.0,5225.0,5225.0,5225.0,5225.0,5225.0,5225.0,5225.0,5225.0,100.0,2501.5,4682.8,2800.3,2087.3,2409.7,2806.1,2808.5,1630.6,2176.7,3041.6,3257.0,2474.4,2575.3,1529.6,2268.6,1345.4,2130.3,2501.5,43.8,74.3,50.6,36.4,42.0,50.7,50.7,27.9,37.9,55.4,60.1,43.5,45.2,26.2,40.0,22.6,37.3,74.3,43.8,51.0,84.5,58.4,42.7,49.4,58.9,58.9,33.2,44.4,63.9,69.0,50.8,52.9,31.1,46.5,27.2,43.7,51.0,52.2,52.2,52.2,52.2,52.2,52.2,52.2,52.2,52.2,0.0,68.4,89.5,62.8,74.6,55.6,83.8,67.9,58.5,54.5,31.6,10.5,37.2,25.4,44.4,16.2,32.1,41.5,45.5,0.0,0.0,0.0,0.0,0.0,0.0,0.0,0.0,0.0,3000.0,30.00,30,40,40,76,116,884,1,57.1,55.3,54.1,50.2,53.4,47.7,54.0,47.9,53.8,49.3,49.4,46.1,43.1,43.1,50.8,43.3,46.0,46.0,60.0,1.184,1.250,1.100,44.949,14.423,44.951,77.250,7.425,86.030,5.246,6.483,4.940,5.877,4.457,6.236,5.337,4.481,4.156,53.126,18.028,79.322,86.036,2000.0,3000.0,5232.7,5232.7,5250.0,53.1,37.5,42.9,53.1,58.2,Ne,Ne,Ne,7.522,4.538,5.5,32,57,46,26,1.181,5.040,3.408,3.328,12.192,1.101,1.243,3.408,3.280,3.328,1.056,1.056,1.048,1.350,1.814,0.896,3.344,0.064,0.056,0.048,0.048,1.016,1.016,1244,977,2749,51.9,58.3,46,46,22531108,1.183,1.238,606063,59,14,7397458,71,18,6815737,182.7,1.9,44.0,1.365,1.365,1.815,1.800,1.005,5.040,0.875,Ne,Ne,Ne,42.0,1.365,1.365,1.815,1.800,1.005,5.040,0.625,Ne,Ne,Ne,61,78,99.0,100.0,Ne,Ne,30664,54296,0.7,0.2,0.9,4.731,2.141,89428,222761,55.0,66.0,74.0,0.959,1373,2865.0,2238.0,100.0,99.7,26.0,1.4,1.4,26.0,11016,928,32.0,347912,0.0,44.7,0.725,21.000,17.000,52.000,600.0,3000.0,1200.0,100.0,0.0,0.0,0.0,0.0,0.0,0.0,0.0,0.0,0,0,16.0,246,Ne,Ne,Ne,106.6,106.7,9.38,9.37,0.00,9.25,0.13,0,0,0.0,0.0,0,0,0.0,0.0,0,0,0.0,0.0,157811,4554,1176.2,38.8,0,0.0,
20.5.2026,12:51:4.151,33691,9468,78.0,19375,12520,60.7,0.7,1.178,1.190,1.175,1.175,1.175,1.175,1.175,1.180,1.180,5225.0,5225.0,5225.0,5225.0,5225.0,5225.0,5225.0,5225.0,5225.0,100.0,2385.0,4584.1,2622.5,1882.1,2281.2,2713.3,2690.1,1502.0,2068.8,2790.4,3445.6,2284.6,2506.0,1351.9,1974.2,1602.4,1861.9,2385.0,41.9,73.4,47.0,32.8,39.7,48.9,48.6,25.9,36.1,50.8,64.1,39.9,43.8,23.6,35.1,28.1,32.7,73.4,41.9,48.5,83.5,54.1,38.4,46.4,56.8,56.3,30.4,42.0,58.6,73.1,46.6,51.1,27.5,40.4,32.8,38.1,48.5,52.2,52.2,52.2,52.2,52.2,52.2,52.2,52.2,52.2,0.0,65.9,87.6,57.7,72.9,52.4,83.9,63.9,52.4,56.3,34.1,12.4,42.3,27.1,47.6,16.1,36.1,47.6,43.7,0.0,0.0,0.0,0.0,0.0,0.0,0.0,0.0,0.0,3000.0,30.00,30,40,40,76,116,884,1,57.4,55.2,52.9,49.9,53.0,47.1,53.8,47.5,53.8,48.9,48.9,46.1,43.2,43.2,50.8,43.0,46.1,46.0,60.1,1.184,1.250,1.100,42.924,14.332,42.940,76.750,7.416,83.485,5.084,6.265,4.684,5.799,4.316,6.190,5.129,4.136,4.151,50.745,17.915,76.817,83.508,2000.0,3000.0,5233.1,5233.1,5250.0,51.5,35.8,42.6,51.5,58.1,Ne,Ne,Ne,6.947,4.204,5.3,31,57,46,26,1.181,5.040,3.408,3.328,12.192,1.101,1.243,3.408,3.280,3.328,1.056,1.056,1.048,1.359,1.814,0.896,3.344,0.064,0.056,0.048,0.048,1.016,1.016,1262,1041,2721,51.9,58.3,46,46,22531200,1.175,1.238,606065,29,14,7397516,66,22,6815797,182.7,1.9,44.0,1.350,1.365,1.815,1.800,1.005,5.040,1.250,Ne,Ne,Ne,42.2,1.365,1.365,1.815,1.800,1.005,5.040,1.250,Ne,Ne,Ne,61,78,99.0,100.0,Ne,Ne,30664,54296,8.4,0.1,8.5,16.447,1.743,89460,222764,55.0,67.0,73.0,0.984,1374,2943.0,2238.0,100.0,98.9,27.0,1.4,1.4,26.0,11016,944,32.0,347912,0.0,44.7,0.725,16.000,16.000,47.000,600.0,3000.0,1200.0,100.0,0.0,0.0,0.0,0.0,0.0,0.0,0.0,0.0,0,0,16.0,246,Ne,Ne,Ne,130.1,130.0,7.68,7.70,0.00,7.57,0.11,0,0,0.0,0.0,0,0,0.0,0.0,0,0,0.0,0.0,157813,4554,1230.7,40.2,0,0.0,
20.5.2026,12:51:6.151,33745,9414,78.1,19451,12444,60.9,0.7,1.182,1.175,1.170,1.180,1.180,1.180,1.190,1.190,1.195,5225.0,5225.0,5225.0,5225.0,5225.0,5225.0,5225.0,5225.0,5225.0,100.0,2101.7,4683.8,2326.4,1559.5,1967.7,2493.9,2435.7,1307.7,1639.7,2931.2,2677.8,2055.1,2188.7,962.0,1617.7,1040.0,1740.2,2101.7,37.3,79.6,42.1,27.4,34.6,44.2,43.3,23.2,28.9,53.6,49.0,36.1,38.6,17.1,29.1,18.2,31.1,79.6,37.3,42.6,89.6,48.0,31.6,39.8,51.0,49.8,26.5,33.1,61.2,55.9,41.7,44.6,19.4,33.0,20.9,35.5,42.6,52.2,52.2,52.2,52.2,52.2,52.2,52.2,52.2,52.2,0.0,59.3,89.5,51.0,64.9,46.0,75.2,56.8,43.3,47.9,40.7,10.5,49.0,35.1,54.0,24.8,43.2,56.7,52.1,0.0,0.0,0.0,0.0,0.0,0.0,0.0,0.0,0.0,3000.0,30.00,30,40,40,76,116,884,1,56.8,53.7,57.2,48.3,52.4,45.4,52.1,45.8,51.8,47.2,47.1,44.6,42.3,42.3,51.5,43.3,46.0,46.0,60.1,1.182,1.250,1.100,38.870,14.235,38.849,74.250,7.413,78.359,4.664,6.248,4.164,5.313,3.849,5.720,4.671,3.636,3.712,45.863,17.794,71.811,78.372,2000.0,3000.0,5234.1,5234.1,5250.0,48.4,32.4,41.2,48.4,56.6,Ne,Ne,Ne,5.902,3.503,4.7,32,56,45,26,1.181,5.040,3.408,3.328,12.192,1.101,1.243,3.408,3.280,3.328,1.056,1.056,1.048,1.359,1.814,0.896,3.344,0.064,0.056,0.048,0.048,1.016,1.016,1247,1021,2772,51.9,58.3,46,46,22531292,1.171,1.238,606067,13,13,7397542,29,18,6815826,182.7,1.9,44.0,1.365,1.365,1.815,1.800,1.005,5.040,1.375,Ne,Ne,Ne,42.0,1.365,1.365,1.815,1.800,1.005,5.040,0.875,Ne,Ne,Ne,61,78,99.0,100.0,Ne,Ne,30664,54296,0.8,0.1,0.9,7.435,1.476,89474,222767,55.0,67.0,73.0,0.983,1373,2939.0,2238.0,100.0,98.4,28.0,1.3,1.3,26.0,11016,944,32.0,347912,0.0,44.6,0.725,33.000,17.000,65.000,600.0,3000.0,1200.0,100.0,0.0,0.0,0.0,0.0,0.0,0.0,0.0,0.0,0,0,16.0,246,Ne,Ne,Ne,118.3,118.3,8.46,8.41,0.00,8.34,0.12,0,0,0.0,0.0,0,0,0.0,0.0,0,0,0.0,0.0,157814,4555,647.7,30.4,0,0.0,
20.5.2026,12:51:8.152,33907,9251,78.5,19441,12453,60.9,0.7,1.193,1.195,1.190,1.190,1.190,1.190,1.195,1.195,1.195,5225.0,5225.0,5225.0,5225.0,5225.0,5225.0,5225.0,5225.0,5225.0,100.0,1624.6,4757.2,1628.9,1167.3,1112.0,2030.2,1697.4,807.3,977.7,2761.2,1821.3,1592.9,1307.9,718.9,751.1,1872.9,989.8,1624.6,28.9,82.1,28.9,20.6,19.8,35.9,30.1,14.2,17.6,50.9,32.8,28.3,23.0,12.8,13.5,35.0,17.5,82.1,28.9,33.2,92.3,33.4,23.8,22.7,41.9,34.9,16.4,19.9,58.1,37.8,32.8,26.8,14.6,15.2,39.3,20.2,33.2,52.2,52.2,52.2,52.2,52.2,52.2,52.2,52.2,52.2,0.0,49.9,90.9,36.6,53.4,30.3,68.1,42.7,26.3,50.7,47.5,9.1,63.3,46.6,66.3,31.9,57.3,62.8,42.8,2.6,0.0,0.2,0.0,3.4,0.0,0.0,10.9,6.6,3000.0,30.00,30,40,40,76,116,884,1,56.4,53.0,56.4,45.6,50.5,42.2,49.0,42.2,48.7,44.1,43.6,44.7,41.0,41.0,50.0,42.6,46.0,46.0,60.3,1.180,1.250,1.100,31.258,13.961,31.292,80.250,7.357,68.922,3.791,5.783,2.994,4.302,2.575,4.890,3.479,2.278,4.027,36.893,17.451,62.436,68.948,2000.0,3000.0,5237.4,5237.4,5250.0,42.6,26.1,44.6,42.6,55.8,Ne,Ne,Ne,4.286,2.259,4.0,32,56,45,26,1.199,5.040,3.408,3.328,12.288,1.101,1.243,3.408,3.280,3.328,1.056,1.056,1.048,1.359,1.814,0.896,3.344,0.064,0.048,0.048,0.048,1.016,1.016,1229,1005,2772,51.9,58.3,46,46,22531382,1.148,1.238,606070,33,14,7397608,41,17,6815892,182.7,1.9,44.0,1.365,1.365,1.800,1.800,1.005,5.040,0.625,Ne,Ne,Ne,42.0,1.365,1.365,1.815,1.800,1.005,5.040,0.625,Ne,Ne,Ne,61,78,99.0,100.0,Ne,Ne,30664,54296,0.4,1.9,2.3,0.121,0.459,89474,222768,52.0,63.0,56.0,0.778,1369,2020.0,2238.0,46.0,40.6,7.0,0.5,0.5,25.0,11209,953,32.0,348213,0.0,44.5,0.725,20.000,16.000,51.000,600.0,3000.0,1200.0,100.0,0.0,0.0,0.0,0.0,0.0,0.0,0.0,0.0,0,0,16.0,246,Ne,Ne,Ne,58.0,1.7,17.26,0.92,10.55,16.91,0.35,0,0,0.0,0.0,0,0,0.0,0.0,0,0,0.0,0.0,157815,4555,113.0,7.6,0,0.0,
20.5.2026,12:51:10.152,33899,9260,78.5,19438,12457,60.9,0.7,1.153,1.150,1.140,1.140,1.140,1.140,1.170,1.170,1.170,4571.9,5225.0,5225.0,5225.0,5225.0,5225.0,5225.0,2612.5,2612.5,100.0,1211.6,3685.1,1249.9,675.6,615.5,1312.5,1043.8,438.4,421.3,1481.2,3181.7,1056.9,741.9,387.4,323.5,2351.0,419.7,1211.6,21.6,57.2,22.2,12.2,11.2,22.5,18.3,8.3,8.1,26.9,60.0,18.7,13.1,7.8,6.4,45.2,6.8,60.0,21.6,24.3,64.8,25.6,13.6,12.4,26.6,21.2,8.8,8.5,30.8,67.4,21.4,15.0,7.8,6.5,49.9,8.5,24.3,45.7,52.2,52.2,52.2,52.2,52.2,52.2,26.1,26.1,0.0,39.5,70.4,21.5,37.0,16.0,79.2,28.7,13.8,49.6,53.7,29.6,77.1,63.0,72.4,20.8,71.3,62.8,32.6,6.8,0.0,1.4,0.0,11.6,0.0,0.0,23.4,17.8,3000.0,30.00,30,40,40,76,116,884,1,55.6,52.7,52.9,43.1,46.9,39.0,45.2,38.9,48.3,41.1,41.0,44.0,39.6,39.6,50.2,42.6,45.7,46.0,60.1,1.173,1.250,1.100,24.723,13.691,24.735,76.500,7.314,60.610,3.027,4.689,2.003,3.014,1.551,5.207,2.470,1.331,3.951,29.112,17.114,54.272,60.636,2000.0,3000.0,5240.1,5240.1,5250.0,37.4,20.6,42.5,37.4,55.5,Ne,Ne,Ne,2.582,1.271,3.2,32,55,44,26,1.154,5.040,3.408,3.328,12.288,1.101,1.243,3.408,3.280,3.328,1.056,1.056,1.048,1.359,1.814,0.896,3.344,0.064,0.056,0.048,0.048,1.016,1.016,1210,980,2721,51.9,58.3,46,46,22531472,1.171,1.238,606072,66,14,7397740,46,17,6816019,182.7,1.9,44.0,1.365,1.365,1.815,1.800,1.005,5.040,0.375,Ne,Ne,Ne,42.0,1.365,1.365,1.815,1.800,1.005,5.040,0.625,Ne,Ne,Ne,61,78,99.0,100.0,Ne,Ne,30664,54296,0.4,1.8,2.3,0.292,1.891,89475,222772,51.0,62.0,54.0,0.735,1316,1766.0,2238.0,49.0,25.2,6.0,0.3,0.3,22.0,11214,953,32.0,348223,0.0,44.3,0.725,10.000,16.000,41.000,600.0,3000.0,1200.0,100.0,0.0,0.0,0.0,0.0,0.0,0.0,0.0,0.0,0,0,16.0,246,Ne,Ne,Ne,37.0,39.9,27.04,0.33,26.72,27.04,0.00,0,0,0.0,0.0,0,0,0.0,0.0,0,0,0.0,0.0,157815,4555,20.7,4.3,0,0.0,
20.5.2026,12:51:12.152,33909,9249,78.5,19456,12439,60.9,0.7,1.146,1.150,1.145,1.145,1.145,1.145,1.145,1.145,1.145,4245.3,5225.0,2612.5,5225.0,5225.0,5225.0,5225.0,2612.5,2612.5,100.0,930.8,3277.1,971.9,523.2,385.6,1503.1,844.6,347.4,326.8,1515.2,2861.1,807.0,590.5,282.9,238.8,252.4,165.9,930.8,17.0,52.4,17.4,10.2,7.6,27.1,15.0,7.4,6.9,28.1,54.2,14.4,10.5,5.6,5.5,5.1,4.8,54.2,17.0,18.6,59.0,19.6,10.5,7.6,30.9,17.0,7.0,6.6,31.6,60.6,16.1,11.7,5.7,4.8,5.1,3.3,18.6,42.5,52.2,26.1,52.2,52.2,52.2,52.2,26.1,26.1,0.0,31.0,62.6,16.3,37.3,13.7,74.9,22.4,11.3,9.6,57.1,37.4,76.6,62.7,66.5,25.1,77.6,55.7,55.0,11.9,0.0,7.1,0.0,19.8,0.0,0.0,33.0,35.4,3000.0,30.00,30,40,40,76,116,884,1,54.4,50.5,47.5,39.5,43.8,36.8,42.4,36.6,44.7,37.5,38.9,35.6,37.9,37.9,50.5,42.3,45.0,46.0,60.0,1.153,1.250,1.100,18.165,13.599,18.176,69.250,7.290,52.299,2.119,3.839,1.472,2.520,1.172,4.275,1.879,0.964,0.829,20.985,16.999,46.004,52.310,2000.0,3000.0,5241.5,5241.5,5250.0,32.3,15.1,38.5,32.3,53.2,Ne,Ne,Ne,1.787,0.877,2.5,32,54,43,26,1.163,5.040,3.408,3.328,12.288,1.101,1.243,3.408,3.280,3.328,1.056,1.056,1.048,1.359,1.814,0.896,3.344,0.064,0.056,0.048,0.048,1.016,1.016,1198,1010,2772,51.9,58.3,45,46,22531560,1.175,1.238,606074,15,13,7397770,27,17,6816052,182.7,1.9,43.8,1.365,1.365,1.815,1.800,1.005,5.040,0.375,Ne,Ne,Ne,42.0,1.365,1.365,1.815,1.800,1.005,5.040,0.625,Ne,Ne,Ne,60,78,99.0,100.0,Ne,Ne,30664,54296,0.3,1.5,1.9,0.016,0.034,89475,222772,50.0,61.0,53.0,0.751,1230,1841.0,2238.0,53.0,26.3,6.0,0.3,0.3,20.0,11214,953,32.0,348223,0.0,44.1,0.725,21.000,17.000,53.000,600.0,3000.0,1200.0,100.0,0.0,0.0,0.0,0.0,0.0,0.0,0.0,0.0,0,0,16.0,246,Ne,Ne,Ne,32.0,17.7,31.25,9.08,13.48,31.18,0.07,0,0,0.0,0.0,0,0,0.0,0.0,0,0,0.0,0.0,157815,4555,17.5,4.4,0,0.0,
20.5.2026,12:51:14.154,34929,8229,80.9,20205,11690,63.3,0.7,1.184,1.185,1.195,1.185,1.185,1.180,1.180,1.180,1.180,5225.0,5225.0,5225.0,5225.0,5225.0,5225.0,5225.0,5225.0,5225.0,100.0,1864.9,3937.8,1884.6,1790.6,1264.1,2552.9,1722.4,1516.7,1138.9,4323.3,1812.3,2108.1,1537.0,1283.9,965.4,1153.3,847.4,1864.9,33.6,64.9,34.1,32.5,22.5,46.7,30.8,27.7,20.4,81.6,33.0,38.3,27.2,23.8,17.5,21.6,15.0,81.6,33.6,38.3,73.5,39.2,37.2,26.0,53.5,35.7,31.4,23.3,91.8,37.9,44.0,31.6,26.3,19.9,23.7,17.1,38.2,52.2,52.2,52.2,52.2,52.2,52.2,52.2,52.2,52.2,0.0,54.9,75.2,46.6,62.2,41.1,93.2,53.9,35.5,31.6,41.0,24.8,51.5,37.8,52.4,6.8,46.1,54.4,54.1,4.1,0.0,1.9,0.0,6.5,0.0,0.0,10.0,14.4,3000.0,30.00,30,40,40,76,116,884,1,58.5,53.9,61.6,45.2,48.4,42.6,49.0,42.7,51.0,44.0,43.7,40.3,40.0,40.0,51.0,42.8,45.5,46.0,60.0,1.167,1.250,1.100,34.364,13.978,34.258,86.000,7.361,72.388,4.071,5.294,3.566,4.674,3.221,6.297,4.141,2.827,2.548,40.291,17.473,65.861,72.272,2000.0,3000.0,5236.2,5236.2,5250.0,44.6,28.5,47.8,44.6,56.8,Ne,Ne,Ne,5.081,2.774,4.4,32,61,48,26,1.181,5.040,3.408,3.328,12.288,1.101,1.243,3.392,3.280,3.328,1.056,1.056,1.048,1.359,1.814,0.896,3.344,0.064,0.056,0.048,0.048,1.016,1.016,1178,973,2721,51.9,58.3,45,46,22531646,1.175,1.238,606077,21,13,7397812,59,16,6816097,182.7,1.9,43.8,1.365,1.365,1.815,1.800,1.005,5.040,1.000,Ne,Ne,Ne,42.0,1.365,1.365,1.815,1.800,1.005,5.110,1.000,Ne,Ne,Ne,60,78,99.0,100.0,Ne,Ne,30664,54296,69.8,0.6,70.4,102.599,1.057,89675,222774,49.0,60.0,53.0,0.835,1165,2277.0,2238.0,33.0,24.2,6.0,0.3,0.3,20.0,11306,966,32.0,348323,0.0,44.1,0.725,52.000,17.000,85.000,600.0,3000.0,1200.0,100.0,0.0,0.0,0.0,0.0,0.0,0.0,0.0,0.0,0,0,16.0,246,Ne,Ne,Ne,108.7,75.9,9.20,0.58,5.27,9.00,0.19,0,0,0.0,0.0,0,0,0.0,0.0,0,0,0.0,0.0,157815,4555,17.0,5.9,0,0.0,
20.5.2026,12:51:16.149,34866,8292,80.7,20141,11753,63.1,0.7,1.148,1.150,1.150,1.150,1.150,1.150,1.145,1.145,1.145,4571.9,5225.0,5225.0,5225.0,2612.5,5225.0,5225.0,5225.0,2612.5,100.0,1302.9,3930.2,1654.2,1006.9,821.6,1673.4,1128.0,684.7,714.0,2204.9,2650.5,1314.4,951.0,669.3,474.2,511.8,457.5,1302.9,23.5,58.6,30.6,19.1,15.3,30.6,20.6,13.3,13.8,41.6,50.1,24.3,17.5,12.8,9.1,9.7,8.6,58.6,23.5,26.2,65.9,34.4,20.9,16.9,34.7,23.5,14.1,14.9,46.7,56.2,27.3,19.8,14.1,9.7,10.6,9.6,26.2,45.7,52.2,52.2,52.2,26.1,52.2,52.2,52.2,26.1,0.0,40.7,75.0,29.8,44.1,23.7,80.3,35.8,20.1,17.2,52.0,25.0,66.9,55.9,65.5,19.7,64.2,61.0,57.5,7.3,0.0,3.3,0.0,10.8,0.0,0.0,18.9,25.3,3000.0,30.00,30,40,40,76,116,884,1,59.0,53.9,48.4,43.7,48.4,40.7,47.4,40.5,49.8,41.7,42.6,38.8,40.3,40.3,50.8,42.5,45.5,46.0,60.0,1.162,1.250,1.100,26.376,13.840,26.486,82.500,7.347,62.625,3.025,4.893,2.472,3.538,2.026,5.183,2.848,1.760,1.483,30.812,17.300,56.193,62.739,2000.0,3000.0,5238.9,5238.9,5250.0,38.7,22.1,45.8,38.7,56.7,Ne,Ne,Ne,3.164,1.856,3.3,31,58,47,26,1.163,5.040,3.408,3.328,12.288,1.101,1.243,3.408,3.280,3.328,1.072,1.056,1.048,1.359,1.814,0.896,3.344,0.064,0.056,0.048,0.048,1.016,1.016,1314,1087,2772,51.9,58.3,46,46,22531744,1.144,1.238,606079,19,13,7397850,8,16,6816136,182.7,1.9,43.8,1.365,1.365,1.815,1.800,1.005,5.110,0.375,Ne,Ne,Ne,42.0,1.350,1.365,1.815,1.800,1.005,5.110,1.625,Ne,Ne,Ne,60,78,99.0,100.0,Ne,Ne,30664,54297,0.6,1.7,2.3,0.969,3.717,89677,222781,49.0,60.0,51.0,0.676,1139,1263.0,2238.0,39.0,30.6,4.0,0.4,0.4,20.0,11304,950,32.0,348323,0.0,44.3,0.725,9.000,17.000,107.000,600.0,3000.0,1200.0,100.0,0.0,0.0,0.0,0.0,0.0,0.0,0.0,0.0,0,0,16.0,246,Ne,Ne,Ne,97.4,71.9,10.26,0.55,7.31,102.82,0.00,0,0,0.0,0.0,0,0,0.0,0.0,0,0,0.0,0.0,157815,4555,93.9,10.4,0,0.0,
20.5.2026,12:51:18.152,34803,8356,80.6,20073,11821,62.9,0.7,1.162,1.170,1.150,1.150,1.150,1.170,1.170,1.170,1.170,4898.4,5225.0,5225.0,5225.0,5225.0,5225.0,5225.0,5225.0,2612.5,100.0,1156.9,3624.0,1147.0,851.3,647.7,1524.7,1154.4,634.5,505.0,1670.4,3141.5,1189.6,894.4,513.8,356.8,376.4,278.3,1156.9,20.1,58.0,19.5,14.6,10.7,25.5,19.7,11.1,8.7,30.0,58.9,20.3,14.4,10.1,6.2,7.5,5.5,58.9,20.1,23.1,65.9,23.2,17.2,12.9,30.8,23.5,12.8,10.1,34.8,66.6,24.2,17.8,10.3,7.2,7.5,5.5,23.1,49.0,52.2,52.2,52.2,52.2,52.2,52.2,52.2,26.1,0.0,38.3,69.3,26.0,43.7,20.8,82.2,34.6,16.9,12.9,56.1,30.7,72.6,56.3,72.0,17.8,65.4,68.7,65.6,5.6,0.0,1.5,0.0,7.2,0.0,0.0,14.4,21.5,3000.0,30.00,30,40,40,76,116,884,1,56.9,50.9,49.8,41.2,45.5,38.6,44.4,38.4,46.4,39.3,40.2,36.7,38.6,38.6,50.2,42.3,45.0,46.0,60.0,1.160,1.250,1.100,23.909,13.782,23.879,70.000,7.330,59.418,2.697,4.412,2.123,3.142,1.804,4.791,2.572,1.510,1.225,27.794,17.227,53.084,59.407,2000.0,3000.0,5239.6,5239.6,5250.0,36.7,19.9,38.9,36.7,53.6,Ne,Ne,Ne,2.619,1.231,3.1,31,56,46,26,1.163,5.040,3.408,3.328,12.288,1.101,1.243,3.408,3.280,3.328,1.056,1.056,1.048,1.359,1.814,0.896,3.344,0.064,0.048,0.048,0.048,1.016,1.016,1286,1026,2772,51.9,58.3,45,46,22531838,1.152,1.238,606081,32,14,7397914,36,17,6816201,182.7,1.9,43.8,1.350,1.365,1.815,1.800,1.005,5.110,0.375,Ne,Ne,Ne,42.0,1.350,1.365,1.815,1.800,1.005,5.110,0.625,Ne,Ne,Ne,60,78,99.0,100.0,Ne,Ne,30664,54297,0.6,0.2,0.9,1.212,1.877,89679,222784,48.0,58.0,51.0,0.685,1130,1620.0,2238.0,29.0,21.6,4.0,0.3,0.3,20.0,11309,950,32.0,348327,0.0,44.1,0.725,26.000,17.000,57.000,600.0,3000.0,1200.0,100.0,0.0,0.0,0.0,0.0,0.0,0.0,0.0,0.0,0,0,16.0,246,Ne,Ne,Ne,77.4,75.6,12.92,0.63,12.05,12.73,0.19,0,0,0.0,0.0,0,0,0.0,0.0,0,0,0.0,0.0,157815,4555,62.9,142.9,0,0.0,
20.5.2026,12:51:20.153,33860,9298,78.4,19391,12504,60.7,0.7,1.176,1.170,1.170,1.170,1.180,1.180,1.180,1.180,1.180,5225.0,5225.0,5225.0,5225.0,5225.0,5225.0,5225.0,5225.0,5225.0,100.0,1340.8,4576.5,1537.2,960.9,758.1,1696.0,1335.7,723.9,499.9,2301.0,1786.0,1319.9,890.5,1011.2,790.7,716.6,549.2,1340.8,23.5,73.4,27.6,17.3,13.5,29.4,23.7,13.3,9.1,41.9,32.7,23.3,15.2,18.2,14.3,13.3,10.1,73.4,23.5,26.7,82.6,31.7,19.4,15.4,34.6,27.4,14.6,10.0,48.0,37.4,26.9,17.9,20.5,16.1,14.5,11.1,26.7,52.2,52.2,52.2,52.2,52.2,52.2,52.2,52.2,52.2,0.0,42.0,87.4,28.2,48.5,21.3,66.6,35.6,27.2,20.8,56.7,12.6,71.8,51.5,77.0,33.4,64.4,70.7,72.3,1.3,0.0,0.0,0.0,1.7,0.0,0.0,2.0,6.8,3000.0,30.00,30,40,40,76,116,884,1,55.6,51.3,52.9,42.1,48.1,39.1,45.4,38.9,45.5,40.1,41.8,38.2,39.0,39.0,50.8,42.4,45.1,46.0,60.0,1.167,1.250,1.100,26.696,13.812,26.704,71.250,7.345,62.944,3.057,5.424,2.340,3.519,1.947,4.255,2.764,2.349,1.860,31.195,17.265,56.539,62.945,2000.0,3000.0,5239.1,5239.1,5250.0,38.9,22.3,39.6,38.9,54.0,Ne,Ne,Ne,3.112,1.621,3.4,31,55,44,26,1.163,5.040,3.408,3.328,12.288,1.101,1.243,3.408,3.280,3.328,1.072,1.056,1.048,1.359,1.814,0.896,3.344,0.064,0.056,0.048,0.048,1.016,1.016,1236,1038,2743,51.9,58.3,45,46,22531928,1.187,1.238,606084,25,13,7397964,25,19,6816252,182.7,1.9,43.8,1.350,1.365,1.800,1.800,1.005,5.110,0.625,Ne,Ne,Ne,42.0,1.350,1.365,1.815,1.800,1.005,5.110,0.625,Ne,Ne,Ne,60,78,99.0,100.0,Ne,Ne,30664,54297,1.1,0.4,1.5,4.024,1.543,89687,222787,48.0,58.0,51.0,0.785,1125,1902.0,2238.0,41.0,26.1,7.0,0.4,0.4,20.0,11148,937,32.0,348346,0.0,44.1,0.725,36.000,18.000,69.000,600.0,3000.0,1200.0,100.0,0.0,0.0,0.0,0.0,0.0,0.0,0.0,0.0,0,0,16.0,246,Ne,Ne,Ne,486.8,143.2,2.05,0.39,0.00,1.75,0.31,0,0,0.0,0.0,0,0,0.0,0.0,0,0,0.0,0.0,157816,4555,508.7,204.3,0,0.0,
20.5.2026,12:51:22.155,33761,9397,78.2,19352,12543,60.6,0.7,1.150,1.150,1.150,1.150,1.150,1.150,1.150,1.150,1.150,4245.3,5225.0,2612.5,5225.0,2612.5,5225.0,5225.0,5225.0,2612.5,100.0,1114.8,3309.0,1154.0,756.8,570.4,1319.9,1204.5,465.0,449.2,3572.4,1336.7,915.2,862.5,597.4,275.0,483.3,565.4,1114.8,20.1,51.4,20.4,14.1,10.6,23.5,21.7,9.1,8.0,67.5,24.7,16.8,15.6,11.9,5.4,9.5,11.0,67.5,20.1,22.4,58.2,23.5,15.4,11.6,27.0,24.8,9.4,9.2,75.8,28.0,18.6,17.6,12.2,5.6,9.8,11.8,22.4,42.5,52.2,26.1,52.2,26.1,52.2,52.2,52.2,26.1,0.0,36.8,63.2,23.1,40.2,17.3,83.3,29.2,17.4,20.5,57.0,36.8,75.3,59.8,71.5,16.7,70.8,65.0,60.3,6.2,0.0,1.7,0.0,11.2,0.0,0.0,17.6,19.2,3000.0,30.00,30,40,40,76,116,884,1,54.4,50.7,48.9,40.9,44.8,38.2,44.2,37.9,46.2,38.9,40.1,37.3,38.4,38.4,50.2,42.0,45.0,46.0,60.0,1.162,1.250,1.100,22.809,13.783,22.826,78.250,7.338,58.273,2.633,4.201,2.002,3.137,1.551,4.788,2.336,1.501,1.549,26.548,17.229,51.849,58.288,2000.0,3000.0,5240.9,5240.9,5250.0,36.0,19.0,43.5,36.0,53.4,Ne,Ne,Ne,3.211,2.195,2.9,31,54,43,26,1.154,5.040,3.408,3.328,12.288,1.101,1.243,3.408,3.280,3.328,1.056,1.056,1.048,1.359,1.814,0.896,3.344,0.064,0.056,0.048,0.048,1.016,1.016,1201,1008,2721,51.9,58.3,45,46,22532016,1.148,1.238,606086,10,13,7397984,18,17,6816276,182.7,1.9,43.8,1.350,1.365,1.815,1.800,1.005,5.110,0.625,Ne,Ne,Ne,42.0,1.350,1.365,1.815,1.815,1.005,5.110,0.375,Ne,Ne,Ne,60,78,99.0,100.0,Ne,Ne,30664,54297,43.2,0.1,43.3,10.956,1.560,89708,222790,48.0,58.0,51.0,0.650,794,1378.0,2238.0,35.0,28.6,6.0,0.6,0.6,0.0,11148,937,32.0,348346,0.0,44.0,0.725,29.000,16.000,60.000,600.0,3000.0,1200.0,100.0,0.0,0.0,0.0,0.0,0.0,0.0,0.0,0.0,0,0,16.0,246,Ne,Ne,Ne,486.8,143.2,2.05,0.39,0.00,1.75,0.31,0,0,0.0,0.0,0,0,0.0,0.0,0,0,0.0,0.0,157817,4555,664.9,16.7,0,0.0,
20.5.2026,12:51:24.150,33748,9411,78.1,19358,12537,60.6,0.7,1.145,1.145,1.145,1.145,1.145,1.145,1.145,1.145,1.145,4571.9,5225.0,5225.0,5225.0,5225.0,5225.0,5225.0,2612.5,2612.5,100.0,923.0,3327.5,899.7,555.8,412.1,1178.6,1010.1,363.7,283.7,1965.1,2493.4,716.9,599.9,359.1,166.7,330.1,105.1,923.0,16.8,54.9,15.6,10.7,7.7,21.0,18.0,7.5,6.4,37.2,47.1,13.0,10.7,6.9,3.5,7.0,2.3,54.9,16.8,18.6,62.0,18.0,11.2,8.3,24.0,20.6,7.3,5.7,41.3,52.8,14.5,12.0,7.2,3.4,6.6,2.1,18.6,45.7,52.2,52.2,52.2,52.2,52.2,52.2,26.1,26.1,0.0,31.4,63.6,17.8,35.3,13.3,77.0,22.7,11.6,10.0,59.5,36.4,77.8,64.7,71.6,23.0,77.3,63.3,61.7,9.1,0.0,4.4,0.0,15.0,0.0,0.0,25.0,28.3,3000.0,30.00,30,40,40,76,116,884,1,53.4,50.4,49.4,39.6,44.0,36.9,42.8,36.6,44.7,37.5,38.7,35.6,37.7,37.7,50.0,41.9,44.7,46.0,60.0,1.155,1.250,1.100,19.533,13.591,19.531,67.000,7.337,53.933,2.231,4.023,1.565,2.743,1.230,4.367,1.934,1.058,0.925,22.591,16.989,47.650,53.937,2000.0,3000.0,5241.9,5241.9,5250.0,33.3,16.3,37.2,33.3,53.1,Ne,Ne,Ne,1.754,0.827,2.5,31,53,42,26,1.146,5.040,3.408,3.328,12.288,1.101,1.243,3.408,3.280,3.328,1.056,1.056,1.048,1.359,1.814,0.896,3.344,0.064,0.056,0.048,0.048,1.016,1.016,1193,994,2721,51.9,58.3,45,46,22532102,1.148,1.238,606088,24,13,7398032,16,17,6816325,182.7,1.9,43.8,1.350,1.365,1.815,1.815,0.975,5.110,0.375,Ne,Ne,Ne,42.0,1.350,1.365,1.815,1.815,0.990,5.110,0.625,Ne,Ne,Ne,60,78,99.0,100.0,Ne,Ne,30664,54297,0.1,0.5,0.6,1.312,1.009,89710,222792,48.0,57.0,50.0,0.804,362,2030.0,2238.0,33.0,29.1,6.0,0.5,0.5,0.0,11148,937,32.0,348346,0.0,43.9,0.725,22.000,16.000,53.000,600.0,3000.0,1200.0,100.0,0.0,0.0,0.0,0.0,0.0,0.0,0.0,0.0,0,0,16.0,246,Ne,Ne,Ne,486.8,143.2,2.05,0.39,0.00,1.75,0.31,0,0,0.0,0.0,0,0,0.0,0.0,0,0,0.0,0.0,157819,4555,642.9,15.1,0,0.0,
20.5.2026,12:51:26.150,33752,9406,78.2,19362,12533,60.7,0.7,1.145,1.145,1.145,1.145,1.145,1.145,1.145,1.145,1.145,5225.0,5225.0,5225.0,5225.0,5225.0,5225.0,5225.0,5225.0,5225.0,100.0,1068.1,3855.7,2099.3,620.6,479.1,1329.0,1106.3,441.7,309.5,1105.0,3115.8,822.2,744.5,421.0,149.6,386.0,103.7,1068.1,17.9,43.6,38.7,11.2,8.5,23.0,19.4,8.6,5.9,19.4,58.9,14.3,13.1,9.4,2.9,8.2,2.0,58.9,17.9,20.1,49.7,43.8,12.4,9.6,26.9,22.5,8.8,6.2,22.5,66.0,16.5,14.9,8.5,3.0,7.8,2.1,20.1,52.2,52.2,52.2,52.2,52.2,52.2,52.2,52.2,52.2,0.0,33.6,73.7,19.8,38.9,15.0,72.1,26.1,12.3,11.1,58.4,26.3,76.8,61.1,73.7,27.9,73.9,67.6,60.3,7.9,0.0,3.4,0.0,11.3,0.0,0.0,20.0,28.6,3000.0,30.00,30,40,40,76,116,884,1,52.8,50.4,45.8,39.9,44.6,37.1,43.2,36.8,44.9,37.9,38.9,35.7,37.9,37.9,49.2,41.8,44.5,46.0,60.0,1.157,1.250,1.100,20.410,13.621,20.397,64.750,7.315,55.012,2.386,4.324,1.712,2.959,1.367,4.415,2.169,1.164,0.980,23.641,17.026,48.713,55.000,2000.0,3000.0,5241.4,5241.4,5250.0,34.0,17.0,36.0,34.0,53.0,Ne,Ne,Ne,1.959,0.913,2.7,31,52,41,26,1.163,5.040,3.408,3.328,12.288,1.101,1.243,3.408,3.280,3.328,1.056,1.056,1.048,1.368,1.814,0.904,3.344,0.064,0.048,0.048,0.048,1.016,1.016,1174,964,2727,51.9,58.3,44,46,22532186,1.152,1.238,606091,22,13,7398076,20,18,6816371,182.7,1.9,43.8,1.350,1.365,1.815,1.815,0.990,5.110,1.750,Ne,Ne,Ne,41.8,1.350,1.365,1.815,1.815,0.990,5.110,0.625,Ne,Ne,Ne,60,78,99.0,100.0,Ne,Ne,30664,54297,1.0,0.5,1.5,0.452,1.248,89711,222795,48.0,56.0,50.0,0.662,0,1159.0,2238.0,43.0,35.1,6.0,0.5,0.5,0.0,11148,937,32.0,348346,0.0,43.8,0.725,21.000,17.000,52.000,600.0,3000.0,1200.0,100.0,0.0,0.0,0.0,0.0,0.0,0.0,0.0,0.0,0,0,16.0,246,Ne,Ne,Ne,45.4,41.5,22.05,0.67,15.80,21.76,0.28,0,0,0.0,0.0,0,0,0.0,0.0,0,0,0.0,0.0,157820,4555,591.4,14.1,0,0.0,
20.5.2026,12:51:28.152,33748,9411,78.1,19350,12545,60.6,0.7,1.174,1.180,1.180,1.180,1.180,1.180,1.180,1.155,1.155,4898.4,5225.0,2612.5,5225.0,5225.0,5225.0,5225.0,5225.0,5225.0,100.0,1035.8,3143.6,1184.3,645.9,547.8,1326.2,1181.2,499.3,315.9,3281.5,1593.0,944.7,702.8,487.6,159.8,432.0,127.6,1035.8,18.2,46.6,20.7,11.7,9.8,22.6,20.6,9.3,5.7,62.0,29.4,16.4,12.0,9.6,3.1,8.6,2.4,62.0,18.2,20.5,53.1,24.0,12.9,10.9,26.7,24.0,9.9,6.2,69.5,33.4,19.0,14.0,9.7,3.2,8.6,2.5,20.5,49.0,52.2,26.1,52.2,52.2,52.2,52.2,52.2,52.2,0.0,34.1,60.2,21.3,39.7,15.8,83.2,27.0,13.9,12.1,58.9,39.8,75.9,60.3,74.7,16.8,73.0,68.8,61.6,7.0,0.0,2.8,0.0,9.5,0.0,0.0,17.3,26.3,3000.0,30.00,30,40,40,76,116,884,1,52.1,50.1,51.5,40.0,43.4,37.4,43.4,37.1,45.4,38.1,39.1,35.9,37.8,37.8,50.0,42.0,44.6,46.0,60.0,1.158,1.250,1.100,20.604,13.637,20.589,74.250,7.330,55.314,2.431,3.835,1.858,3.049,1.449,4.665,2.230,1.271,1.091,23.889,17.046,48.998,55.304,2000.0,3000.0,5241.3,5241.3,5250.0,34.1,17.2,41.2,34.1,52.7,Ne,Ne,Ne,2.228,1.164,2.7,31,52,41,26,1.163,5.040,3.408,3.328,12.288,1.101,1.243,3.408,3.280,3.328,1.056,1.056,1.048,1.368,1.814,0.904,3.344,0.064,0.056,0.048,0.048,1.016,1.016,1128,938,2749,51.9,58.3,44,46,22532268,1.167,1.238,606093,35,13,7398146,16,17,6816440,182.7,1.9,43.8,1.350,1.365,1.815,1.815,0.990,5.110,0.625,Ne,Ne,Ne,41.8,1.365,1.365,1.815,1.815,0.990,5.110,0.750,Ne,Ne,Ne,60,78,99.0,100.0,Ne,Ne,30664,54297,0.1,0.4,0.4,0.664,0.102,89713,222795,48.0,56.0,51.0,0.616,0,1279.0,2238.0,32.0,31.7,6.0,0.6,0.6,0.0,11148,937,32.0,348346,0.0,43.8,0.725,25.000,17.000,57.000,600.0,3000.0,1200.0,100.0,0.0,0.0,0.0,0.0,0.0,0.0,0.0,0.0,0,0,16.0,246,Ne,Ne,Ne,30.3,5.2,33.00,12.42,3.98,32.93,0.07,0,0,0.0,0.0,0,0,0.0,0.0,0,0,0.0,0.0,157820,4555,43.0,5.1,0,0.0,
20.5.2026,12:51:30.149,33756,9402,78.2,19374,12520,60.7,0.7,1.171,1.155,1.170,1.170,1.175,1.175,1.175,1.175,1.175,4571.9,5225.0,5225.0,5225.0,5225.0,5225.0,5225.0,2612.5,2612.5,100.0,1099.6,3980.2,1219.0,665.2,527.5,1809.7,953.4,477.8,328.5,3725.1,1029.2,975.8,798.3,439.8,177.1,380.9,106.4,1099.6,19.6,63.2,21.7,12.0,9.4,32.8,16.5,9.2,6.3,70.7,18.8,17.0,13.9,9.0,3.5,8.0,2.3,70.7,19.6,21.8,71.2,24.8,13.0,10.3,37.2,19.0,9.4,6.4,79.0,21.2,19.3,15.7,8.7,3.5,7.5,2.1,21.8,45.7,52.2,52.2,52.2,52.2,52.2,52.2,26.1,26.1,0.0,36.3,76.0,20.6,44.5,15.6,81.6,28.5,12.8,10.8,56.4,24.0,78.5,55.5,77.4,18.4,71.5,67.6,58.3,7.3,0.0,0.9,0.0,7.0,0.0,0.0,19.6,31.0,3000.0,30.00,30,40,40,76,116,884,1,51.6,50.2,52.4,39.5,43.1,37.0,42.4,36.7,44.9,37.8,38.7,35.4,37.5,37.5,49.8,42.1,44.1,46.0,60.0,1.156,1.250,1.100,19.733,13.697,19.730,67.750,7.333,54.316,2.369,3.983,1.749,2.856,1.396,4.589,2.241,1.178,0.960,22.843,17.122,48.031,54.344,2000.0,3000.0,5241.1,5241.1,5250.0,33.5,16.4,37.6,33.5,52.8,Ne,Ne,Ne,2.093,1.139,2.9,31,51,40,26,1.154,5.040,3.408,3.328,12.288,1.101,1.243,3.408,3.280,3.328,1.072,1.056,1.048,1.359,1.814,0.904,3.344,0.064,0.056,0.048,0.048,1.016,1.016,1115,934,2772,51.9,58.3,44,46,22532350,1.148,1.238,606095,14,13,7398174,11,16,6816471,182.7,1.9,43.8,1.365,1.365,1.815,1.815,0.990,5.110,1.000,Ne,Ne,Ne,41.8,1.365,1.365,1.815,1.815,0.990,5.110,0.375,Ne,Ne,Ne,60,78,99.0,100.0,Ne,Ne,30664,54297,0.0,0.9,0.9,0.059,0.040,89713,222795,48.0,56.0,51.0,0.669,0,1281.0,2238.0,42.0,33.7,6.0,0.5,0.5,0.0,11148,896,32.0,348346,0.0,43.8,0.725,27.000,17.000,60.000,600.0,3000.0,1200.0,100.0,0.0,0.0,0.0,0.0,0.0,0.0,0.0,0.0,0,0,16.0,246,Ne,Ne,Ne,30.3,4.6,32.99,10.94,4.23,32.93,0.07,0,0,0.0,0.0,0,0,0.0,0.0,0,0,0.0,0.0,157821,4555,490.1,11.4,0,0.0,
20.5.2026,12:51:32.154,33768,9390,78.2,19369,12525,60.7,0.7,1.176,1.180,1.175,1.175,1.175,1.175,1.175,1.175,1.175,4898.4,5225.0,5225.0,5225.0,5225.0,5225.0,5225.0,5225.0,2612.5,100.0,916.8,3183.9,1229.1,480.2,377.4,1031.6,951.6,381.0,224.1,1504.8,3164.6,712.3,551.1,355.9,103.3,343.7,74.7,916.8,16.3,45.3,22.2,9.3,7.1,17.9,17.1,7.9,4.7,28.2,60.0,12.9,9.8,7.7,2.3,7.7,1.7,60.0,16.3,18.0,51.4,25.3,9.6,7.5,20.7,19.5,7.7,4.5,31.7,67.1,14.3,11.0,7.2,2.0,7.0,1.5,18.0,49.0,52.2,52.2,52.2,52.2,52.2,52.2,52.2,26.1,0.0,30.3,60.8,15.8,31.4,12.7,81.0,20.9,10.4,9.7,58.8,39.2,79.9,68.6,70.6,19.0,79.1,61.3,52.4,10.9,0.0,4.3,0.0,16.7,0.0,0.0,28.3,37.9,3000.0,30.00,30,40,40,76,116,884,1,51.4,50.0,49.4,38.9,42.9,36.3,41.9,36.0,44.4,36.7,38.1,35.0,37.2,37.2,50.2,42.0,44.0,46.0,60.0,1.153,1.250,1.100,18.789,13.576,18.792,67.000,7.322,53.024,2.125,3.775,1.474,2.497,1.172,4.470,1.819,0.962,0.834,21.701,16.970,46.725,53.011,2000.0,3000.0,5241.7,5241.7,5250.0,32.7,15.7,37.2,32.7,52.7,Ne,Ne,Ne,1.625,0.903,2.4,31,51,40,26,1.146,5.080,3.408,3.328,12.288,1.101,1.243,3.408,3.280,3.328,1.056,1.056,1.048,1.368,1.814,0.904,3.344,0.064,0.056,0.048,0.048,1.016,1.016,1106,912,2721,51.9,58.3,44,46,22532430,1.148,1.238,606097,31,14,7398212,23,17,6816511,182.7,1.9,43.5,1.365,1.365,1.800,1.815,0.990,5.110,0.750,Ne,Ne,Ne,41.8,1.365,1.365,1.800,1.815,0.990,5.110,0.250,Ne,Ne,Ne,60,78,99.0,100.0,Ne,Ne,30664,54297,0.3,2.2,2.5,0.079,1.180,89713,222797,49.0,56.0,52.0,0.676,0,1190.0,2238.0,46.0,34.9,6.0,0.6,0.6,0.0,11148,928,32.0,348346,0.0,43.7,0.725,39.000,18.000,72.000,600.0,3000.0,1200.0,100.0,0.0,0.0,0.0,0.0,0.0,0.0,0.0,0.0,0,0,16.0,246,Ne,Ne,Ne,29.1,4.4,34.31,11.73,2.81,117.80,0.06,0,0,0.0,0.0,0,0,0.0,0.0,0,0,0.0,0.0,157821,4555,368.8,9.7,0,0.0,
20.5.2026,12:51:34.152,33745,9413,78.1,19359,12535,60.6,0.7,1.138,1.150,1.145,1.145,1.125,1.125,1.125,1.145,1.145,4245.3,5225.0,2612.5,2612.5,5225.0,5225.0,5225.0,5225.0,2612.5,100.0,1122.2,3803.5,1861.2,612.9,505.0,1563.7,1167.8,434.0,335.2,651.0,4252.5,825.3,917.5,399.9,153.0,376.8,96.5,1122.2,19.2,47.5,34.1,11.0,9.0,28.2,20.5,8.2,6.3,11.1,80.8,14.3,15.7,8.0,2.9,7.6,1.9,80.8,19.2,21.4,53.8,38.6,11.9,9.8,32.1,23.5,8.4,6.5,12.8,90.2,16.1,18.0,7.8,3.0,7.4,1.8,21.4,42.5,52.2,26.1,26.1,52.2,52.2,52.2,52.2,26.1,0.0,35.8,72.6,19.3,44.0,14.8,84.6,28.0,11.9,10.7,55.6,27.4,77.3,56.0,72.8,15.4,72.0,64.7,59.3,8.7,0.0,3.4,0.0,12.4,0.0,0.0,23.4,30.0,3000.0,30.00,30,40,40,76,116,884,1,51.0,49.9,43.6,39.2,42.6,36.6,42.2,36.3,44.8,37.6,38.3,35.2,37.3,37.3,49.2,41.8,44.0,46.0,60.0,1.156,1.250,1.100,19.405,13.659,19.441,68.750,7.315,53.890,2.328,3.843,1.654,2.842,1.326,4.627,2.293,1.096,0.943,22.459,17.073,47.578,53.929,2000.0,3000.0,5241.5,5241.5,5250.0,33.3,16.2,38.2,33.3,52.6,Ne,Ne,Ne,1.940,1.064,2.9,31,50,40,26,1.154,5.040,3.408,3.328,12.288,1.101,1.243,3.408,3.280,3.328,1.072,1.056,1.048,1.368,1.814,0.904,3.344,0.064,0.056,0.048,0.048,1.016,1.016,1103,948,2749,51.9,58.3,44,46,22532510,1.171,1.238,606100,11,13,7398274,42,17,6816574,182.7,1.9,43.5,1.365,1.365,1.800,1.800,0.990,5.110,0.250,Ne,Ne,Ne,41.8,1.365,1.365,1.800,1.800,0.990,5.110,0.375,Ne,Ne,Ne,59,78,99.0,100.0,Ne,Ne,30664,54297,0.3,0.3,0.7,0.022,0.564,89713,222798,49.0,56.0,51.0,0.664,0,1310.0,2238.0,39.0,32.5,6.0,0.5,0.5,0.0,11144,928,32.0,348346,0.0,43.6,0.725,19.000,16.000,50.000,600.0,3000.0,1200.0,100.0,0.0,0.0,0.0,0.0,0.0,0.0,0.0,0.0,0,0,16.0,246,Ne,Ne,Ne,29.9,4.0,33.49,11.91,3.18,64.21,0.06,0,0,0.0,0.0,0,0,0.0,0.0,0,0,0.0,0.0,157822,4555,306.2,9.5,0,0.0,
20.5.2026,12:51:36.150,33787,9372,78.2,19403,12492,60.8,0.7,1.142,1.145,1.145,1.145,1.145,1.145,1.145,1.135,1.135,3265.6,5225.0,2612.5,2612.5,2612.5,5225.0,2612.5,2612.5,2612.5,100.0,786.2,2274.5,954.9,358.7,278.8,613.5,898.3,237.1,185.1,3050.6,2142.7,406.9,539.1,255.2,80.1,224.8,79.6,786.2,14.4,31.7,17.0,7.8,5.7,11.0,16.5,5.4,4.2,58.0,40.7,7.8,10.4,6.0,2.0,4.5,2.0,58.0,14.4,15.6,36.1,19.3,7.3,5.6,12.3,18.3,4.8,3.7,64.7,45.4,8.2,10.9,5.1,1.6,4.5,1.6,15.6,32.7,52.2,26.1,26.1,26.1,52.2,26.1,26.1,26.1,0.0,26.8,43.4,12.9,24.4,9.6,92.2,16.2,8.1,7.4,58.3,56.6,74.7,75.6,61.3,7.8,83.8,55.4,51.5,14.9,0.0,12.4,0.0,29.1,0.0,0.0,36.5,41.1,3000.0,30.00,30,40,40,76,116,884,1,51.6,50.2,53.2,38.0,40.4,35.2,40.6,34.9,45.6,35.6,37.5,34.1,36.6,36.6,49.2,41.5,44.0,46.0,60.0,1.150,1.250,1.100,16.430,13.483,16.424,66.250,7.299,50.078,1.891,2.895,1.156,2.053,0.867,5.226,1.507,0.753,0.674,18.928,16.854,43.811,50.057,2000.0,3000.0,5242.9,5242.9,5250.0,30.9,13.7,36.8,30.9,52.8,Ne,Ne,Ne,1.227,0.614,2.1,31,51,42,26,1.146,5.040,3.408,3.328,12.288,1.101,1.243,3.408,3.280,3.328,1.056,1.056,1.048,1.359,1.814,0.904,3.344,0.064,0.056,0.048,0.048,1.016,1.016,1096,907,2772,51.9,58.3,44,46,22532588,1.148,1.238,606102,8,13,7398296,8,16,6816599,182.7,1.9,43.5,1.365,1.365,1.800,1.800,1.005,5.110,0.625,Ne,Ne,Ne,41.8,1.365,1.365,1.800,1.800,1.005,5.110,0.375,Ne,Ne,Ne,59,78,99.0,100.0,Ne,Ne,30664,54297,3.9,1.3,5.2,17.279,0.532,89746,222799,49.0,56.0,52.0,0.685,0,1089.0,2238.0,49.0,32.2,6.0,0.4,0.4,0.0,11144,936,32.0,348346,0.0,43.5,0.725,9.000,16.000,39.000,600.0,3000.0,1200.0,100.0,0.0,0.0,0.0,0.0,0.0,0.0,0.0,0.0,0,0,16.0,246,Ne,Ne,Ne,47.0,0.0,21.25,0.30,16.02,21.10,0.15,0,0,0.0,0.0,0,0,0.0,0.0,0,0,0.0,0.0,157822,4555,231.8,8.2,0,0.0,
20.5.2026,12:51:38.154,33801,9357,78.3,19415,12480,60.8,0.7,1.144,1.145,1.145,1.145,1.145,1.145,1.145,1.140,1.140,3918.8,5225.0,2612.5,5225.0,2612.5,5225.0,2612.5,5225.0,2612.5,100.0,945.7,3235.0,1325.0,410.1,370.9,954.7,1120.7,282.7,227.3,4365.8,911.4,542.1,673.2,264.1,106.1,260.4,81.0,945.7,16.2,43.2,23.5,7.2,6.4,16.2,19.7,5.4,4.1,83.2,16.2,8.9,11.3,5.5,1.6,5.9,1.2,83.2,16.2,18.3,49.4,27.2,8.0,7.2,19.1,22.8,5.5,4.4,92.9,18.8,10.5,13.1,5.2,2.0,5.1,1.5,18.3,39.2,52.2,26.1,52.2,26.1,52.2,26.1,52.2,26.1,0.0,31.5,61.7,14.5,34.2,10.9,93.8,19.9,8.8,8.2,55.9,38.3,77.8,65.8,66.8,6.2,80.1,59.0,53.5,12.5,0.0,7.6,0.0,22.3,0.0,0.0,32.2,38.2,3000.0,30.00,30,40,40,76,116,884,1,51.9,50.2,45.8,38.1,39.9,35.3,40.9,35.0,45.8,35.9,37.6,34.2,36.5,36.5,49.0,41.5,44.0,46.0,60.0,1.151,1.250,1.100,16.898,13.582,16.900,63.000,7.302,50.745,2.012,3.008,1.280,2.337,0.976,5.285,1.677,0.808,0.725,19.482,16.977,44.491,50.749,2000.0,3000.0,5242.6,5242.6,5250.0,31.3,14.1,35.0,31.3,52.9,Ne,Ne,Ne,1.253,0.677,2.5,31,51,41,26,1.146,5.080,3.408,3.328,12.288,1.101,1.243,3.408,3.280,3.328,1.056,1.056,1.048,1.359,1.814,0.904,3.344,0.064,0.056,0.048,0.048,1.016,1.016,1151,958,2772,51.9,58.3,44,46,22532672,1.167,1.238,606104,9,14,7398312,28,17,6816619,182.7,1.9,43.5,1.365,1.365,1.800,1.800,1.005,5.110,0.750,Ne,Ne,Ne,41.8,1.365,1.365,1.800,1.800,1.005,5.110,0.375,Ne,Ne,Ne,59,78,99.0,100.0,Ne,Ne,30664,54297,0.4,0.7,1.1,0.382,0.541,89747,222800,49.0,56.0,53.0,0.627,0,1375.0,2238.0,32.0,25.5,6.0,0.3,0.3,0.0,11144,936,32.0,348346,0.0,43.5,0.725,21.000,16.000,52.000,600.0,3000.0,1200.0,100.0,0.0,0.0,0.0,0.0,0.0,0.0,0.0,0.0,0,0,16.0,246,Ne,Ne,Ne,47.0,0.0,21.25,0.30,16.02,21.10,0.15,0,0,0.0,0.0,0,0,0.0,0.0,0,0,0.0,0.0,157823,4555,402.8,11.3,0,0.0,
20.5.2026,12:51:40.152,33785,9373,78.2,19403,12492,60.8,0.7,1.140,1.125,1.125,1.145,1.145,1.145,1.145,1.145,1.145,4245.3,5225.0,2612.5,5225.0,2612.5,5225.0,5225.0,2612.5,5225.0,100.0,861.5,2764.7,1578.2,380.5,334.9,751.6,943.8,236.3,236.8,547.7,4234.5,463.2,607.0,294.9,87.4,234.0,89.0,861.5,14.8,29.4,28.9,7.6,6.4,13.1,16.9,5.0,4.9,9.7,80.7,8.4,11.1,6.4,1.9,4.4,1.9,80.7,14.8,16.3,34.0,32.8,7.7,6.7,15.1,19.2,4.7,4.7,11.1,90.0,9.3,12.1,6.0,1.7,4.6,1.7,16.3,42.5,52.2,26.1,52.2,26.1,52.2,52.2,26.1,52.2,0.0,27.9,52.8,13.6,27.6,10.2,84.7,18.0,8.9,7.7,58.3,47.2,76.3,72.4,63.1,15.3,82.0,54.7,55.3,13.8,0.0,10.1,0.0,26.7,0.0,0.0,36.4,37.1,3000.0,30.00,30,40,40,76,116,884,1,51.2,49.7,48.0,37.9,41.2,35.3,40.5,35.0,43.7,35.7,37.3,34.2,36.5,36.5,49.8,41.8,44.0,46.0,60.0,1.150,1.250,1.100,16.400,13.554,16.402,71.750,7.320,50.172,1.901,3.264,1.258,2.157,0.947,4.464,1.584,0.803,0.732,18.899,16.942,43.893,50.193,2000.0,3000.0,5242.4,5242.4,5250.0,31.0,13.7,39.9,31.0,52.3,Ne,Ne,Ne,1.810,1.109,2.2,31,51,40,26,1.137,5.040,3.408,3.328,12.288,1.101,1.243,3.392,3.280,3.328,1.056,1.056,1.048,1.359,1.814,0.904,3.344,0.064,0.056,0.048,0.048,1.016,1.016,1112,940,2772,51.9,58.3,44,46,22532752,1.148,1.238,606107,12,13,7398330,10,16,6816641,182.7,1.9,43.5,1.365,1.365,1.800,1.800,1.005,5.110,0.375,Ne,Ne,Ne,41.5,1.350,1.365,1.800,1.800,1.005,5.110,0.750,Ne,Ne,Ne,59,78,99.0,100.0,Ne,Ne,30664,54297,0.2,0.6,0.9,0.870,0.547,89748,222801,50.0,56.0,53.0,0.561,0,1097.0,2238.0,29.0,26.1,6.0,0.4,0.4,0.0,11144,936,32.0,348346,0.0,43.5,0.725,14.000,17.000,45.000,600.0,3000.0,1200.0,100.0,0.0,0.0,0.0,0.0,0.0,0.0,0.0,0.0,0,0,16.0,246,Ne,Ne,Ne,47.0,0.0,21.25,0.30,16.02,21.10,0.15,0,0,0.0,0.0,0,0,0.0,0.0,0,0,0.0,0.0,157824,4555,556.9,14.2,0,0.0,
20.5.2026,12:51:42.150,33787,9372,78.2,19398,12497,60.8,0.7,1.167,1.145,1.170,1.170,1.170,1.170,1.170,1.170,1.170,4245.3,5225.0,2612.5,5225.0,2612.5,5225.0,2612.5,5225.0,5225.0,100.0,804.1,2760.8,1434.5,315.3,282.9,695.8,817.1,215.0,183.4,1415.1,3255.0,440.0,512.0,217.0,66.2,202.1,53.6,804.1,14.2,31.5,26.3,6.4,5.7,11.9,14.5,5.0,4.3,26.8,61.9,8.1,9.6,5.3,1.9,5.8,1.6,61.9,14.2,15.2,36.0,29.6,6.2,5.5,13.7,16.4,4.3,3.6,29.7,69.0,8.7,10.1,4.3,1.3,4.0,1.0,15.2,42.5,52.2,26.1,52.2,26.1,52.2,26.1,52.2,52.2,0.0,26.5,52.8,11.7,25.0,9.0,83.6,16.2,7.0,6.4,59.7,47.2,81.0,75.0,66.0,16.4,83.8,56.5,52.1,13.8,0.0,7.3,0.0,25.0,0.0,0.0,36.5,41.6,3000.0,30.00,30,40,40,76,116,884,1,51.1,49.8,51.5,37.6,41.0,35.0,40.0,34.8,43.6,35.4,37.0,33.9,36.4,36.4,49.0,41.6,44.0,46.0,60.0,1.149,1.250,1.100,15.697,13.522,15.686,60.250,7.310,49.232,1.820,3.282,1.161,1.957,0.861,4.477,1.491,0.704,0.629,18.061,16.903,43.004,49.226,2000.0,3000.0,5242.5,5242.5,5250.0,30.4,13.1,33.5,30.4,52.4,Ne,Ne,Ne,0.947,0.465,2.1,31,51,40,26,1.154,5.040,3.408,3.328,12.288,1.101,1.243,3.392,3.280,3.328,1.056,1.056,1.048,1.359,1.814,0.904,3.344,0.064,0.056,0.048,0.048,1.016,1.016,1108,902,2749,51.9,58.3,44,46,22532832,1.125,1.238,606109,22,13,7398354,19,16,6816667,182.7,1.9,43.5,1.350,1.365,1.800,1.800,1.005,5.110,0.375,Ne,Ne,Ne,41.5,1.350,1.365,1.800,1.800,1.005,5.110,0.375,Ne,Ne,Ne,59,78,99.0,100.0,Ne,Ne,30664,54297,0.4,0.7,1.1,0.336,1.200,89749,222804,50.0,56.0,53.0,0.650,0,1072.0,2238.0,44.0,31.8,6.0,0.4,0.4,0.0,11144,936,32.0,348346,0.0,43.4,0.725,16.000,16.000,47.000,600.0,3000.0,1200.0,100.0,0.0,0.0,0.0,0.0,0.0,0.0,0.0,0.0,0,0,16.0,246,Ne,Ne,Ne,30.3,3.2,33.00,9.87,4.00,33.47,0.06,0,0,0.0,0.0,0,0,0.0,0.0,0,0,0.0,0.0,157825,4555,400.7,11.6,0,0.0,
20.5.2026,12:51:44.155,33788,9371,78.2,19395,12500,60.8,0.7,1.149,1.140,1.150,1.150,1.150,1.150,1.150,1.150,1.150,5225.0,5225.0,5225.0,5225.0,5225.0,5225.0,5225.0,5225.0,5225.0,100.0,813.6,3002.1,860.4,360.5,336.6,857.5,829.2,239.0,208.4,4009.3,581.5,527.9,582.1,242.4,99.5,207.0,73.8,813.6,13.9,46.0,14.3,6.2,5.7,13.6,13.7,4.3,3.7,76.1,9.7,8.6,9.7,4.8,1.5,4.1,1.0,76.1,13.9,16.1,52.7,17.3,7.2,6.6,17.0,16.6,4.7,4.1,85.2,11.9,10.5,11.6,4.8,2.0,4.1,1.4,16.1,52.2,52.2,52.2,52.2,52.2,52.2,52.2,52.2,52.2,0.0,28.0,57.4,13.2,28.0,9.8,82.0,19.0,8.1,6.8,60.6,42.6,81.8,72.0,74.3,18.0,81.0,60.1,54.8,11.4,0.0,5.0,0.0,15.9,0.0,0.0,31.9,38.3,3000.0,30.00,30,40,40,76,116,884,1,51.1,49.9,48.4,37.9,41.5,35.3,40.4,35.0,44.1,35.7,37.2,34.0,36.5,36.5,50.0,41.6,44.0,46.0,60.0,1.150,1.250,1.100,16.463,13.526,16.462,62.000,7.316,50.169,1.949,3.505,1.267,2.123,0.974,4.663,1.610,0.789,0.658,18.961,16.907,43.917,50.154,2000.0,3000.0,5242.4,5242.4,5250.0,31.0,13.7,34.4,31.0,52.5,Ne,Ne,Ne,0.998,0.487,2.2,31,51,40,26,1.154,5.040,3.408,3.328,12.288,1.101,1.243,3.392,3.280,3.328,1.056,1.056,1.048,1.368,1.814,0.904,3.344,0.064,0.048,0.048,0.048,1.016,1.016,1124,925,2743,51.9,58.3,44,46,22532912,1.148,1.238,606111,19,13,7398398,49,17,6816713,182.7,1.9,43.5,1.350,1.365,1.800,1.800,1.005,5.110,0.375,Ne,Ne,Ne,41.5,1.350,1.365,1.815,1.800,1.005,5.110,0.625,Ne,Ne,Ne,59,78,99.0,100.0,Ne,Ne,30664,54297,0.3,0.3,0.6,0.006,0.048,89749,222804,50.0,56.0,53.0,0.570,0,1131.0,2238.0,30.0,32.7,6.0,0.4,0.4,0.0,11144,936,32.0,348346,0.0,43.3,0.725,12.000,16.000,43.000,600.0,3000.0,1200.0,100.0,0.0,0.0,0.0,0.0,0.0,0.0,0.0,0.0,0,0,16.0,246,Ne,Ne,Ne,30.3,3.4,33.01,11.93,2.12,33.13,0.06,0,0,0.0,0.0,0,0,0.0,0.0,0,0,0.0,0.0,157825,4556,9.5,4.2,0,0.0,
20.5.2026,12:51:46.149,33744,9415,78.1,19371,12523,60.7,0.7,1.140,1.155,1.135,1.135,1.135,1.135,1.135,1.145,1.145,4245.3,5225.0,2612.5,5225.0,2612.5,5225.0,2612.5,5225.0,5225.0,100.0,888.1,3322.5,906.6,446.1,447.6,1051.4,992.7,297.5,250.5,2280.4,2144.0,701.7,670.5,269.9,115.3,223.2,88.9,888.1,15.6,52.7,15.6,7.8,8.0,16.7,17.1,5.9,4.9,42.5,40.2,11.6,11.4,5.6,2.4,5.0,2.0,52.7,15.6,17.5,59.8,18.1,8.7,8.8,20.6,19.9,5.9,4.9,48.0,45.2,13.8,13.2,5.3,2.2,4.5,1.7,17.5,42.5,52.2,26.1,52.2,26.1,52.2,26.1,52.2,52.2,0.0,30.3,63.5,16.2,34.1,11.2,78.8,23.0,8.6,7.4,60.8,36.5,79.0,65.9,77.8,21.2,77.0,71.1,58.3,8.8,0.0,4.9,0.0,11.1,0.0,0.0,20.3,34.3,3000.0,30.00,30,40,40,76,116,884,1,50.8,49.5,49.4,38.3,42.3,35.9,41.2,35.5,43.5,36.3,37.5,34.3,36.7,36.7,49.2,41.2,44.0,46.0,60.0,1.154,1.250,1.100,17.245,13.566,17.249,69.000,7.319,51.184,2.101,3.752,1.494,2.455,1.162,4.353,1.874,0.962,0.755,19.922,16.957,44.931,51.209,2000.0,3000.0,5242.2,5242.2,5250.0,31.6,14.4,38.3,31.6,52.1,Ne,Ne,Ne,1.466,0.828,2.4,31,50,39,26,1.154,5.040,3.392,3.328,12.288,1.101,1.243,3.408,3.280,3.328,1.056,1.056,1.048,1.359,1.814,0.904,3.328,0.064,0.056,0.048,0.048,1.016,1.016,1123,921,2772,51.9,58.3,44,46,22532992,1.167,1.238,606114,12,13,7398436,13,16,6816753,182.7,1.9,43.5,1.350,1.365,1.815,1.800,1.005,5.110,0.375,Ne,Ne,Ne,41.5,1.350,1.365,1.815,1.800,1.005,5.110,0.375,Ne,Ne,Ne,59,78,99.0,100.0,Ne,Ne,30664,54297,0.5,0.4,0.9,3.166,0.469,89755,222805,51.0,57.0,54.0,0.617,0,1234.0,2238.0,31.0,26.2,6.0,0.4,0.4,0.0,11144,936,32.0,348346,0.0,43.3,0.725,16.000,16.000,47.000,600.0,3000.0,1200.0,100.0,0.0,0.0,0.0,0.0,0.0,0.0,0.0,0.0,0,0,16.0,246,Ne,Ne,Ne,30.3,4.7,33.00,10.11,3.17,33.01,0.06,0,0,0.0,0.0,0,0,0.0,0.0,0,0,0.0,0.0,157825,4556,38.3,4.9,0,0.0,
20.5.2026,12:51:48.149,33809,9349,78.3,19422,12473,60.8,0.7,1.155,1.160,1.150,1.150,1.150,1.150,1.160,1.160,1.160,5225.0,5225.0,5225.0,5225.0,5225.0,5225.0,5225.0,5225.0,5225.0,100.0,920.7,3250.8,1463.7,386.7,448.3,901.2,1052.7,312.7,288.5,1268.8,3371.1,563.5,673.2,280.3,134.8,245.9,89.6,920.7,16.3,42.3,27.0,7.6,8.7,16.0,19.2,6.7,6.0,23.8,64.1,10.3,12.3,5.6,3.1,5.8,1.5,64.1,16.3,17.7,47.8,30.2,7.6,8.9,18.0,21.5,6.2,5.7,26.5,71.5,11.1,13.3,5.5,2.6,4.8,1.7,17.7,52.2,52.2,52.2,52.2,52.2,52.2,52.2,52.2,52.2,0.0,30.4,62.1,15.6,32.2,12.3,82.5,21.1,9.2,7.9,59.0,37.9,80.2,67.8,69.9,17.5,78.9,64.0,55.9,10.6,0.0,4.3,0.0,17.8,0.0,0.0,26.8,36.3,3000.0,30.00,30,40,40,76,116,884,1,50.4,49.5,48.0,37.9,41.5,35.5,40.6,35.3,43.3,36.0,37.1,34.2,36.4,36.4,49.2,41.6,44.0,45.9,60.0,1.152,1.250,1.100,17.590,13.639,17.578,62.500,7.316,51.666,2.052,3.594,1.423,2.364,1.163,4.397,1.783,0.918,0.774,20.303,17.049,45.399,51.670,2000.0,3000.0,5242.2,5242.2,5250.0,31.9,14.6,34.7,31.9,52.1,Ne,Ne,Ne,1.856,0.840,2.4,31,50,39,26,1.154,5.040,3.408,3.328,12.288,1.101,1.243,3.408,3.280,3.328,1.056,1.056,1.048,1.359,1.814,0.904,3.344,0.064,0.056,0.048,0.048,1.016,1.016,1091,922,2700,51.9,58.3,44,46,22533070,1.140,1.238,606116,10,13,7398460,21,16,6816780,182.7,1.9,43.2,1.350,1.365,1.815,1.800,0.990,5.110,0.375,Ne,Ne,Ne,41.5,1.350,1.365,1.815,1.800,1.005,5.110,0.625,Ne,Ne,Ne,59,78,99.0,100.0,Ne,Ne,30664,54297,4.5,0.1,4.5,21.141,0.504,89796,222806,51.0,58.0,53.0,0.666,0,1299.0,2238.0,32.0,24.2,6.0,0.3,0.3,0.0,11176,984,32.0,348378,0.0,43.3,0.725,9.000,16.000,40.000,600.0,3000.0,1200.0,100.0,0.0,0.0,0.0,0.0,0.0,0.0,0.0,0.0,0,0,16.0,246,Ne,Ne,Ne,30.3,4.4,33.01,9.27,4.59,32.97,0.07,0,0,0.0,0.0,0,0,0.0,0.0,0,0,0.0,0.0,157827,4556,947.8,21.5,0,0.0,
20.5.2026,12:51:50.156,33830,9329,78.3,19407,12488,60.8,0.7,1.166,1.155,1.170,1.170,1.165,1.165,1.165,1.165,1.175,5225.0,5225.0,5225.0,5225.0,5225.0,5225.0,5225.0,5225.0,5225.0,100.0,806.4,2774.8,767.9,439.1,330.9,759.0,794.9,357.7,205.2,2767.6,1818.9,506.1,585.7,315.4,106.6,271.7,100.9,806.4,14.4,44.6,12.7,8.3,5.9,12.9,13.8,6.9,3.7,52.2,33.8,8.7,10.3,6.9,1.8,5.4,2.3,52.2,14.4,16.2,50.9,15.3,8.9,6.6,15.3,16.1,7.2,4.1,58.7,38.4,10.1,11.8,6.3,2.1,5.4,2.0,16.2,52.2,52.2,52.2,52.2,52.2,52.2,52.2,52.2,52.2,0.0,28.0,53.0,15.1,25.8,11.9,81.3,19.0,9.3,8.3,59.1,47.0,76.9,74.2,63.0,18.7,81.0,58.3,53.8,12.9,0.0,8.0,0.0,25.1,0.0,0.0,32.3,37.9,3000.0,30.00,30,40,40,76,116,884,1,50.2,49.4,51.5,37.8,41.0,35.5,40.2,35.2,43.3,35.8,37.1,34.2,36.3,36.3,48.8,41.3,44.0,45.9,60.0,1.151,1.250,1.100,17.170,13.609,17.160,68.500,7.316,51.161,1.949,3.333,1.382,2.132,1.069,4.355,1.642,0.890,0.786,19.822,17.011,44.880,51.159,2000.0,3000.0,5242.3,5242.3,5250.0,31.6,14.3,38.1,31.6,52.0,Ne,Ne,Ne,2.055,0.897,2.2,31,50,39,26,1.154,5.040,3.408,3.328,12.288,1.101,1.243,3.408,3.280,3.328,1.056,1.056,1.048,1.368,1.814,0.912,3.344,0.064,0.056,0.048,0.048,1.016,1.016,1102,894,2721,51.9,58.3,44,46,22533148,1.160,1.238,606118,30,13,7398480,8,16,6816804,182.7,1.9,43.2,1.350,1.365,1.815,1.800,1.005,5.110,0.375,Ne,Ne,Ne,41.5,1.350,1.365,1.815,1.800,1.005,5.040,0.375,Ne,Ne,Ne,59,78,99.0,100.0,Ne,Ne,30664,54297,4.1,0.0,4.1,21.195,0.979,89836,222808,51.0,58.0,54.0,0.651,0,1388.0,2238.0,31.0,25.3,5.0,0.2,0.2,0.0,11176,984,32.0,348378,0.0,43.2,0.725,22.000,16.000,53.000,600.0,3000.0,1200.0,100.0,0.0,0.0,0.0,0.0,0.0,0.0,0.0,0.0,0,0,16.0,246,Ne,Ne,Ne,30.3,4.6,33.03,9.39,6.32,32.97,0.07,0,0,0.0,0.0,0,0,0.0,0.0,0,0,0.0,0.0,157828,4556,430.6,11.9,0,0.0,
20.5.2026,12:51:52.153,33828,9331,78.3,19416,12479,60.8,0.7,1.159,1.140,1.140,1.165,1.165,1.165,1.165,1.165,1.165,5225.0,5225.0,5225.0,5225.0,5225.0,5225.0,5225.0,5225.0,5225.0,100.0,895.8,3461.7,853.2,523.6,459.2,1176.8,874.9,385.2,267.6,3122.1,916.6,764.6,635.5,364.0,155.5,277.3,94.7,895.8,15.7,56.0,14.7,9.2,8.0,19.2,14.6,7.5,5.1,58.5,16.1,13.0,10.7,7.5,3.2,6.2,2.1,58.5,15.7,17.7,63.4,17.1,10.3,9.0,23.3,17.4,7.7,5.3,66.0,18.7,15.2,12.5,7.3,3.1,5.6,1.8,17.7,52.2,52.2,52.2,52.2,52.2,52.2,52.2,52.2,52.2,0.0,30.7,66.1,17.8,34.3,13.0,71.0,23.8,11.0,8.6,61.9,33.9,80.8,65.7,76.8,29.0,76.2,70.7,62.3,7.4,0.0,1.4,0.0,10.2,0.0,0.0,18.4,29.1,3000.0,30.00,30,40,40,76,116,884,1,50.4,49.5,46.2,38.4,42.5,36.0,41.2,35.7,43.3,36.5,37.7,34.4,36.7,36.7,49.2,41.3,44.0,45.9,60.0,1.155,1.250,1.100,19.850,13.691,19.878,62.750,7.315,54.431,2.183,3.811,1.640,2.527,1.296,4.198,1.967,1.146,0.876,22.969,17.114,48.130,54.445,2000.0,3000.0,5241.8,5241.8,5250.0,33.6,16.6,34.9,33.6,52.1,Ne,Ne,Ne,1.871,0.844,2.5,31,50,39,26,1.146,5.040,3.408,3.328,12.288,1.101,1.243,3.408,3.280,3.328,1.056,1.056,1.048,1.359,1.814,0.912,3.344,0.064,0.048,0.048,0.048,1.016,1.016,1101,911,2727,51.9,58.3,44,46,22533226,1.144,1.238,606120,17,13,7398540,10,16,6816864,182.7,1.9,43.2,1.350,1.365,1.815,1.800,1.005,5.040,0.375,Ne,Ne,Ne,41.5,1.365,1.365,1.815,1.800,1.005,5.040,0.250,Ne,Ne,Ne,59,78,99.0,100.0,Ne,Ne,30664,54297,5.5,0.1,5.6,19.355,0.823,89873,222809,51.0,58.0,54.0,0.593,0,1044.0,2238.0,28.0,20.3,5.0,0.2,0.2,0.0,11176,984,32.0,348378,0.0,43.2,0.725,23.000,16.000,54.000,600.0,3000.0,1200.0,100.0,0.0,0.0,0.0,0.0,0.0,0.0,0.0,0.0,0,0,16.0,246,Ne,Ne,Ne,78.4,141.9,12.75,0.17,68.45,40.86,0.00,0,0,0.0,0.0,0,0,0.0,0.0,0,0,0.0,0.0,157829,4556,274.4,9.6,0,0.0,
20.5.2026,12:51:54.152,33485,9674,77.5,19051,12844,59.7,0.7,1.158,1.145,1.155,1.155,1.155,1.155,1.165,1.165,1.165,5225.0,5225.0,5225.0,5225.0,5225.0,5225.0,5225.0,5225.0,5225.0,100.0,934.4,3432.6,1526.2,499.3,397.1,997.7,983.1,345.6,245.3,625.9,3839.9,657.9,685.1,275.4,127.9,196.6,115.1,934.4,15.5,40.9,27.5,8.8,6.8,16.1,16.8,6.5,4.6,11.0,72.9,10.9,11.6,5.4,2.5,4.1,2.4,72.9,15.5,17.6,46.9,31.4,9.9,7.8,19.7,19.7,6.9,4.8,12.8,81.5,13.0,13.5,5.5,2.5,3.9,2.3,17.6,52.2,52.2,52.2,52.2,52.2,52.2,52.2,52.2,52.2,0.0,31.1,65.5,16.8,34.1,12.1,80.5,23.4,8.9,7.3,58.9,34.5,79.5,65.9,75.3,19.5,76.6,63.1,57.0,10.0,0.0,3.6,0.0,12.6,0.0,0.0,28.0,35.8,3000.0,30.00,30,40,40,76,116,884,1,51.0,49.9,51.1,38.5,42.5,35.8,41.1,35.6,44.7,36.3,37.4,34.2,36.6,36.6,49.5,41.4,44.0,45.9,60.0,1.155,1.250,1.100,19.936,13.657,19.914,61.750,7.309,54.463,2.214,3.934,1.553,2.490,1.241,4.824,1.937,0.957,0.774,23.060,17.071,48.171,54.450,2000.0,3000.0,5241.8,5241.8,5250.0,33.6,16.6,34.3,33.6,52.5,Ne,Ne,Ne,1.936,1.299,2.5,31,51,40,26,1.154,5.040,3.408,3.328,12.288,1.101,1.243,3.408,3.280,3.328,1.056,1.056,1.048,1.359,1.814,0.912,3.344,0.064,0.048,0.048,0.048,1.016,1.016,1116,918,2721,51.9,58.3,44,46,22533306,1.164,1.238,606123,27,13,7398574,39,17,6816901,182.7,1.9,43.2,1.365,1.365,1.815,1.800,1.005,5.040,0.750,Ne,Ne,Ne,41.5,1.365,1.365,1.815,1.800,1.005,5.040,1.000,Ne,Ne,Ne,59,78,99.0,100.0,Ne,Ne,30664,54297,6.8,0.0,6.8,33.286,0.731,89937,222810,51.0,56.0,53.0,0.784,0,1956.0,2009.0,38.0,15.2,1.0,0.1,0.1,0.0,11158,899,32.0,348611,0.0,43.1,0.725,25.000,17.000,56.000,600.0,3000.0,1200.0,100.0,0.0,0.0,0.0,0.0,0.0,0.0,0.0,0.0,0,0,16.0,246,Ne,Ne,Ne,78.4,141.9,12.75,0.17,67.91,41.23,0.00,0,0,0.0,0.0,0,0,0.0,0.0,0,0,0.0,0.0,157829,4556,65.5,4.7,0,0.0,
20.5.2026,12:51:56.150,33728,9431,78.1,18615,13280,58.3,0.7,1.145,1.145,1.145,1.145,1.145,1.145,1.145,1.145,1.145,4245.3,5225.0,5225.0,5225.0,2612.5,5225.0,5225.0,2612.5,2612.5,100.0,1283.7,4444.8,1956.2,553.6,1020.9,864.3,2169.8,340.6,432.0,723.9,4257.5,1143.8,1285.5,254.6,234.6,443.5,413.2,1283.7,21.6,54.1,36.4,9.4,18.4,14.3,40.3,5.8,7.7,13.1,81.1,19.3,22.2,3.9,4.5,7.6,7.2,81.1,21.6,24.6,61.0,41.0,11.0,20.9,17.2,45.6,6.6,8.6,15.0,90.5,23.0,26.1,5.0,4.7,8.7,8.2,24.6,42.5,52.2,52.2,52.2,26.1,52.2,52.2,26.1,26.1,0.0,42.2,84.8,29.4,54.7,14.8,89.7,40.1,9.8,14.6,51.9,15.2,67.9,45.3,76.4,10.3,59.9,71.2,69.3,5.8,0.0,2.7,0.0,8.8,0.0,0.0,19.0,16.2,3000.0,30.00,30,40,40,76,116,884,1,51.8,50.2,50.6,40.8,46.0,38.0,44.4,37.2,46.1,39.5,38.6,36.4,37.8,37.8,48.8,41.2,44.0,45.9,60.0,1.165,1.250,1.100,24.148,13.714,24.159,74.750,7.327,59.827,2.888,5.071,2.268,3.519,1.528,5.033,3.004,1.190,1.491,28.174,17.143,53.376,59.835,2000.0,3000.0,5239.9,5239.9,5250.0,36.9,20.1,41.5,36.9,52.8,Ne,Ne,Ne,2.339,4.367,3.4,31,51,40,26,1.137,5.080,3.408,3.328,12.288,1.101,1.243,3.408,3.280,3.328,1.072,1.056,1.048,1.359,1.814,0.912,3.344,0.064,0.048,0.048,0.048,1.016,1.016,1121,901,2721,51.9,58.3,44,46,22533386,1.160,1.238,606125,23,14,7398628,12,16,6816956,182.7,1.9,43.2,1.365,1.365,1.800,1.800,1.005,5.040,0.750,Ne,Ne,Ne,41.5,1.365,1.365,1.815,1.800,1.005,5.040,0.375,Ne,Ne,Ne,60,78,99.0,100.0,Ne,Ne,30664,54297,8.3,0.2,8.5,98.989,1.592,90127,222814,51.0,55.0,52.0,0.473,0,85.0,1137.0,6.0,2.6,1.0,0.0,0.0,0.0,11137,926,32.0,348978,0.0,43.2,0.725,15.000,16.000,46.000,600.0,3000.0,1200.0,100.0,0.0,0.0,0.0,0.0,0.0,0.0,0.0,0.0,0,0,16.0,246,Ne,Ne,Ne,30.3,5.1,32.98,7.75,6.80,32.91,0.07,0,0,0.0,0.0,0,0,0.0,0.0,0,0,0.0,0.0,157829,4556,18.4,40.4,0,0.0,
20.5.2026,12:51:58.152,33254,9905,77.0,18814,13081,58.9,0.7,1.180,1.175,1.185,1.185,1.185,1.185,1.185,1.170,1.170,5153.6,5225.0,5225.0,5225.0,4653.5,5225.0,5225.0,5225.0,5225.0,100.0,1505.8,4559.7,1432.3,1265.9,1034.0,1961.6,1576.9,912.8,852.5,3477.5,1531.1,1624.8,1255.1,804.7,503.7,776.2,524.1,1505.8,26.0,74.1,25.2,21.7,17.6,35.0,27.6,15.3,14.3,65.3,27.2,28.5,21.1,13.9,8.1,12.6,8.4,74.1,26.0,30.1,83.5,29.2,25.6,20.9,40.6,32.3,18.2,17.0,73.6,31.6,33.3,25.1,15.8,9.9,15.1,10.3,30.1,51.5,52.2,52.2,52.2,46.5,52.2,52.2,52.2,52.2,0.0,48.4,87.0,37.8,57.3,29.9,83.1,47.8,22.7,21.8,48.7,13.0,61.9,42.7,64.3,16.9,52.2,67.7,70.8,2.9,0.0,0.2,0.0,5.8,0.0,0.0,9.5,7.4,3000.0,30.00,30,40,40,76,116,884,1,52.2,50.4,52.4,42.2,47.2,39.5,45.6,39.4,46.6,40.7,40.5,37.7,38.5,38.5,49.2,41.6,44.2,45.9,60.0,1.170,1.250,1.100,27.796,13.785,27.778,78.500,7.348,64.333,3.333,5.325,2.816,3.832,2.393,5.044,3.311,1.997,1.948,32.552,17.231,57.866,64.298,2000.0,3000.0,5239.0,5239.0,5250.0,39.7,23.1,43.6,39.7,53.0,Ne,Ne,Ne,3.650,2.350,3.9,31,52,41,26,1.172,5.040,3.408,3.328,12.288,1.101,1.243,3.408,3.280,3.328,1.056,1.056,1.048,1.359,1.814,0.912,3.344,0.064,0.056,0.048,0.048,1.016,1.016,1129,940,2721,51.9,58.3,44,46,22533466,1.167,1.238,606127,13,13,7398674,75,17,6817004,182.7,1.9,43.2,1.365,1.365,1.815,1.800,1.005,5.040,0.750,Ne,Ne,Ne,41.5,1.365,1.365,1.815,1.800,1.005,5.040,0.375,Ne,Ne,Ne,60,78,99.0,100.0,Ne,Ne,30664,54297,16.8,0.1,16.9,91.149,1.732,90301,222817,52.0,58.0,56.0,0.722,0,1657.0,2238.0,69.0,48.3,6.0,0.3,0.3,0.0,10219,935,32.0,349794,0.0,43.3,0.725,23.000,16.000,54.000,600.0,3000.0,1200.0,100.0,0.0,0.0,0.0,0.0,0.0,0.0,0.0,0.0,0,0,16.0,246,Ne,Ne,Ne,155.0,143.4,6.45,1.65,0.55,6.23,0.22,0,0,0.0,0.0,0,0,0.0,0.0,0,0,0.0,0.0,157829,4556,2.2,1.2,0,0.0,
20.5.2026,12:52:0.150,33383,9775,77.3,19171,12724,60.1,0.7,1.181,1.175,1.180,1.180,1.180,1.180,1.185,1.185,1.185,5225.0,5225.0,5225.0,5225.0,5225.0,5225.0,5225.0,5225.0,5225.0,100.0,1574.3,4648.9,1530.0,1302.6,1098.0,2241.4,1509.9,1076.3,835.7,2813.6,2224.0,1719.1,1317.0,821.7,634.0,785.7,631.3,1574.3,27.1,78.3,26.5,22.3,18.0,39.7,25.8,18.4,13.5,52.2,40.0,30.2,21.4,13.6,10.3,12.8,10.1,78.3,27.1,31.5,88.2,30.8,26.2,21.7,46.0,30.4,21.6,16.3,59.3,46.1,35.1,25.9,16.1,12.4,15.3,12.3,31.5,52.2,52.2,52.2,52.2,52.2,52.2,52.2,52.2,52.2,0.0,50.2,88.8,39.6,60.5,32.2,81.5,49.1,25.1,24.4,49.1,11.2,60.4,39.5,66.5,18.5,50.9,71.5,74.2,0.8,0.0,0.0,0.0,1.2,0.0,0.0,3.4,1.4,3000.0,30.00,30,40,40,76,116,884,1,52.2,50.2,49.8,42.9,48.0,40.2,46.6,40.2,47.2,41.4,41.3,38.5,39.1,39.1,49.5,41.7,44.4,46.0,60.0,1.175,1.250,1.100,29.264,14.075,29.248,71.250,7.338,66.578,3.523,5.493,3.003,4.084,2.630,5.064,3.459,2.245,2.207,34.330,17.593,59.995,66.575,2000.0,3000.0,5238.2,5238.2,5250.0,41.1,24.4,39.6,41.1,52.9,Ne,Ne,Ne,5.873,3.756,4.0,31,52,41,26,1.163,5.040,3.408,3.328,12.288,1.101,1.243,3.408,3.280,3.328,1.056,1.056,1.048,1.359,1.814,0.912,3.344,0.064,0.048,0.048,0.048,1.016,1.016,1140,949,2749,51.9,58.3,45,46,22533548,1.179,1.238,606130,42,15,7398700,36,17,6817033,182.7,1.9,43.2,1.365,1.365,1.815,1.800,1.005,5.040,0.625,Ne,Ne,Ne,41.5,1.365,1.365,1.815,1.800,0.990,5.040,1.375,Ne,Ne,Ne,61,78,99.0,100.0,Ne,Ne,30664,54298,100.0,0.0,100.0,172.921,0.241,90632,222817,52.0,58.0,58.0,0.726,0,1710.0,2238.0,100.0,69.7,11.0,0.6,0.6,0.0,10230,995,32.0,349816,0.0,43.3,0.725,15.000,16.000,46.000,600.0,3000.0,1200.0,100.0,0.0,0.0,0.0,0.0,0.0,0.0,0.0,0.0,0,0,16.0,246,Ne,Ne,Ne,105.7,100.1,9.47,6.82,0.00,9.34,0.13,0,0,0.0,0.0,0,0,0.0,0.0,0,0,0.0,0.0,157829,4556,1.1,1.2,0,0.0,
20.5.2026,12:52:2.154,33890,9269,78.5,19210,12684,60.2,0.7,1.179,1.175,1.180,1.180,1.180,1.180,1.180,1.180,1.180,5225.0,5225.0,5225.0,5225.0,5225.0,5225.0,5225.0,5225.0,5225.0,100.0,1557.0,4717.7,1680.4,1214.9,1081.2,1823.1,1720.2,946.6,865.5,2115.8,2531.1,1610.8,1386.9,772.6,649.9,778.5,1017.2,1557.0,26.6,74.9,29.9,21.1,17.7,31.8,29.5,16.3,14.1,38.1,46.5,28.3,22.9,13.3,10.7,12.5,17.9,74.9,26.6,30.5,84.1,34.0,24.2,20.8,36.7,34.3,18.6,16.4,43.4,53.0,32.5,27.0,15.1,12.3,14.7,20.4,30.5,52.2,52.2,52.2,52.2,52.2,52.2,52.2,52.2,52.2,0.0,49.6,90.1,38.7,57.1,31.1,74.4,49.6,25.1,30.3,50.0,9.9,61.3,42.9,68.0,25.6,50.4,73.4,68.1,0.5,0.0,0.0,0.0,0.9,0.0,0.0,1.5,1.6,3000.0,30.00,30,40,40,76,116,884,1,52.1,50.1,48.4,42.8,47.8,40.2,46.2,40.2,46.9,41.6,41.4,38.4,39.2,39.2,49.2,41.5,44.7,46.0,60.0,1.175,1.250,1.100,27.863,14.238,27.866,80.250,7.349,65.195,3.436,5.388,2.924,3.879,2.552,4.843,3.518,2.206,2.177,32.701,17.798,58.582,65.225,2000.0,3000.0,5238.6,5238.6,5250.0,40.3,23.2,44.6,40.3,52.7,Ne,Ne,Ne,7.045,3.699,4.0,31,52,41,26,1.172,5.040,3.408,3.328,12.288,1.101,1.243,3.408,3.280,3.328,1.056,1.056,1.048,1.350,1.814,0.912,3.344,0.064,0.048,0.048,0.048,1.016,1.016,1140,931,2721,51.9,58.3,44,46,22533630,1.179,1.238,606132,17,13,7398784,36,17,6817116,182.7,1.9,43.2,1.365,1.365,1.815,1.800,0.990,5.040,0.625,Ne,Ne,Ne,41.5,1.365,1.365,1.815,1.800,0.990,5.040,0.625,Ne,Ne,Ne,61,78,99.0,100.0,Ne,Ne,30664,54298,100.0,100.0,100.0,146.441,0.249,90912,222818,56.0,60.0,75.0,0.967,551,2886.0,2238.0,100.0,88.9,19.0,1.0,1.0,20.0,10742,995,32.0,350328,0.0,43.3,0.725,15.000,16.000,46.000,600.0,3000.0,1200.0,100.0,0.0,0.0,0.0,0.0,0.0,0.0,0.0,0.0,0,0,16.0,246,Ne,Ne,Ne,123.1,123.3,8.12,7.63,0.18,8.00,0.12,0,0,0.0,0.0,0,0,0.0,0.0,0,0,0.0,0.0,157829,4556,1.3,1.2,0,0.0,
20.5.2026,12:52:4.151,33557,9602,77.7,19000,12894,59.5,0.7,1.161,1.160,1.160,1.160,1.160,1.160,1.160,1.160,1.165,4939.3,5225.0,4653.5,5225.0,4653.5,5225.0,4653.5,4653.5,5225.0,100.0,987.2,4945.8,3555.7,449.9,370.5,843.1,653.3,246.6,268.8,1441.4,1051.7,588.2,484.2,187.2,200.1,283.0,225.9,987.2,13.6,32.8,66.8,7.3,5.4,14.1,10.4,3.5,3.6,26.2,18.5,9.5,7.2,2.5,2.7,4.2,3.0,66.8,13.6,16.2,37.3,75.0,9.0,7.1,17.0,13.0,4.8,5.1,30.2,21.8,11.8,9.4,3.6,3.8,5.5,4.2,16.2,49.4,52.2,46.5,52.2,46.5,52.2,46.5,46.5,52.2,0.0,27.7,94.3,14.7,25.4,9.0,43.8,18.3,6.9,8.8,45.4,5.7,42.6,74.6,32.0,56.2,80.3,31.0,41.2,26.9,0.0,42.7,0.0,59.0,0.1,1.3,62.1,50.0,3000.0,30.00,30,40,40,76,116,884,1,51.9,49.7,41.9,38.2,45.6,35.5,40.8,35.2,40.8,36.1,37.1,34.8,37.0,37.0,48.8,41.3,44.2,46.0,60.0,1.170,1.250,1.100,15.900,13.563,15.949,53.750,7.304,49.952,1.910,5.144,1.166,2.104,0.797,2.932,1.622,0.672,0.841,18.613,16.953,43.601,49.974,2000.0,3000.0,5242.2,5242.2,5250.0,30.8,13.3,29.9,30.8,52.3,Ne,Ne,Ne,2.128,1.033,2.2,31,51,41,26,1.163,5.080,3.408,3.328,12.288,1.101,1.243,3.408,3.280,3.328,1.056,1.056,1.048,1.359,1.814,0.912,3.344,0.064,0.048,0.048,0.048,1.016,1.016,1126,929,2777,51.9,58.3,44,46,22533712,1.167,1.238,606134,8,13,7398818,15,16,6817153,182.7,1.9,43.2,1.350,1.365,1.815,1.800,0.990,5.040,0.375,Ne,Ne,Ne,41.5,1.365,1.365,1.815,1.800,0.990,5.040,0.625,Ne,Ne,Ne,61,78,99.0,100.0,Ne,Ne,30664,54298,100.0,100.0,100.0,69.183,0.297,91044,222818,53.0,56.0,54.0,0.039,890,0.0,909.0,0.0,21.8,1.0,0.2,0.2,21.0,10742,995,32.0,350328,0.0,43.1,0.725,14.000,17.000,46.000,600.0,3000.0,1200.0,100.0,0.0,0.0,0.0,0.0,0.0,0.0,0.0,0.0,0,0,16.0,246,Ne,Ne,Ne,124.9,124.5,8.00,7.87,0.01,7.89,0.12,0,0,0.0,0.0,0,0,0.0,0.0,0,0,0.0,0.0,157829,4556,0.7,0.9,0,0.0,
20.5.2026,12:52:6.150,29644,13515,68.6,14848,17047,46.5,0.7,1.167,1.165,1.170,1.170,1.170,1.170,1.170,1.160,1.160,4939.3,5225.0,4653.5,5225.0,4653.5,5225.0,4653.5,4653.5,5225.0,100.0,785.8,4959.3,2047.0,169.9,213.9,401.4,775.1,70.7,38.4,3151.2,143.4,174.8,167.4,20.4,13.6,89.2,138.0,785.8,12.2,58.6,38.6,3.0,3.8,6.6,13.5,1.2,0.0,58.8,2.4,2.7,2.5,0.0,0.0,1.5,2.5,58.8,12.2,13.9,65.7,43.2,3.4,4.3,7.9,15.6,1.4,0.7,66.3,2.9,3.3,3.1,0.4,0.2,1.8,2.8,13.9,49.4,52.2,46.5,52.2,46.5,52.2,46.5,46.5,52.2,0.0,25.0,94.6,7.4,22.3,2.0,62.7,6.2,0.6,3.9,29.7,5.4,27.0,77.7,4.1,37.3,80.5,1.9,3.3,45.4,0.0,65.6,0.0,93.9,0.0,13.2,97.5,92.8,3000.0,30.00,30,40,40,76,116,884,1,51.9,49.6,44.0,36.6,45.1,33.4,39.6,32.7,40.9,33.5,35.1,32.4,35.9,35.9,49.2,41.1,43.3,46.0,60.0,1.166,1.250,1.100,13.930,13.476,13.924,31.500,7.281,47.359,1.589,5.256,0.566,1.903,0.117,3.691,0.928,0.050,0.200,16.233,16.845,41.087,47.375,2000.0,3000.0,5242.7,5242.7,5250.0,29.2,11.6,17.5,29.2,52.2,Ne,Ne,Ne,0.851,2.204,2.0,31,52,41,26,1.163,5.040,3.408,3.328,12.288,1.101,1.243,3.408,3.280,3.328,1.056,1.056,1.048,1.359,1.814,0.912,3.328,0.064,0.048,0.048,0.048,1.016,1.016,1114,916,2743,51.9,58.3,43,46,22533792,1.167,1.238,606137,11,13,7398834,24,17,6817173,182.7,1.9,43.2,1.365,1.365,1.815,1.800,0.990,5.040,0.625,Ne,Ne,Ne,41.2,1.365,1.365,1.815,1.800,0.990,5.040,0.375,Ne,Ne,Ne,62,78,99.0,100.0,Ne,Ne,30664,54298,100.0,15.3,100.0,3.097,0.515,91050,222819,52.0,56.0,53.0,0.660,1041,1013.0,909.0,46.0,0.0,1.0,0.0,0.0,20.0,10145,893,32.0,350328,0.0,42.8,0.725,28.000,17.000,59.000,600.0,3000.0,1200.0,100.0,0.0,0.0,0.0,0.0,0.0,0.0,0.0,0.0,0,0,16.0,246,Ne,Ne,Ne,124.9,124.5,8.00,7.87,0.01,7.89,0.12,0,0,0.0,0.0,0,0,0.0,0.0,0,0,0.0,0.0,157829,4556,0.5,0.1,0,0.0,
Date,Time,"Virtuální paměť obsazena [MB]","Dostupná virtuální paměť [MB]","Zatížení virtuální paměti [%]","Použitá fyzická paměť [MB]","Dostupná fyzická paměť [MB]","Zatížení fyzické paměti [%]","Zatížení stránkovacího souboru [%]","Core VIDs (avg) [V]","Core 0 VID [V]","Core 1 VID [V]","Core 2 VID [V]","Core 3 VID [V]","Core 4 VID [V]","Core 5 VID [V]","Core 6 VID [V]","Core 7 VID [V]","Takt jader (avg) [MHz]","Core 0 Takt (perf #1) [MHz]","Core 1 Takt (perf #4) [MHz]","Core 2 Takt (perf #2) [MHz]","Core 3 Takt (perf #5) [MHz]","Core 4 Takt (perf #1) [MHz]","Core 5 Takt (perf #3) [MHz]","Core 6 Takt (perf #6) [MHz]","Core 7 Takt (perf #7) [MHz]","Takt Sběrnice [MHz]","Efektivní Takty Jader (avg) [MHz]","Core 0 T0 Efektivní takt [MHz]","Core 0 T1 Efektivní takt [MHz]","Core 1 T0 Efektivní takt [MHz]","Core 1 T1 Efektivní takt [MHz]","Core 2 T0 Efektivní takt [MHz]","Core 2 T1 Efektivní takt [MHz]","Core 3 T0 Efektivní takt [MHz]","Core 3 T1 Efektivní takt [MHz]","Core 4 T0 Efektivní takt [MHz]","Core 4 T1 Efektivní takt [MHz]","Core 5 T0 Efektivní takt [MHz]","Core 5 T1 Efektivní takt [MHz]","Core 6 T0 Efektivní takt [MHz]","Core 6 T1 Efektivní takt [MHz]","Core 7 T0 Efektivní takt [MHz]","Core 7 T1 Efektivní takt [MHz]","Průměrný Efektivní Takt [MHz]","Vytížení Jádra (avg) [%]","Core 0 T0 Vytížení [%]","Core 0 T1 Vytížení [%]","Core 1 T0 Vytížení [%]","Core 1 T1 Vytížení [%]","Core 2 T0 Vytížení [%]","Core 2 T1 Vytížení [%]","Core 3 T0 Vytížení [%]","Core 3 T1 Vytížení [%]","Core 4 T0 Vytížení [%]","Core 4 T1 Vytížení [%]","Core 5 T0 Vytížení [%]","Core 5 T1 Vytížení [%]","Core 6 T0 Vytížení [%]","Core 6 T1 Vytížení [%]","Core 7 T0 Vytížení [%]","Core 7 T1 Vytížení [%]","Maximální vytížení CPU/vlákna [%]","Celkové vytížení CPU [%]","Využití jádra (avg) [%]","Core 0 T0 Využití [%]","Core 0 T1 Využití [%]","Core 1 T0 Využití [%]","Core 1 T1 Využití [%]","Core 2 T0 Využití [%]","Core 2 T1 Využití [%]","Core 3 T0 Využití [%]","Core 3 T1 Využití [%]","Core 4 T0 Využití [%]","Core 4 T1 Využití [%]","Core 5 T0 Využití [%]","Core 5 T1 Využití [%]","Core 6 T0 Využití [%]","Core 6 T1 Využití [%]","Core 7 T0 Využití [%]","Core 7 T1 Využití [%]","Celkové využití CPU [%]","Násobiče taktu jader (avg) [x]","Core 0 Násobitel [x]","Core 1 Násobitel [x]","Core 2 Násobitel [x]","Core 3 Násobitel [x]","Core 4 Násobitel [x]","Core 5 Násobitel [x]","Core 6 Násobitel [x]","Core 7 Násobitel [x]","Package C6 Obsazenost [%]","Core C0 Obsazenost (avg) [%]","Core 0 C0 Obsazenost [%]","Core 1 C0 Obsazenost [%]","Core 2 C0 Obsazenost [%]","Core 3 C0 Obsazenost [%]","Core 4 C0 Obsazenost [%]","Core 5 C0 Obsazenost [%]","Core 6 C0 Obsazenost [%]","Core 7 C0 Obsazenost [%]","Core C1 Obsazenost (avg) [%]","Core 0 C1 Obsazenost [%]","Core 1 C1 Obsazenost [%]","Core 2 C1 Obsazenost [%]","Core 3 C1 Obsazenost [%]","Core 4 C1 Obsazenost [%]","Core 5 C1 Obsazenost [%]","Core 6 C1 Obsazenost [%]","Core 7 C1 Obsazenost [%]","Core C6 Obsazenost (avg) [%]","Core 0 C6 Obsazenost [%]","Core 1 C6 Obsazenost [%]","Core 2 C6 Obsazenost [%]","Core 3 C6 Obsazenost [%]","Core 4 C6 Obsazenost [%]","Core 5 C6 Obsazenost [%]","Core 6 C6 Obsazenost [%]","Core 7 C6 Obsazenost [%]","Takt Paměti [MHz]","Násobič taktu paměti [x]","Tcas [T]","Trcd [T]","Trp [T]","Tras [T]","Trc [T]","Trfc [T]","Command Rate [T]","CPU (Tctl/Tdie) [°C]","Pouzdro CPU (průměr) [°C]","CPU CCD1 (Tdie) [°C]","Teploty jader (avg) [°C]","Core0 (CCD1) [°C]","Core1 (CCD1) [°C]","Core2 (CCD1) [°C]","Core3 (CCD1) [°C]","Core4 (CCD1) [°C]","Core5 (CCD1) [°C]","Core6 (CCD1) [°C]","Core7 (CCD1) [°C]","Teploty L3 (avg) [°C]","L3 Cache (CCD1) [°C]","CPU IOD Hotspot [°C]","CPU IOD Průměr [°C]","CPU VDDCR_VDD VRM (SVI3 TFN) [°C]","CPU VDDCR_SOC VRM (SVI3 TFN) [°C]","CPU VDD_MISC VRM (SVI3 TFN) [°C]","CPU VDDCR_VDD Napětí (SVI3 TFN) [V]","CPU VDDCR_SOC Napětí (SVI3 TFN) [V]","CPU VDD_MISC Napětí (SVI3 TFN) [V]","Proud jádra CPU (SVI3 TFN) [A]","Proud SoC (SVI3 TFN) [A]","CPU TDC [A]","CPU EDC [A]","Proud MISC (SVI3 TFN) [A]","Celková spotřeba CPU [W]","Spotřeba energie jader (avg) [W]","Core 0 Spotřeba energie [W]","Core 1 Spotřeba energie [W]","Core 2 Spotřeba energie [W]","Core 3 Spotřeba energie [W]","Core 4 Spotřeba energie [W]","Core 5 Spotřeba energie [W]","Core 6 Spotřeba energie [W]","Core 7 Spotřeba energie [W]","CPU Spotřeba energie jádra (SVI3 TFN) [W]","CPU SoC Spotřeba energie (SVI3 TFN) [W]","Core+SoC+MISC Spotřeba energie (SVI3 TFN) [W]","CPU PPT [W]","Infinity Fabric Takt (FCLK) [MHz]","Takt řadiče paměti (UCLK) [MHz]","L3 Takty (avg) [MHz]","L3 Cache (CCD1) [MHz]","Limit frekvence - Globální [MHz]","CPU PPT Limit [%]","Limit TDC CPU [%]","Limit EDC CPU [%]","CPU PPT FAST Limit [%]","Thermal Limit [%]","Tepelné škrcení (HTC) [Yes/No]","Tepelné škrcení (PROCHOT CPU) [Yes/No]","Tepelné škrcení (PROCHOT EXT) [Yes/No]","Šířka pásma čtení DRAM [GB/s]","Šířka pásma zápisu DRAM [GB/s]","Průměrný počet aktivních jader []","Základní deska [°C]","CPU Celok [°C]","CPU [°C]","Temp9 [°C]","Vcore [V]","+5V [V]","AVSB [V]","3VCC [V]","+12V [V]","VMISC [V]","CPU SOC [V]","3VSB [V]","VBAT [V]","VTT [V]","Čipová sada0 VDD [V]","Čipová sada1 VDD [V]","CHIPSET Standby [V]","CPU VDDIO / MC [V]","1,8V PLL [V]","VIN9 [V]","VHIF [V]","VIN11 [V]","VIN12 [V]","VIN13 [V]","VIN14 [V]","AUXTIN6 [V]","AUXTIN9 [V]","CPU [RPM]","Šasi 5 [RPM]","AIO Čerpadlo [RPM]","Čipová sada 1 (xHCI) [°C]","Čipová sada 2 (xHCI) [°C]","VRM [°C]","VRM SOC Teplota [°C]","Akumulovaná CPU Teplota [°C]","VRM Vcore Napětí (VOUT) [V]","VRM SOC Napětí (VOUT) [V]","Akumulovaná CPU Napětí [V]","VRM Vcore Proud (IOUT) [A]","VRM SOC Proud (IOUT) [A]","Akumulovaná CPU Proud [A]","VRM Vcore Spotřeba energie (POUT) [W]","VRM SOC Spotřeba energie (POUT) [W]","Akumulovaná CPU Spotřeba energie [W]","CPU Uptime [h]","Akumulovaná Energie CPU [kWh]","SPD Hub Teplota [°C]","VDD (SWA) Napětí [V]","VDDQ (SWB) Napětí [V]","VPP (SWC) Napětí [V]","1,8V VOUT Napětí [V]","1,0V VOUT Napětí [V]","VIN Napětí [V]","Celkový výkon [W]","PMIC Vysoká teplota [Yes/No]","PMIC Over Voltage [Yes/No]","PMIC Under Voltage [Yes/No]","SPD Hub Teplota [°C]","VDD (SWA) Napětí [V]","VDDQ (SWB) Napětí [V]","VPP (SWC) Napětí [V]","1,8V VOUT Napětí [V]","1,0V VOUT Napětí [V]","VIN Napětí [V]","Celkový výkon [W]","PMIC Vysoká teplota [Yes/No]","PMIC Over Voltage [Yes/No]","PMIC Under Voltage [Yes/No]","Teplota disku [°C]","Teplota disku 3 [°C]","Zbývající životnost disku [%]","Zbývající náhradní prostor disku [%]","Selhání disku [Yes/No]","Upozornění na disk [Yes/No]","Celkový počet zápisů hostitele [GB]","Celkový počet čtení hostitele [GB]","Aktivita Čtení [%]","Aktivita Psaní [%]","Celková aktivita [%]","Rychlost čtení [MB/s]","Rychlost zápisů [MB/s]","Přečteno celkem [MB]","Zápisy Celkem [MB]","Teplota GPU [°C]","Teplota paměti GPU [°C]","Teplota horkého bodu GPU [°C]","Napětí jádra GPU (VDDCR_GFX) [V]","GPU Ventilátor [RPM]","Takt GPU [MHz]","Takt Paměti GPU [MHz]","Využití GPU [%]","Využití GPU D3D [%]","Využití řadiče paměti GPU [%]","Využití GPU D3D (avg) [%]","GPU Computing (Compute 0) Vytížení [%]","GPU Ventilátor PWM [%]","Vyhrazená paměť GPU D3D [MB]","Dynamická paměť GPU D3D [MB]","Rychlost připojení PCIe [GT/s]","Využití paměti GPU [MB]","Snímková frekvence [FPS]","Teplota GPU [°C]","Napětí jádra GPU (VDDCR_GFX) [V]","GPU Spotřeba energie jádra (VDDCR_GFX) [W]","GPU SoC Spotřeba energie (VDDCR_SOC) [W]","GPU ASIC Spotřeba energie [W]","Takt GPU [MHz]","Takt Paměti GPU [MHz]","GPU SoC Takt [MHz]","GPU VCN Takt [MHz]","Využití GPU [%]","Využití GPU D3D [%]","Využití GPU D3D (avg) [%]","GPU Video Decode 0 Vytížení [%]","GPU Video Decode 1 Vytížení [%]","GPU Computing (Compute 0) Vytížení [%]","GPU Computing (Compute 1) Vytížení [%]","GPU Computing (High Priority Compute) Vytížení [%]","Vyhrazená paměť GPU D3D [MB]","Dynamická paměť GPU D3D [MB]","Rychlost připojení PCIe [GT/s]","Využití paměti GPU [MB]","Důvod omezení - Spotřeba energie [Yes/No]","Důvod škrcení - Tepelný [Yes/No]","Důvod omezení - Proud [Yes/No]","Snímková frekvence (Presented) [FPS]","Snímková frekvence (Displayed) [FPS]","Čas snímku [ms]","GPU Busy [ms]","GPU Wait [ms]","CPU Busy [ms]","CPU Wait [ms]","Celkem staženo [MB]","Celkem odoslaných [MB]","Aktuální rychlost stahování [KB/s]","Aktuální rychlost odosílaní [KB/s]","Celkem staženo [MB]","Celkem odoslaných [MB]","Aktuální rychlost stahování [KB/s]","Aktuální rychlost odosílaní [KB/s]","Celkem staženo [MB]","Celkem odoslaných [MB]","Aktuální rychlost stahování [KB/s]","Aktuální rychlost odosílaní [KB/s]","Celkem staženo [MB]","Celkem odoslaných [MB]","Aktuální rychlost stahování [KB/s]","Aktuální rychlost odosílaní [KB/s]","Celkový počet chyb []","Takt GPU (Efektivní) [MHz]",
,,Systém: ASUS ,Systém: ASUS ,Systém: ASUS ,Systém: ASUS ,Systém: ASUS ,Systém: ASUS ,Systém: ASUS ,CPU [#0]: AMD Ryzen 7 9800X3D,CPU [#0]: AMD Ryzen 7 9800X3D,CPU [#0]: AMD Ryzen 7 9800X3D,CPU [#0]: AMD Ryzen 7 9800X3D,CPU [#0]: AMD Ryzen 7 9800X3D,CPU [#0]: AMD Ryzen 7 9800X3D,CPU [#0]: AMD Ryzen 7 9800X3D,CPU [#0]: AMD Ryzen 7 9800X3D,CPU [#0]: AMD Ryzen 7 9800X3D,CPU [#0]: AMD Ryzen 7 9800X3D,CPU [#0]: AMD Ryzen 7 9800X3D,CPU [#0]: AMD Ryzen 7 9800X3D,CPU [#0]: AMD Ryzen 7 9800X3D,CPU [#0]: AMD Ryzen 7 9800X3D,CPU [#0]: AMD Ryzen 7 9800X3D,CPU [#0]: AMD Ryzen 7 9800X3D,CPU [#0]: AMD Ryzen 7 9800X3D,CPU [#0]: AMD Ryzen 7 9800X3D,CPU [#0]: AMD Ryzen 7 9800X3D,CPU [#0]: AMD Ryzen 7 9800X3D,CPU [#0]: AMD Ryzen 7 9800X3D,CPU [#0]: AMD Ryzen 7 9800X3D,CPU [#0]: AMD Ryzen 7 9800X3D,CPU [#0]: AMD Ryzen 7 9800X3D,CPU [#0]: AMD Ryzen 7 9800X3D,CPU [#0]: AMD Ryzen 7 9800X3D,CPU [#0]: AMD Ryzen 7 9800X3D,CPU [#0]: AMD Ryzen 7 9800X3D,CPU [#0]: AMD Ryzen 7 9800X3D,CPU [#0]: AMD Ryzen 7 9800X3D,CPU [#0]: AMD Ryzen 7 9800X3D,CPU [#0]: AMD Ryzen 7 9800X3D,CPU [#0]: AMD Ryzen 7 9800X3D,CPU [#0]: AMD Ryzen 7 9800X3D,CPU [#0]: AMD Ryzen 7 9800X3D,CPU [#0]: AMD Ryzen 7 9800X3D,CPU [#0]: AMD Ryzen 7 9800X3D,CPU [#0]: AMD Ryzen 7 9800X3D,CPU [#0]: AMD Ryzen 7 9800X3D,CPU [#0]: AMD Ryzen 7 9800X3D,CPU [#0]: AMD Ryzen 7 9800X3D,CPU [#0]: AMD Ryzen 7 9800X3D,CPU [#0]: AMD Ryzen 7 9800X3D,CPU [#0]: AMD Ryzen 7 9800X3D,CPU [#0]: AMD Ryzen 7 9800X3D,CPU [#0]: AMD Ryzen 7 9800X3D,CPU [#0]: AMD Ryzen 7 9800X3D,CPU [#0]: AMD Ryzen 7 9800X3D,CPU [#0]: AMD Ryzen 7 9800X3D,CPU [#0]: AMD Ryzen 7 9800X3D,CPU [#0]: AMD Ryzen 7 9800X3D,CPU [#0]: AMD Ryzen 7 9800X3D,CPU [#0]: AMD Ryzen 7 9800X3D,CPU [#0]: AMD Ryzen 7 9800X3D,CPU [#0]: AMD Ryzen 7 9800X3D,CPU [#0]: AMD Ryzen 7 9800X3D,CPU [#0]: AMD Ryzen 7 9800X3D,CPU [#0]: AMD Ryzen 7 9800X3D,CPU [#0]: AMD Ryzen 7 9800X3D,CPU [#0]: AMD Ryzen 7 9800X3D,CPU [#0]: AMD Ryzen 7 9800X3D,CPU [#0]: AMD Ryzen 7 9800X3D,CPU [#0]: AMD Ryzen 7 9800X3D,CPU [#0]: AMD Ryzen 7 9800X3D,CPU [#0]: AMD Ryzen 7 9800X3D,CPU [#0]: AMD Ryzen 7 9800X3D,CPU [#0]: AMD Ryzen 7 9800X3D,CPU [#0]: AMD Ryzen 7 9800X3D,CPU [#0]: AMD Ryzen 7 9800X3D,CPU [#0]: AMD Ryzen 7 9800X3D,CPU [#0]: AMD Ryzen 7 9800X3D,CPU [#0]: AMD Ryzen 7 9800X3D,CPU [#0]: AMD Ryzen 7 9800X3D,CPU [#0]: AMD Ryzen 7 9800X3D,CPU [#0]: AMD Ryzen 7 9800X3D,CPU [#0]: AMD Ryzen 7 9800X3D,CPU [#0]: AMD Ryzen 7 9800X3D,CPU [#0]: AMD Ryzen 7 9800X3D,CPU [#0]: AMD Ryzen 7 9800X3D,CPU [#0]: AMD Ryzen 7 9800X3D,CPU [#0]: AMD Ryzen 7 9800X3D,CPU [#0]: AMD Ryzen 7 9800X3D,CPU [#0]: AMD Ryzen 7 9800X3D,CPU [#0]: AMD Ryzen 7 9800X3D: C-State Obsazenost,CPU [#0]: AMD Ryzen 7 9800X3D: C-State Obsazenost,CPU [#0]: AMD Ryzen 7 9800X3D: C-State Obsazenost,CPU [#0]: AMD Ryzen 7 9800X3D: C-State Obsazenost,CPU [#0]: AMD Ryzen 7 9800X3D: C-State Obsazenost,CPU [#0]: AMD Ryzen 7 9800X3D: C-State Obsazenost,CPU [#0]: AMD Ryzen 7 9800X3D: C-State Obsazenost,CPU [#0]: AMD Ryzen 7 9800X3D: C-State Obsazenost,CPU [#0]: AMD Ryzen 7 9800X3D: C-State Obsazenost,CPU [#0]: AMD Ryzen 7 9800X3D: C-State Obsazenost,CPU [#0]: AMD Ryzen 7 9800X3D: C-State Obsazenost,CPU [#0]: AMD Ryzen 7 9800X3D: C-State Obsazenost,CPU [#0]: AMD Ryzen 7 9800X3D: C-State Obsazenost,CPU [#0]: AMD Ryzen 7 9800X3D: C-State Obsazenost,CPU [#0]: AMD Ryzen 7 9800X3D: C-State Obsazenost,CPU [#0]: AMD Ryzen 7 9800X3D: C-State Obsazenost,CPU [#0]: AMD Ryzen 7 9800X3D: C-State Obsazenost,CPU [#0]: AMD Ryzen 7 9800X3D: C-State Obsazenost,CPU [#0]: AMD Ryzen 7 9800X3D: C-State Obsazenost,CPU [#0]: AMD Ryzen 7 9800X3D: C-State Obsazenost,CPU [#0]: AMD Ryzen 7 9800X3D: C-State Obsazenost,CPU [#0]: AMD Ryzen 7 9800X3D: C-State Obsazenost,CPU [#0]: AMD Ryzen 7 9800X3D: C-State Obsazenost,CPU [#0]: AMD Ryzen 7 9800X3D: C-State Obsazenost,CPU [#0]: AMD Ryzen 7 9800X3D: C-State Obsazenost,CPU [#0]: AMD Ryzen 7 9800X3D: C-State Obsazenost,CPU [#0]: AMD Ryzen 7 9800X3D: C-State Obsazenost,CPU [#0]: AMD Ryzen 7 9800X3D: C-State Obsazenost,Časování pamětí,Časování pamětí,Časování pamětí,Časování pamětí,Časování pamětí,Časování pamětí,Časování pamětí,Časování pamětí,Časování pamětí,CPU [#0]: AMD Ryzen 7 9800X3D: Enhanced,CPU [#0]: AMD Ryzen 7 9800X3D: Enhanced,CPU [#0]: AMD Ryzen 7 9800X3D: Enhanced,CPU [#0]: AMD Ryzen 7 9800X3D: Enhanced,CPU [#0]: AMD Ryzen 7 9800X3D: Enhanced,CPU [#0]: AMD Ryzen 7 9800X3D: Enhanced,CPU [#0]: AMD Ryzen 7 9800X3D: Enhanced,CPU [#0]: AMD Ryzen 7 9800X3D: Enhanced,CPU [#0]: AMD Ryzen 7 9800X3D: Enhanced,CPU [#0]: AMD Ryzen 7 9800X3D: Enhanced,CPU [#0]: AMD Ryzen 7 9800X3D: Enhanced,CPU [#0]: AMD Ryzen 7 9800X3D: Enhanced,CPU [#0]: AMD Ryzen 7 9800X3D: Enhanced,CPU [#0]: AMD Ryzen 7 9800X3D: Enhanced,CPU [#0]: AMD Ryzen 7 9800X3D: Enhanced,CPU [#0]: AMD Ryzen 7 9800X3D: Enhanced,CPU [#0]: AMD Ryzen 7 9800X3D: Enhanced,CPU [#0]: AMD Ryzen 7 9800X3D: Enhanced,CPU [#0]: AMD Ryzen 7 9800X3D: Enhanced,CPU [#0]: AMD Ryzen 7 9800X3D: Enhanced,CPU [#0]: AMD Ryzen 7 9800X3D: Enhanced,CPU [#0]: AMD Ryzen 7 9800X3D: Enhanced,CPU [#0]: AMD Ryzen 7 9800X3D: Enhanced,CPU [#0]: AMD Ryzen 7 9800X3D: Enhanced,CPU [#0]: AMD Ryzen 7 9800X3D: Enhanced,CPU [#0]: AMD Ryzen 7 9800X3D: Enhanced,CPU [#0]: AMD Ryzen 7 9800X3D: Enhanced,CPU [#0]: AMD Ryzen 7 9800X3D: Enhanced,CPU [#0]: AMD Ryzen 7 9800X3D: Enhanced,CPU [#0]: AMD Ryzen 7 9800X3D: Enhanced,CPU [#0]: AMD Ryzen 7 9800X3D: Enhanced,CPU [#0]: AMD Ryzen 7 9800X3D: Enhanced,CPU [#0]: AMD Ryzen 7 9800X3D: Enhanced,CPU [#0]: AMD Ryzen 7 9800X3D: Enhanced,CPU [#0]: AMD Ryzen 7 9800X3D: Enhanced,CPU [#0]: AMD Ryzen 7 9800X3D: Enhanced,CPU [#0]: AMD Ryzen 7 9800X3D: Enhanced,CPU [#0]: AMD Ryzen 7 9800X3D: Enhanced,CPU [#0]: AMD Ryzen 7 9800X3D: Enhanced,CPU [#0]: AMD Ryzen 7 9800X3D: Enhanced,CPU [#0]: AMD Ryzen 7 9800X3D: Enhanced,CPU [#0]: AMD Ryzen 7 9800X3D: Enhanced,CPU [#0]: AMD Ryzen 7 9800X3D: Enhanced,CPU [#0]: AMD Ryzen 7 9800X3D: Enhanced,CPU [#0]: AMD Ryzen 7 9800X3D: Enhanced,CPU [#0]: AMD Ryzen 7 9800X3D: Enhanced,CPU [#0]: AMD Ryzen 7 9800X3D: Enhanced,CPU [#0]: AMD Ryzen 7 9800X3D: Enhanced,CPU [#0]: AMD Ryzen 7 9800X3D: Enhanced,CPU [#0]: AMD Ryzen 7 9800X3D: Enhanced,CPU [#0]: AMD Ryzen 7 9800X3D: Enhanced,CPU [#0]: AMD Ryzen 7 9800X3D: Enhanced,CPU [#0]: AMD Ryzen 7 9800X3D: Enhanced,CPU [#0]: AMD Ryzen 7 9800X3D: Enhanced,CPU [#0]: AMD Ryzen 7 9800X3D: Enhanced,CPU [#0]: AMD Ryzen 7 9800X3D: Enhanced,CPU [#0]: AMD Ryzen 7 9800X3D: Enhanced,ASUS ROG STRIX X870E-E GAMING WIFI (Nuvoton NCT6701D),ASUS ROG STRIX X870E-E GAMING WIFI (Nuvoton NCT6701D),ASUS ROG STRIX X870E-E GAMING WIFI (Nuvoton NCT6701D),ASUS ROG STRIX X870E-E GAMING WIFI (Nuvoton NCT6701D),ASUS ROG STRIX X870E-E GAMING WIFI (Nuvoton NCT6701D),ASUS ROG STRIX X870E-E GAMING WIFI (Nuvoton NCT6701D),ASUS ROG STRIX X870E-E GAMING WIFI (Nuvoton NCT6701D),ASUS ROG STRIX X870E-E GAMING WIFI (Nuvoton NCT6701D),ASUS ROG STRIX X870E-E GAMING WIFI (Nuvoton NCT6701D),ASUS ROG STRIX X870E-E GAMING WIFI (Nuvoton NCT6701D),ASUS ROG STRIX X870E-E GAMING WIFI (Nuvoton NCT6701D),ASUS ROG STRIX X870E-E GAMING WIFI (Nuvoton NCT6701D),ASUS ROG STRIX X870E-E GAMING WIFI (Nuvoton NCT6701D),ASUS ROG STRIX X870E-E GAMING WIFI (Nuvoton NCT6701D),ASUS ROG STRIX X870E-E GAMING WIFI (Nuvoton NCT6701D),ASUS ROG STRIX X870E-E GAMING WIFI (Nuvoton NCT6701D),ASUS ROG STRIX X870E-E GAMING WIFI (Nuvoton NCT6701D),ASUS ROG STRIX X870E-E GAMING WIFI (Nuvoton NCT6701D),ASUS ROG STRIX X870E-E GAMING WIFI (Nuvoton NCT6701D),ASUS ROG STRIX X870E-E GAMING WIFI (Nuvoton NCT6701D),ASUS ROG STRIX X870E-E GAMING WIFI (Nuvoton NCT6701D),ASUS ROG STRIX X870E-E GAMING WIFI (Nuvoton NCT6701D),ASUS ROG STRIX X870E-E GAMING WIFI (Nuvoton NCT6701D),ASUS ROG STRIX X870E-E GAMING WIFI (Nuvoton NCT6701D),ASUS ROG STRIX X870E-E GAMING WIFI (Nuvoton NCT6701D),ASUS ROG STRIX X870E-E GAMING WIFI (Nuvoton NCT6701D),ASUS ROG STRIX X870E-E GAMING WIFI (Nuvoton NCT6701D),ASUS ROG STRIX X870E-E GAMING WIFI (Nuvoton NCT6701D),ASUS ROG STRIX X870E-E GAMING WIFI (Nuvoton NCT6701D),ASUS ROG STRIX X870E-E GAMING WIFI (Nuvoton NCT6701D),ASUS ROG STRIX X870E-E GAMING WIFI (AMD Čipová sada),ASUS ROG STRIX X870E-E GAMING WIFI (AMD Čipová sada),ASUS EC: ASUS ,ASUS EC: ASUS ,ASUS EC: ASUS ,ASUS EC: ASUS ,ASUS EC: ASUS ,ASUS EC: ASUS ,ASUS EC: ASUS ,ASUS EC: ASUS ,ASUS EC: ASUS ,ASUS EC: ASUS ,ASUS EC: ASUS ,ASUS EC: ASUS ,ASUS EC: ASUS ,ASUS EC: ASUS ,DDR5 DIMM [#1]: A-DATA Technology AX5U6000C3016G-BLARWH (P0 CHANNEL A/DIMM 1),DDR5 DIMM [#1]: A-DATA Technology AX5U6000C3016G-BLARWH (P0 CHANNEL A/DIMM 1),DDR5 DIMM [#1]: A-DATA Technology AX5U6000C3016G-BLARWH (P0 CHANNEL A/DIMM 1),DDR5 DIMM [#1]: A-DATA Technology AX5U6000C3016G-BLARWH (P0 CHANNEL A/DIMM 1),DDR5 DIMM [#1]: A-DATA Technology AX5U6000C3016G-BLARWH (P0 CHANNEL A/DIMM 1),DDR5 DIMM [#1]: A-DATA Technology AX5U6000C3016G-BLARWH (P0 CHANNEL A/DIMM 1),DDR5 DIMM [#1]: A-DATA Technology AX5U6000C3016G-BLARWH (P0 CHANNEL A/DIMM 1),DDR5 DIMM [#1]: A-DATA Technology AX5U6000C3016G-BLARWH (P0 CHANNEL A/DIMM 1),DDR5 DIMM [#1]: A-DATA Technology AX5U6000C3016G-BLARWH (P0 CHANNEL A/DIMM 1),DDR5 DIMM [#1]: A-DATA Technology AX5U6000C3016G-BLARWH (P0 CHANNEL A/DIMM 1),DDR5 DIMM [#1]: A-DATA Technology AX5U6000C3016G-BLARWH (P0 CHANNEL A/DIMM 1),DDR5 DIMM [#3]: A-DATA Technology AX5U6000C3016G-BLARWH (P0 CHANNEL B/DIMM 1),DDR5 DIMM [#3]: A-DATA Technology AX5U6000C3016G-BLARWH (P0 CHANNEL B/DIMM 1),DDR5 DIMM [#3]: A-DATA Technology AX5U6000C3016G-BLARWH (P0 CHANNEL B/DIMM 1),DDR5 DIMM [#3]: A-DATA Technology AX5U6000C3016G-BLARWH (P0 CHANNEL B/DIMM 1),DDR5 DIMM [#3]: A-DATA Technology AX5U6000C3016G-BLARWH (P0 CHANNEL B/DIMM 1),DDR5 DIMM [#3]: A-DATA Technology AX5U6000C3016G-BLARWH (P0 CHANNEL B/DIMM 1),DDR5 DIMM [#3]: A-DATA Technology AX5U6000C3016G-BLARWH (P0 CHANNEL B/DIMM 1),DDR5 DIMM [#3]: A-DATA Technology AX5U6000C3016G-BLARWH (P0 CHANNEL B/DIMM 1),DDR5 DIMM [#3]: A-DATA Technology AX5U6000C3016G-BLARWH (P0 CHANNEL B/DIMM 1),DDR5 DIMM [#3]: A-DATA Technology AX5U6000C3016G-BLARWH (P0 CHANNEL B/DIMM 1),DDR5 DIMM [#3]: A-DATA Technology AX5U6000C3016G-BLARWH (P0 CHANNEL B/DIMM 1),S.M.A.R.T.: KINGSTON SKC3000D2048G (50026B7282B4EF5F) [C:],S.M.A.R.T.: KINGSTON SKC3000D2048G (50026B7282B4EF5F) [C:],S.M.A.R.T.: KINGSTON SKC3000D2048G (50026B7282B4EF5F) [C:],S.M.A.R.T.: KINGSTON SKC3000D2048G (50026B7282B4EF5F) [C:],S.M.A.R.T.: KINGSTON SKC3000D2048G (50026B7282B4EF5F) [C:],S.M.A.R.T.: KINGSTON SKC3000D2048G (50026B7282B4EF5F) [C:],S.M.A.R.T.: KINGSTON SKC3000D2048G (50026B7282B4EF5F) [C:],S.M.A.R.T.: KINGSTON SKC3000D2048G (50026B7282B4EF5F) [C:],Drive: KINGSTON SKC3000D2048G (50026B7282B4EF5F) [C:],Drive: KINGSTON SKC3000D2048G (50026B7282B4EF5F) [C:],Drive: KINGSTON SKC3000D2048G (50026B7282B4EF5F) [C:],Drive: KINGSTON SKC3000D2048G (50026B7282B4EF5F) [C:],Drive: KINGSTON SKC3000D2048G (50026B7282B4EF5F) [C:],Drive: KINGSTON SKC3000D2048G (50026B7282B4EF5F) [C:],Drive: KINGSTON SKC3000D2048G (50026B7282B4EF5F) [C:],GPU [#0]: AMD,GPU [#0]: AMD,GPU [#0]: AMD,GPU [#0]: AMD,GPU [#0]: AMD,GPU [#0]: AMD,GPU [#0]: AMD,GPU [#0]: AMD,GPU [#0]: AMD,GPU [#0]: AMD,GPU [#0]: AMD,GPU [#0]: AMD,GPU [#0]: AMD,GPU [#0]: AMD,GPU [#0]: AMD,GPU [#0]: AMD,GPU [#0]: AMD,GPU [#0]: AMD,GPU [#1]: AMD Radeon,GPU [#1]: AMD Radeon,GPU [#1]: AMD Radeon,GPU [#1]: AMD Radeon,GPU [#1]: AMD Radeon,GPU [#1]: AMD Radeon,GPU [#1]: AMD Radeon,GPU [#1]: AMD Radeon,GPU [#1]: AMD Radeon,GPU [#1]: AMD Radeon,GPU [#1]: AMD Radeon,GPU [#1]: AMD Radeon,GPU [#1]: AMD Radeon,GPU [#1]: AMD Radeon,GPU [#1]: AMD Radeon,GPU [#1]: AMD Radeon,GPU [#1]: AMD Radeon,GPU [#1]: AMD Radeon,GPU [#1]: AMD Radeon,GPU [#1]: AMD Radeon,GPU [#1]: AMD Radeon,GPU [#1]: AMD Radeon,GPU [#1]: AMD Radeon,GPU [#1]: AMD Radeon,PresentMon [cod24-cod.exe],PresentMon [cod24-cod.exe],PresentMon [cod24-cod.exe],PresentMon [cod24-cod.exe],PresentMon [cod24-cod.exe],PresentMon [cod24-cod.exe],PresentMon [cod24-cod.exe],Síť: MediaTek MT7927 Wi-Fi 7 Wireless LAN Card - Wi-Fi 3,Síť: MediaTek MT7927 Wi-Fi 7 Wireless LAN Card - Wi-Fi 3,Síť: MediaTek MT7927 Wi-Fi 7 Wireless LAN Card - Wi-Fi 3,Síť: MediaTek MT7927 Wi-Fi 7 Wireless LAN Card - Wi-Fi 3,Síť: MediaTek MT7927 Wi-Fi 7 Wireless LAN Card - Wi-Fi 2,Síť: MediaTek MT7927 Wi-Fi 7 Wireless LAN Card - Wi-Fi 2,Síť: MediaTek MT7927 Wi-Fi 7 Wireless LAN Card - Wi-Fi 2,Síť: MediaTek MT7927 Wi-Fi 7 Wireless LAN Card - Wi-Fi 2,Síť: MediaTek MT7927 Wi-Fi 7 Wireless LAN Card - Wi-Fi,Síť: MediaTek MT7927 Wi-Fi 7 Wireless LAN Card - Wi-Fi,Síť: MediaTek MT7927 Wi-Fi 7 Wireless LAN Card - Wi-Fi,Síť: MediaTek MT7927 Wi-Fi 7 Wireless LAN Card - Wi-Fi,Síť: RealTek Semiconductor RTL8126 PCIe Ethernet Controller - Ethernet,Síť: RealTek Semiconductor RTL8126 PCIe Ethernet Controller - Ethernet,Síť: RealTek Semiconductor RTL8126 PCIe Ethernet Controller - Ethernet,Síť: RealTek Semiconductor RTL8126 PCIe Ethernet Controller - Ethernet,Windows Hardware Errors (WHEA),GPU [#1]: AMD Radeon,
